{"level":30,"time":1786686158661,"service":"SaaS App Backend","environment":"development","msg":"Server listening at http://127.0.0.1:4000"}
[32m[Nest] 31520  - [39m08/14/2026, 11:12:38 AM [32m    LOG[39m [38;5;3m[NestFactory] [39m[32mStarting Nest application...[39m
[32m[Nest] 31520  - [39m08/14/2026, 11:12:38 AM [32m    LOG[39m [38;5;3m[InstanceLoader] [39m[32mAppConfigModule dependencies initialized[39m[38;5;3m +3ms[39m
[32m[Nest] 31520  - [39m08/14/2026, 11:12:38 AM [32m    LOG[39m [38;5;3m[InstanceLoader] [39m[32mAppConfigModule dependencies initialized[39m[38;5;3m +1ms[39m
[32m[Nest] 31520  - [39m08/14/2026, 11:12:38 AM [32m    LOG[39m [38;5;3m[InstanceLoader] [39m[32mCommonModule dependencies initialized[39m[38;5;3m +2ms[39m
[32m[Nest] 31520  - [39m08/14/2026, 11:12:38 AM [32m    LOG[39m [38;5;3m[InstanceLoader] [39m[32mAppModule dependencies initialized[39m[38;5;3m +0ms[39m
[32m[Nest] 31520  - [39m08/14/2026, 11:12:38 AM [32m    LOG[39m [38;5;3m[InstanceLoader] [39m[32mDatabaseModule dependencies initialized[39m[38;5;3m +0ms[39m
[32m[Nest] 31520  - [39m08/14/2026, 11:12:38 AM [32m    LOG[39m [38;5;3m[InstanceLoader] [39m[32mHealthModule dependencies initialized[39m[38;5;3m +0ms[39m
[32m[Nest] 31520  - [39m08/14/2026, 11:12:38 AM [32m    LOG[39m [38;5;3m[InstanceLoader] [39m[32mAuthModule dependencies initialized[39m[38;5;3m +0ms[39m
[32m[Nest] 31520  - [39m08/14/2026, 11:12:38 AM [32m    LOG[39m [38;5;3m[InstanceLoader] [39m[32mPlatformModule dependencies initialized[39m[38;5;3m +1ms[39m
[32m[Nest] 31520  - [39m08/14/2026, 11:12:38 AM [32m    LOG[39m [38;5;3m[RoutesResolver] [39m[32mHealthController {/api/v1/health}:[39m[38;5;3m +0ms[39m
[32m[Nest] 31520  - [39m08/14/2026, 11:12:38 AM [32m    LOG[39m [38;5;3m[RouterExplorer] [39m[32mMapped {/api/v1/health/live, GET} route[39m[38;5;3m +0ms[39m
[32m[Nest] 31520  - [39m08/14/2026, 11:12:38 AM [32m    LOG[39m [38;5;3m[RouterExplorer] [39m[32mMapped {/api/v1/health/ready, GET} route[39m[38;5;3m +0ms[39m
[32m[Nest] 31520  - [39m08/14/2026, 11:12:38 AM [32m    LOG[39m [38;5;3m[RoutesResolver] [39m[32mMeController {/api/v1/me}:[39m[38;5;3m +0ms[39m
[32m[Nest] 31520  - [39m08/14/2026, 11:12:38 AM [32m    LOG[39m [38;5;3m[RouterExplorer] [39m[32mMapped {/api/v1/me, GET} route[39m[38;5;3m +0ms[39m
[32m[Nest] 31520  - [39m08/14/2026, 11:12:38 AM [32m    LOG[39m [38;5;3m[RouterExplorer] [39m[32mMapped {/api/v1/me/profile, PATCH} route[39m[38;5;3m +0ms[39m
[32m[Nest] 31520  - [39m08/14/2026, 11:12:38 AM [32m    LOG[39m [38;5;3m[RouterExplorer] [39m[32mMapped {/api/v1/me/preferences, PATCH} route[39m[38;5;3m +1ms[39m
[32m[Nest] 31520  - [39m08/14/2026, 11:12:38 AM [32m    LOG[39m [38;5;3m[RoutesResolver] [39m[32mAccessAdminController {/api/v1}:[39m[38;5;3m +0ms[39m
[32m[Nest] 31520  - [39m08/14/2026, 11:12:38 AM [32m    LOG[39m [38;5;3m[RouterExplorer] [39m[32mMapped {/api/v1/super-admin/tenant-creation-options, GET} route[39m[38;5;3m +0ms[39m
[32m[Nest] 31520  - [39m08/14/2026, 11:12:38 AM [32m    LOG[39m [38;5;3m[RouterExplorer] [39m[32mMapped {/api/v1/super-admin/tenants, GET} route[39m[38;5;3m +0ms[39m
[32m[Nest] 31520  - [39m08/14/2026, 11:12:38 AM [32m    LOG[39m [38;5;3m[RouterExplorer] [39m[32mMapped {/api/v1/super-admin/users/email-availability, GET} route[39m[38;5;3m +0ms[39m
[32m[Nest] 31520  - [39m08/14/2026, 11:12:38 AM [32m    LOG[39m [38;5;3m[RouterExplorer] [39m[32mMapped {/api/v1/super-admin/tenant-list-filters, GET} route[39m[38;5;3m +0ms[39m
[32m[Nest] 31520  - [39m08/14/2026, 11:12:38 AM [32m    LOG[39m [38;5;3m[RouterExplorer] [39m[32mMapped {/api/v1/super-admin/tenants/:tenantId, GET} route[39m[38;5;3m +0ms[39m
[32m[Nest] 31520  - [39m08/14/2026, 11:12:38 AM [32m    LOG[39m [38;5;3m[RouterExplorer] [39m[32mMapped {/api/v1/super-admin/tenants/:tenantId/status, PATCH} route[39m[38;5;3m +0ms[39m
[32m[Nest] 31520  - [39m08/14/2026, 11:12:38 AM [32m    LOG[39m [38;5;3m[RouterExplorer] [39m[32mMapped {/api/v1/super-admin/tenants/:tenantId/password, POST} route[39m[38;5;3m +0ms[39m
[32m[Nest] 31520  - [39m08/14/2026, 11:12:38 AM [32m    LOG[39m [38;5;3m[RouterExplorer] [39m[32mMapped {/api/v1/super-admin/tenants, POST} route[39m[38;5;3m +1ms[39m
[32m[Nest] 31520  - [39m08/14/2026, 11:12:38 AM [32m    LOG[39m [38;5;3m[RouterExplorer] [39m[32mMapped {/api/v1/invitations, POST} route[39m[38;5;3m +0ms[39m
[32m[Nest] 31520  - [39m08/14/2026, 11:12:38 AM [32m    LOG[39m [38;5;3m[RouterExplorer] [39m[32mMapped {/api/v1/invitations/:invitationId/cancel, POST} route[39m[38;5;3m +0ms[39m
[32m[Nest] 31520  - [39m08/14/2026, 11:12:38 AM [32m    LOG[39m [38;5;3m[RouterExplorer] [39m[32mMapped {/api/v1/invitations/:invitationId/revoke, POST} route[39m[38;5;3m +0ms[39m
[32m[Nest] 31520  - [39m08/14/2026, 11:12:38 AM [32m    LOG[39m [38;5;3m[RouterExplorer] [39m[32mMapped {/api/v1/invitations/:invitationId/accept, POST} route[39m[38;5;3m +0ms[39m
[32m[Nest] 31520  - [39m08/14/2026, 11:12:38 AM [32m    LOG[39m [38;5;3m[RouterExplorer] [39m[32mMapped {/api/v1/memberships/:membershipId/revoke, POST} route[39m[38;5;3m +0ms[39m
[32m[Nest] 31520  - [39m08/14/2026, 11:12:38 AM [32m    LOG[39m [38;5;3m[RouterExplorer] [39m[32mMapped {/api/v1/memberships/:membershipId/reactivate, POST} route[39m[38;5;3m +0ms[39m
[32m[Nest] 31520  - [39m08/14/2026, 11:12:38 AM [32m    LOG[39m [38;5;3m[RoutesResolver] [39m[32mPortalAuthController {/api/v1/auth}:[39m[38;5;3m +0ms[39m
[32m[Nest] 31520  - [39m08/14/2026, 11:12:38 AM [32m    LOG[39m [38;5;3m[RouterExplorer] [39m[32mMapped {/api/v1/auth/super-admin/login, POST} route[39m[38;5;3m +1ms[39m
[32m[Nest] 31520  - [39m08/14/2026, 11:12:38 AM [32m    LOG[39m [38;5;3m[RouterExplorer] [39m[32mMapped {/api/v1/auth/tenant/login, POST} route[39m[38;5;3m +0ms[39m
[32m[Nest] 31520  - [39m08/14/2026, 11:12:38 AM [32m    LOG[39m [38;5;3m[RouterExplorer] [39m[32mMapped {/api/v1/auth/employee/login, POST} route[39m[38;5;3m +0ms[39m
[32m[Nest] 31520  - [39m08/14/2026, 11:12:38 AM [32m    LOG[39m [38;5;3m[RouterExplorer] [39m[32mMapped {/api/v1/auth/client/login, POST} route[39m[38;5;3m +1ms[39m
[32m[Nest] 31520  - [39m08/14/2026, 11:12:38 AM [32m    LOG[39m [38;5;3m[RouterExplorer] [39m[32mMapped {/api/v1/auth/super-admin/session, GET} route[39m[38;5;3m +0ms[39m
[32m[Nest] 31520  - [39m08/14/2026, 11:12:38 AM [32m    LOG[39m [38;5;3m[RouterExplorer] [39m[32mMapped {/api/v1/auth/tenant/session, GET} route[39m[38;5;3m +0ms[39m
[32m[Nest] 31520  - [39m08/14/2026, 11:12:38 AM [32m    LOG[39m [38;5;3m[RouterExplorer] [39m[32mMapped {/api/v1/auth/employee/session, GET} route[39m[38;5;3m +1ms[39m
[32m[Nest] 31520  - [39m08/14/2026, 11:12:38 AM [32m    LOG[39m [38;5;3m[RouterExplorer] [39m[32mMapped {/api/v1/auth/client/session, GET} route[39m[38;5;3m +0ms[39m
[32m[Nest] 31520  - [39m08/14/2026, 11:12:38 AM [32m    LOG[39m [38;5;3m[RouterExplorer] [39m[32mMapped {/api/v1/auth/super-admin/logout, POST} route[39m[38;5;3m +0ms[39m
[32m[Nest] 31520  - [39m08/14/2026, 11:12:38 AM [32m    LOG[39m [38;5;3m[RouterExplorer] [39m[32mMapped {/api/v1/auth/tenant/logout, POST} route[39m[38;5;3m +0ms[39m
[32m[Nest] 31520  - [39m08/14/2026, 11:12:38 AM [32m    LOG[39m [38;5;3m[RouterExplorer] [39m[32mMapped {/api/v1/auth/employee/logout, POST} route[39m[38;5;3m +0ms[39m
[32m[Nest] 31520  - [39m08/14/2026, 11:12:38 AM [32m    LOG[39m [38;5;3m[RouterExplorer] [39m[32mMapped {/api/v1/auth/client/logout, POST} route[39m[38;5;3m +0ms[39m
[32m[Nest] 31520  - [39m08/14/2026, 11:12:38 AM [32m    LOG[39m [38;5;3m[RoutesResolver] [39m[32mSuperAdminAuditLogController {/api/v1/super-admin/audit-log}:[39m[38;5;3m +0ms[39m
[32m[Nest] 31520  - [39m08/14/2026, 11:12:38 AM [32m    LOG[39m [38;5;3m[RouterExplorer] [39m[32mMapped {/api/v1/super-admin/audit-log, GET} route[39m[38;5;3m +0ms[39m
[32m[Nest] 31520  - [39m08/14/2026, 11:12:38 AM [32m    LOG[39m [38;5;3m[RoutesResolver] [39m[32mSuperAdminDashboardController {/api/v1/super-admin}:[39m[38;5;3m +0ms[39m
[32m[Nest] 31520  - [39m08/14/2026, 11:12:38 AM [32m    LOG[39m [38;5;3m[RouterExplorer] [39m[32mMapped {/api/v1/super-admin/dashboard, GET} route[39m[38;5;3m +0ms[39m
[32m[Nest] 31520  - [39m08/14/2026, 11:12:38 AM [32m    LOG[39m [38;5;3m[RouterExplorer] [39m[32mMapped {/api/v1/super-admin/alerts/:alertId/view, PATCH} route[39m[38;5;3m +0ms[39m
[32m[Nest] 31520  - [39m08/14/2026, 11:12:38 AM [32m    LOG[39m [38;5;3m[RouterExplorer] [39m[32mMapped {/api/v1/super-admin/alerts/:alertId/reviews, POST} route[39m[38;5;3m +1ms[39m
[32m[Nest] 31520  - [39m08/14/2026, 11:12:38 AM [32m    LOG[39m [38;5;3m[RouterExplorer] [39m[32mMapped {/api/v1/super-admin/tenant-reviews/:reviewId, PATCH} route[39m[38;5;3m +0ms[39m
[32m[Nest] 31520  - [39m08/14/2026, 11:12:38 AM [32m    LOG[39m [38;5;3m[RoutesResolver] [39m[32mSuperAdminSearchController {/api/v1/super-admin}:[39m[38;5;3m +0ms[39m
[32m[Nest] 31520  - [39m08/14/2026, 11:12:38 AM [32m    LOG[39m [38;5;3m[RouterExplorer] [39m[32mMapped {/api/v1/super-admin/search, GET} route[39m[38;5;3m +0ms[39m
[32m[Nest] 31520  - [39m08/14/2026, 11:12:38 AM [32m    LOG[39m [38;5;3m[RoutesResolver] [39m[32mSuperAdminNotificationsController {/api/v1/super-admin/notifications}:[39m[38;5;3m +0ms[39m
[32m[Nest] 31520  - [39m08/14/2026, 11:12:38 AM [32m    LOG[39m [38;5;3m[RouterExplorer] [39m[32mMapped {/api/v1/super-admin/notifications, GET} route[39m[38;5;3m +0ms[39m
[32m[Nest] 31520  - [39m08/14/2026, 11:12:38 AM [32m    LOG[39m [38;5;3m[RouterExplorer] [39m[32mMapped {/api/v1/super-admin/notifications/unread-count, GET} route[39m[38;5;3m +0ms[39m
[32m[Nest] 31520  - [39m08/14/2026, 11:12:38 AM [32m    LOG[39m [38;5;3m[RouterExplorer] [39m[32mMapped {/api/v1/super-admin/notifications/:notificationId/read, PATCH} route[39m[38;5;3m +0ms[39m
[32m[Nest] 31520  - [39m08/14/2026, 11:12:38 AM [32m    LOG[39m [38;5;3m[RouterExplorer] [39m[32mMapped {/api/v1/super-admin/notifications/read-all, PATCH} route[39m[38;5;3m +0ms[39m
[32m[Nest] 31520  - [39m08/14/2026, 11:12:38 AM [32m    LOG[39m [38;5;3m[RoutesResolver] [39m[32mSuperAdminPlatformConfigurationController {/api/v1/super-admin/platform-configuration}:[39m[38;5;3m +0ms[39m
[32m[Nest] 31520  - [39m08/14/2026, 11:12:38 AM [32m    LOG[39m [38;5;3m[RouterExplorer] [39m[32mMapped {/api/v1/super-admin/platform-configuration, GET} route[39m[38;5;3m +0ms[39m
[32m[Nest] 31520  - [39m08/14/2026, 11:12:38 AM [32m    LOG[39m [38;5;3m[RouterExplorer] [39m[32mMapped {/api/v1/super-admin/platform-configuration, PATCH} route[39m[38;5;3m +0ms[39m
[32m[Nest] 31520  - [39m08/14/2026, 11:12:38 AM [32m    LOG[39m [38;5;3m[RoutesResolver] [39m[32mClientPortalDashboardController {/api/v1/client-portal/dashboard}:[39m[38;5;3m +1ms[39m
[32m[Nest] 31520  - [39m08/14/2026, 11:12:38 AM [32m    LOG[39m [38;5;3m[RouterExplorer] [39m[32mMapped {/api/v1/client-portal/dashboard, GET} route[39m[38;5;3m +0ms[39m
[32m[Nest] 31520  - [39m08/14/2026, 11:12:38 AM [32m    LOG[39m [38;5;3m[RoutesResolver] [39m[32mClientPortalDeliverablesController {/api/v1/client-portal/deliverables}:[39m[38;5;3m +0ms[39m
[32m[Nest] 31520  - [39m08/14/2026, 11:12:38 AM [32m    LOG[39m [38;5;3m[RouterExplorer] [39m[32mMapped {/api/v1/client-portal/deliverables, GET} route[39m[38;5;3m +1ms[39m
[32m[Nest] 31520  - [39m08/14/2026, 11:12:38 AM [32m    LOG[39m [38;5;3m[RouterExplorer] [39m[32mMapped {/api/v1/client-portal/deliverables/:documentId/decision, POST} route[39m[38;5;3m +0ms[39m
[32m[Nest] 31520  - [39m08/14/2026, 11:12:38 AM [32m    LOG[39m [38;5;3m[RouterExplorer] [39m[32mMapped {/api/v1/client-portal/deliverables/:documentId/download, GET} route[39m[38;5;3m +0ms[39m
[32m[Nest] 31520  - [39m08/14/2026, 11:12:38 AM [32m    LOG[39m [38;5;3m[RoutesResolver] [39m[32mClientPortalNotificationsController {/api/v1/client-portal/notifications}:[39m[38;5;3m +0ms[39m
[32m[Nest] 31520  - [39m08/14/2026, 11:12:38 AM [32m    LOG[39m [38;5;3m[RouterExplorer] [39m[32mMapped {/api/v1/client-portal/notifications, GET} route[39m[38;5;3m +0ms[39m
[32m[Nest] 31520  - [39m08/14/2026, 11:12:38 AM [32m    LOG[39m [38;5;3m[RoutesResolver] [39m[32mClientPortalProfileController {/api/v1/client-portal/profile}:[39m[38;5;3m +1ms[39m
[32m[Nest] 31520  - [39m08/14/2026, 11:12:38 AM [32m    LOG[39m [38;5;3m[RouterExplorer] [39m[32mMapped {/api/v1/client-portal/profile, GET} route[39m[38;5;3m +0ms[39m
[32m[Nest] 31520  - [39m08/14/2026, 11:12:38 AM [32m    LOG[39m [38;5;3m[RouterExplorer] [39m[32mMapped {/api/v1/client-portal/profile, PATCH} route[39m[38;5;3m +0ms[39m
[32m[Nest] 31520  - [39m08/14/2026, 11:12:38 AM [32m    LOG[39m [38;5;3m[RoutesResolver] [39m[32mClientPortalRequestsController {/api/v1/client-portal/requests}:[39m[38;5;3m +0ms[39m
[32m[Nest] 31520  - [39m08/14/2026, 11:12:38 AM [32m    LOG[39m [38;5;3m[RouterExplorer] [39m[32mMapped {/api/v1/client-portal/requests/options, GET} route[39m[38;5;3m +0ms[39m
[32m[Nest] 31520  - [39m08/14/2026, 11:12:38 AM [32m    LOG[39m [38;5;3m[RouterExplorer] [39m[32mMapped {/api/v1/client-portal/requests, POST} route[39m[38;5;3m +0ms[39m
[32m[Nest] 31520  - [39m08/14/2026, 11:12:38 AM [32m    LOG[39m [38;5;3m[RoutesResolver] [39m[32mEmployeeDashboardController {/api/v1/employee/dashboard}:[39m[38;5;3m +0ms[39m
[32m[Nest] 31520  - [39m08/14/2026, 11:12:38 AM [32m    LOG[39m [38;5;3m[RouterExplorer] [39m[32mMapped {/api/v1/employee/dashboard, GET} route[39m[38;5;3m +1ms[39m
[32m[Nest] 31520  - [39m08/14/2026, 11:12:38 AM [32m    LOG[39m [38;5;3m[RoutesResolver] [39m[32mEmployeeDocumentsController {/api/v1/employee/documents}:[39m[38;5;3m +0ms[39m
[32m[Nest] 31520  - [39m08/14/2026, 11:12:38 AM [32m    LOG[39m [38;5;3m[RouterExplorer] [39m[32mMapped {/api/v1/employee/documents/options, GET} route[39m[38;5;3m +0ms[39m
[32m[Nest] 31520  - [39m08/14/2026, 11:12:38 AM [32m    LOG[39m [38;5;3m[RouterExplorer] [39m[32mMapped {/api/v1/employee/documents, GET} route[39m[38;5;3m +0ms[39m
[32m[Nest] 31520  - [39m08/14/2026, 11:12:38 AM [32m    LOG[39m [38;5;3m[RouterExplorer] [39m[32mMapped {/api/v1/employee/documents, POST} route[39m[38;5;3m +0ms[39m
[32m[Nest] 31520  - [39m08/14/2026, 11:12:38 AM [32m    LOG[39m [38;5;3m[RouterExplorer] [39m[32mMapped {/api/v1/employee/documents/upload-url, POST} route[39m[38;5;3m +0ms[39m
[32m[Nest] 31520  - [39m08/14/2026, 11:12:38 AM [32m    LOG[39m [38;5;3m[RouterExplorer] [39m[32mMapped {/api/v1/employee/documents/:documentId/download, GET} route[39m[38;5;3m +0ms[39m
[32m[Nest] 31520  - [39m08/14/2026, 11:12:38 AM [32m    LOG[39m [38;5;3m[RoutesResolver] [39m[32mEmployeeManagerController {/api/v1/employee/manager}:[39m[38;5;3m +0ms[39m
[32m[Nest] 31520  - [39m08/14/2026, 11:12:38 AM [32m    LOG[39m [38;5;3m[RouterExplorer] [39m[32mMapped {/api/v1/employee/manager/clients, GET} route[39m[38;5;3m +0ms[39m
[32m[Nest] 31520  - [39m08/14/2026, 11:12:38 AM [32m    LOG[39m [38;5;3m[RouterExplorer] [39m[32mMapped {/api/v1/employee/manager/task-options, GET} route[39m[38;5;3m +0ms[39m
[32m[Nest] 31520  - [39m08/14/2026, 11:12:38 AM [32m    LOG[39m [38;5;3m[RouterExplorer] [39m[32mMapped {/api/v1/employee/manager/reviews, GET} route[39m[38;5;3m +0ms[39m
[32m[Nest] 31520  - [39m08/14/2026, 11:12:38 AM [32m    LOG[39m [38;5;3m[RouterExplorer] [39m[32mMapped {/api/v1/employee/manager/tasks, POST} route[39m[38;5;3m +0ms[39m
[32m[Nest] 31520  - [39m08/14/2026, 11:12:38 AM [32m    LOG[39m [38;5;3m[RouterExplorer] [39m[32mMapped {/api/v1/employee/manager/reviews/:taskId, POST} route[39m[38;5;3m +0ms[39m
[32m[Nest] 31520  - [39m08/14/2026, 11:12:38 AM [32m    LOG[39m [38;5;3m[RoutesResolver] [39m[32mEmployeeNotificationsController {/api/v1/employee/notifications}:[39m[38;5;3m +0ms[39m
[32m[Nest] 31520  - [39m08/14/2026, 11:12:38 AM [32m    LOG[39m [38;5;3m[RouterExplorer] [39m[32mMapped {/api/v1/employee/notifications, GET} route[39m[38;5;3m +0ms[39m
[32m[Nest] 31520  - [39m08/14/2026, 11:12:38 AM [32m    LOG[39m [38;5;3m[RouterExplorer] [39m[32mMapped {/api/v1/employee/notifications/unread-count, GET} route[39m[38;5;3m +0ms[39m
[32m[Nest] 31520  - [39m08/14/2026, 11:12:38 AM [32m    LOG[39m [38;5;3m[RouterExplorer] [39m[32mMapped {/api/v1/employee/notifications/:notificationId/read, PATCH} route[39m[38;5;3m +0ms[39m
[32m[Nest] 31520  - [39m08/14/2026, 11:12:38 AM [32m    LOG[39m [38;5;3m[RouterExplorer] [39m[32mMapped {/api/v1/employee/notifications/read-all, PATCH} route[39m[38;5;3m +0ms[39m
[32m[Nest] 31520  - [39m08/14/2026, 11:12:38 AM [32m    LOG[39m [38;5;3m[RoutesResolver] [39m[32mEmployeeProfileController {/api/v1/employee/profile}:[39m[38;5;3m +0ms[39m
[32m[Nest] 31520  - [39m08/14/2026, 11:12:38 AM [32m    LOG[39m [38;5;3m[RouterExplorer] [39m[32mMapped {/api/v1/employee/profile, GET} route[39m[38;5;3m +0ms[39m
[32m[Nest] 31520  - [39m08/14/2026, 11:12:38 AM [32m    LOG[39m [38;5;3m[RoutesResolver] [39m[32mEmployeeTasksController {/api/v1/employee}:[39m[38;5;3m +0ms[39m
[32m[Nest] 31520  - [39m08/14/2026, 11:12:38 AM [32m    LOG[39m [38;5;3m[RouterExplorer] [39m[32mMapped {/api/v1/employee/tasks, GET} route[39m[38;5;3m +0ms[39m
[32m[Nest] 31520  - [39m08/14/2026, 11:12:38 AM [32m    LOG[39m [38;5;3m[RouterExplorer] [39m[32mMapped {/api/v1/employee/work-logs, GET} route[39m[38;5;3m +0ms[39m
[32m[Nest] 31520  - [39m08/14/2026, 11:12:38 AM [32m    LOG[39m [38;5;3m[RouterExplorer] [39m[32mMapped {/api/v1/employee/tasks/:taskId/start, POST} route[39m[38;5;3m +0ms[39m
[32m[Nest] 31520  - [39m08/14/2026, 11:12:38 AM [32m    LOG[39m [38;5;3m[RouterExplorer] [39m[32mMapped {/api/v1/employee/tasks/:taskId/pause, POST} route[39m[38;5;3m +1ms[39m
[32m[Nest] 31520  - [39m08/14/2026, 11:12:38 AM [32m    LOG[39m [38;5;3m[RouterExplorer] [39m[32mMapped {/api/v1/employee/tasks/:taskId/resume, POST} route[39m[38;5;3m +0ms[39m
[32m[Nest] 31520  - [39m08/14/2026, 11:12:38 AM [32m    LOG[39m [38;5;3m[RouterExplorer] [39m[32mMapped {/api/v1/employee/tasks/:taskId/submit, POST} route[39m[38;5;3m +0ms[39m
[32m[Nest] 31520  - [39m08/14/2026, 11:12:38 AM [32m    LOG[39m [38;5;3m[RoutesResolver] [39m[32mTenantAdminDashboardController {/api/v1/tenant-admin/dashboard}:[39m[38;5;3m +0ms[39m
[32m[Nest] 31520  - [39m08/14/2026, 11:12:38 AM [32m    LOG[39m [38;5;3m[RouterExplorer] [39m[32mMapped {/api/v1/tenant-admin/dashboard, GET} route[39m[38;5;3m +0ms[39m
[32m[Nest] 31520  - [39m08/14/2026, 11:12:38 AM [32m    LOG[39m [38;5;3m[RouterExplorer] [39m[32mMapped {/api/v1/tenant-admin/dashboard/profile, GET} route[39m[38;5;3m +0ms[39m
[32m[Nest] 31520  - [39m08/14/2026, 11:12:38 AM [32m    LOG[39m [38;5;3m[RouterExplorer] [39m[32mMapped {/api/v1/tenant-admin/dashboard/profile, PATCH} route[39m[38;5;3m +0ms[39m
[32m[Nest] 31520  - [39m08/14/2026, 11:12:38 AM [32m    LOG[39m [38;5;3m[RoutesResolver] [39m[32mTenantAdminClientsController {/api/v1/tenant-admin/clients}:[39m[38;5;3m +0ms[39m
[32m[Nest] 31520  - [39m08/14/2026, 11:12:38 AM [32m    LOG[39m [38;5;3m[RouterExplorer] [39m[32mMapped {/api/v1/tenant-admin/clients, GET} route[39m[38;5;3m +0ms[39m
[32m[Nest] 31520  - [39m08/14/2026, 11:12:38 AM [32m    LOG[39m [38;5;3m[RouterExplorer] [39m[32mMapped {/api/v1/tenant-admin/clients, POST} route[39m[38;5;3m +0ms[39m
[32m[Nest] 31520  - [39m08/14/2026, 11:12:38 AM [32m    LOG[39m [38;5;3m[RouterExplorer] [39m[32mMapped {/api/v1/tenant-admin/clients/:clientRef, GET} route[39m[38;5;3m +1ms[39m
[32m[Nest] 31520  - [39m08/14/2026, 11:12:38 AM [32m    LOG[39m [38;5;3m[RouterExplorer] [39m[32mMapped {/api/v1/tenant-admin/clients/:clientRef, DELETE} route[39m[38;5;3m +0ms[39m
[32m[Nest] 31520  - [39m08/14/2026, 11:12:38 AM [32m    LOG[39m [38;5;3m[RouterExplorer] [39m[32mMapped {/api/v1/tenant-admin/clients/:clientRef/contacts, POST} route[39m[38;5;3m +0ms[39m
[32m[Nest] 31520  - [39m08/14/2026, 11:12:38 AM [32m    LOG[39m [38;5;3m[RouterExplorer] [39m[32mMapped {/api/v1/tenant-admin/clients/:clientRef/contacts/:contactId, PATCH} route[39m[38;5;3m +0ms[39m
[32m[Nest] 31520  - [39m08/14/2026, 11:12:38 AM [32m    LOG[39m [38;5;3m[RoutesResolver] [39m[32mTenantAdminEmployeePerformanceController {/api/v1/tenant-admin/employee-performance}:[39m[38;5;3m +0ms[39m
[32m[Nest] 31520  - [39m08/14/2026, 11:12:38 AM [32m    LOG[39m [38;5;3m[RouterExplorer] [39m[32mMapped {/api/v1/tenant-admin/employee-performance, GET} route[39m[38;5;3m +0ms[39m
[32m[Nest] 31520  - [39m08/14/2026, 11:12:38 AM [32m    LOG[39m [38;5;3m[RouterExplorer] [39m[32mMapped {/api/v1/tenant-admin/employee-performance/:employeeId, GET} route[39m[38;5;3m +0ms[39m
[32m[Nest] 31520  - [39m08/14/2026, 11:12:38 AM [32m    LOG[39m [38;5;3m[RoutesResolver] [39m[32mTenantAdminFinanceController {/api/v1/tenant-admin/finance}:[39m[38;5;3m +0ms[39m
[32m[Nest] 31520  - [39m08/14/2026, 11:12:38 AM [32m    LOG[39m [38;5;3m[RouterExplorer] [39m[32mMapped {/api/v1/tenant-admin/finance/documents, GET} route[39m[38;5;3m +0ms[39m
[32m[Nest] 31520  - [39m08/14/2026, 11:12:38 AM [32m    LOG[39m [38;5;3m[RouterExplorer] [39m[32mMapped {/api/v1/tenant-admin/finance/documents, POST} route[39m[38;5;3m +0ms[39m
[32m[Nest] 31520  - [39m08/14/2026, 11:12:38 AM [32m    LOG[39m [38;5;3m[RouterExplorer] [39m[32mMapped {/api/v1/tenant-admin/finance/documents/upload-url, POST} route[39m[38;5;3m +0ms[39m
[32m[Nest] 31520  - [39m08/14/2026, 11:12:38 AM [32m    LOG[39m [38;5;3m[RouterExplorer] [39m[32mMapped {/api/v1/tenant-admin/finance/documents/:documentId/download, GET} route[39m[38;5;3m +0ms[39m
[32m[Nest] 31520  - [39m08/14/2026, 11:12:38 AM [32m    LOG[39m [38;5;3m[RouterExplorer] [39m[32mMapped {/api/v1/tenant-admin/finance/invoices, GET} route[39m[38;5;3m +0ms[39m
[32m[Nest] 31520  - [39m08/14/2026, 11:12:38 AM [32m    LOG[39m [38;5;3m[RouterExplorer] [39m[32mMapped {/api/v1/tenant-admin/finance/invoices, POST} route[39m[38;5;3m +1ms[39m
[32m[Nest] 31520  - [39m08/14/2026, 11:12:38 AM [32m    LOG[39m [38;5;3m[RouterExplorer] [39m[32mMapped {/api/v1/tenant-admin/finance/billable-tasks, GET} route[39m[38;5;3m +0ms[39m
[32m[Nest] 31520  - [39m08/14/2026, 11:12:38 AM [32m    LOG[39m [38;5;3m[RouterExplorer] [39m[32mMapped {/api/v1/tenant-admin/finance/invoices/from-task, POST} route[39m[38;5;3m +0ms[39m
[32m[Nest] 31520  - [39m08/14/2026, 11:12:38 AM [32m    LOG[39m [38;5;3m[RouterExplorer] [39m[32mMapped {/api/v1/tenant-admin/finance/invoices/:invoiceId/send, POST} route[39m[38;5;3m +0ms[39m
[32m[Nest] 31520  - [39m08/14/2026, 11:12:38 AM [32m    LOG[39m [38;5;3m[RoutesResolver] [39m[32mTenantAdminNotificationsController {/api/v1/tenant-admin/notifications}:[39m[38;5;3m +0ms[39m
[32m[Nest] 31520  - [39m08/14/2026, 11:12:38 AM [32m    LOG[39m [38;5;3m[RouterExplorer] [39m[32mMapped {/api/v1/tenant-admin/notifications, GET} route[39m[38;5;3m +0ms[39m
[32m[Nest] 31520  - [39m08/14/2026, 11:12:38 AM [32m    LOG[39m [38;5;3m[RouterExplorer] [39m[32mMapped {/api/v1/tenant-admin/notifications/unread-count, GET} route[39m[38;5;3m +0ms[39m
[32m[Nest] 31520  - [39m08/14/2026, 11:12:38 AM [32m    LOG[39m [38;5;3m[RouterExplorer] [39m[32mMapped {/api/v1/tenant-admin/notifications/:notificationId/read, PATCH} route[39m[38;5;3m +0ms[39m
[32m[Nest] 31520  - [39m08/14/2026, 11:12:38 AM [32m    LOG[39m [38;5;3m[RouterExplorer] [39m[32mMapped {/api/v1/tenant-admin/notifications/read-all, PATCH} route[39m[38;5;3m +0ms[39m
[32m[Nest] 31520  - [39m08/14/2026, 11:12:38 AM [32m    LOG[39m [38;5;3m[RoutesResolver] [39m[32mTenantAdminServicesController {/api/v1/tenant-admin/services}:[39m[38;5;3m +0ms[39m
[32m[Nest] 31520  - [39m08/14/2026, 11:12:38 AM [32m    LOG[39m [38;5;3m[RouterExplorer] [39m[32mMapped {/api/v1/tenant-admin/services, GET} route[39m[38;5;3m +0ms[39m
[32m[Nest] 31520  - [39m08/14/2026, 11:12:38 AM [32m    LOG[39m [38;5;3m[RouterExplorer] [39m[32mMapped {/api/v1/tenant-admin/services, POST} route[39m[38;5;3m +0ms[39m
[32m[Nest] 31520  - [39m08/14/2026, 11:12:38 AM [32m    LOG[39m [38;5;3m[RoutesResolver] [39m[32mTenantAdminTasksController {/api/v1/tenant-admin/tasks}:[39m[38;5;3m +0ms[39m
[32m[Nest] 31520  - [39m08/14/2026, 11:12:38 AM [32m    LOG[39m [38;5;3m[RouterExplorer] [39m[32mMapped {/api/v1/tenant-admin/tasks/options, GET} route[39m[38;5;3m +1ms[39m
[32m[Nest] 31520  - [39m08/14/2026, 11:12:38 AM [32m    LOG[39m [38;5;3m[RouterExplorer] [39m[32mMapped {/api/v1/tenant-admin/tasks, GET} route[39m[38;5;3m +0ms[39m
[32m[Nest] 31520  - [39m08/14/2026, 11:12:38 AM [32m    LOG[39m [38;5;3m[RouterExplorer] [39m[32mMapped {/api/v1/tenant-admin/tasks, POST} route[39m[38;5;3m +0ms[39m
[32m[Nest] 31520  - [39m08/14/2026, 11:12:38 AM [32m    LOG[39m [38;5;3m[RouterExplorer] [39m[32mMapped {/api/v1/tenant-admin/tasks/:taskId/approval, POST} route[39m[38;5;3m +0ms[39m
[32m[Nest] 31520  - [39m08/14/2026, 11:12:38 AM [32m    LOG[39m [38;5;3m[RouterExplorer] [39m[32mMapped {/api/v1/tenant-admin/tasks/employees, POST} route[39m[38;5;3m +0ms[39m
[32m[Nest] 31520  - [39m08/14/2026, 11:12:38 AM [32m    LOG[39m [38;5;3m[RouterExplorer] [39m[32mMapped {/api/v1/tenant-admin/tasks/employees/email-availability, GET} route[39m[38;5;3m +0ms[39m
[32m[Nest] 31520  - [39m08/14/2026, 11:12:38 AM [32m    LOG[39m [38;5;3m[RouterExplorer] [39m[32mMapped {/api/v1/tenant-admin/tasks/employees, GET} route[39m[38;5;3m +0ms[39m
[32m[Nest] 31520  - [39m08/14/2026, 11:12:38 AM [32m    LOG[39m [38;5;3m[RouterExplorer] [39m[32mMapped {/api/v1/tenant-admin/tasks/departments, GET} route[39m[38;5;3m +0ms[39m
[32m[Nest] 31520  - [39m08/14/2026, 11:12:38 AM [32m    LOG[39m [38;5;3m[RouterExplorer] [39m[32mMapped {/api/v1/tenant-admin/tasks/departments, POST} route[39m[38;5;3m +0ms[39m
[32m[Nest] 31520  - [39m08/14/2026, 11:12:38 AM [32m    LOG[39m [38;5;3m[RouterExplorer] [39m[32mMapped {/api/v1/tenant-admin/tasks/employees/:employeeId/assignment, PATCH} route[39m[38;5;3m +0ms[39m
[32m[Nest] 31520  - [39m08/14/2026, 11:12:38 AM [32m    LOG[39m [38;5;3m[RouterExplorer] [39m[32mMapped {/api/v1/tenant-admin/tasks/employees/:employeeId/manager, PATCH} route[39m[38;5;3m +0ms[39m
[32m[Nest] 31520  - [39m08/14/2026, 11:12:38 AM [32m    LOG[39m [38;5;3m[RouterExplorer] [39m[32mMapped {/api/v1/tenant-admin/tasks/employees/:employeeId/manager, DELETE} route[39m[38;5;3m +0ms[39m
[32m[Nest] 31520  - [39m08/14/2026, 11:12:38 AM [32m    LOG[39m [38;5;3m[RouterExplorer] [39m[32mMapped {/api/v1/tenant-admin/tasks/employees/:employeeId/capacity, PATCH} route[39m[38;5;3m +0ms[39m
[32m[Nest] 31520  - [39m08/14/2026, 11:12:38 AM [32m    LOG[39m [38;5;3m[RouterExplorer] [39m[32mMapped {/api/v1/tenant-admin/tasks/work-groups, GET} route[39m[38;5;3m +1ms[39m
[32m[Nest] 31520  - [39m08/14/2026, 11:12:38 AM [32m    LOG[39m [38;5;3m[RouterExplorer] [39m[32mMapped {/api/v1/tenant-admin/tasks/work-groups, POST} route[39m[38;5;3m +0ms[39m
[32m[Nest] 31520  - [39m08/14/2026, 11:12:38 AM [32m    LOG[39m [38;5;3m[RouterExplorer] [39m[32mMapped {/api/v1/tenant-admin/tasks/work-groups/:workGroupId, PATCH} route[39m[38;5;3m +0ms[39m
[32m[Nest] 31520  - [39m08/14/2026, 11:12:38 AM [32m    LOG[39m [38;5;3m[RoutesResolver] [39m[32mTenantAnalyticsController {/api/v1/super-admin/tenant-analytics}:[39m[38;5;3m +0ms[39m
[32m[Nest] 31520  - [39m08/14/2026, 11:12:38 AM [32m    LOG[39m [38;5;3m[RouterExplorer] [39m[32mMapped {/api/v1/super-admin/tenant-analytics, GET} route[39m[38;5;3m +0ms[39m
[32m[Nest] 31520  - [39m08/14/2026, 11:12:38 AM [32m    LOG[39m [38;5;3m[TaskNotificationOutboxWorker] [39m[32m[Notifications] Task notification worker is running. It checks committed notifications every 500ms.[39m
[32m[Nest] 31520  - [39m08/14/2026, 11:12:38 AM [32m    LOG[39m [38;5;3m[NestApplication] [39m[32mNest application successfully started[39m[38;5;3m +0ms[39m
{"level":30,"time":1786686158662,"service":"SaaS App Backend","environment":"development","msg":"Server listening at http://172.16.0.2:4000"}
{"level":30,"time":1786686158662,"service":"SaaS App Backend","environment":"development","msg":"Server listening at http://192.168.1.29:4000"}
{"level":30,"time":1786686164665,"service":"SaaS App Backend","environment":"development","reqId":"a9c090de-dc8c-40df-a8d7-eb75955ec575","req":{"id":"a9c090de-dc8c-40df-a8d7-eb75955ec575","method":"GET","url":"/api/v1/health/ready","route":"/api/v1/health/ready"},"msg":"incoming request"}
{"level":30,"time":1786686164875,"service":"SaaS App Backend","environment":"development","reqId":"a9c090de-dc8c-40df-a8d7-eb75955ec575","res":{"statusCode":200},"responseTime":209.7474999999995,"msg":"request completed"}
{"level":30,"time":1786686174301,"service":"SaaS App Backend","environment":"development","reqId":"3d287f6c-80d2-4707-8961-892b1a1b91f2","req":{"id":"3d287f6c-80d2-4707-8961-892b1a1b91f2","method":"POST","url":"/api/v1/auth/super-admin/login","route":"/api/v1/auth/super-admin/login"},"msg":"incoming request"}
{"level":30,"time":1786686174307,"service":"SaaS App Backend","environment":"development","reqId":"3d287f6c-80d2-4707-8961-892b1a1b91f2","res":{"statusCode":500},"responseTime":5.733799999998155,"msg":"request completed"}
11:13:16 AM [tsx] change in ./src\auth\portal-auth.controller.ts Restarting...
[32m[Nest] 19948  - [39m08/14/2026, 11:13:22 AM [32m    LOG[39m [38;5;3m[NestFactory] [39m[32mStarting Nest application...[39m
[32m[Nest] 19948  - [39m08/14/2026, 11:13:22 AM [32m    LOG[39m [38;5;3m[InstanceLoader] [39m[32mAppConfigModule dependencies initialized[39m[38;5;3m +3ms[39m
[32m[Nest] 19948  - [39m08/14/2026, 11:13:22 AM [32m    LOG[39m [38;5;3m[InstanceLoader] [39m[32mAppConfigModule dependencies initialized[39m[38;5;3m +0ms[39m
[32m[Nest] 19948  - [39m08/14/2026, 11:13:22 AM [32m    LOG[39m [38;5;3m[InstanceLoader] [39m[32mCommonModule dependencies initialized[39m[38;5;3m +1ms[39m
[32m[Nest] 19948  - [39m08/14/2026, 11:13:22 AM [32m    LOG[39m [38;5;3m[InstanceLoader] [39m[32mAppModule dependencies initialized[39m[38;5;3m +0ms[39m
[32m[Nest] 19948  - [39m08/14/2026, 11:13:22 AM [32m    LOG[39m [38;5;3m[InstanceLoader] [39m[32mDatabaseModule dependencies initialized[39m[38;5;3m +0ms[39m
[32m[Nest] 19948  - [39m08/14/2026, 11:13:22 AM [32m    LOG[39m [38;5;3m[InstanceLoader] [39m[32mHealthModule dependencies initialized[39m[38;5;3m +1ms[39m
[32m[Nest] 19948  - [39m08/14/2026, 11:13:22 AM [32m    LOG[39m [38;5;3m[InstanceLoader] [39m[32mAuthModule dependencies initialized[39m[38;5;3m +0ms[39m
[32m[Nest] 19948  - [39m08/14/2026, 11:13:22 AM [32m    LOG[39m [38;5;3m[InstanceLoader] [39m[32mPlatformModule dependencies initialized[39m[38;5;3m +0ms[39m
[32m[Nest] 19948  - [39m08/14/2026, 11:13:22 AM [32m    LOG[39m [38;5;3m[RoutesResolver] [39m[32mHealthController {/api/v1/health}:[39m[38;5;3m +0ms[39m
[32m[Nest] 19948  - [39m08/14/2026, 11:13:22 AM [32m    LOG[39m [38;5;3m[RouterExplorer] [39m[32mMapped {/api/v1/health/live, GET} route[39m[38;5;3m +0ms[39m
[32m[Nest] 19948  - [39m08/14/2026, 11:13:22 AM [32m    LOG[39m [38;5;3m[RouterExplorer] [39m[32mMapped {/api/v1/health/ready, GET} route[39m[38;5;3m +0ms[39m
[32m[Nest] 19948  - [39m08/14/2026, 11:13:22 AM [32m    LOG[39m [38;5;3m[RoutesResolver] [39m[32mMeController {/api/v1/me}:[39m[38;5;3m +0ms[39m
[32m[Nest] 19948  - [39m08/14/2026, 11:13:22 AM [32m    LOG[39m [38;5;3m[RouterExplorer] [39m[32mMapped {/api/v1/me, GET} route[39m[38;5;3m +0ms[39m
[32m[Nest] 19948  - [39m08/14/2026, 11:13:22 AM [32m    LOG[39m [38;5;3m[RouterExplorer] [39m[32mMapped {/api/v1/me/profile, PATCH} route[39m[38;5;3m +0ms[39m
[32m[Nest] 19948  - [39m08/14/2026, 11:13:22 AM [32m    LOG[39m [38;5;3m[RouterExplorer] [39m[32mMapped {/api/v1/me/preferences, PATCH} route[39m[38;5;3m +1ms[39m
[32m[Nest] 19948  - [39m08/14/2026, 11:13:22 AM [32m    LOG[39m [38;5;3m[RoutesResolver] [39m[32mAccessAdminController {/api/v1}:[39m[38;5;3m +0ms[39m
[32m[Nest] 19948  - [39m08/14/2026, 11:13:22 AM [32m    LOG[39m [38;5;3m[RouterExplorer] [39m[32mMapped {/api/v1/super-admin/tenant-creation-options, GET} route[39m[38;5;3m +0ms[39m
[32m[Nest] 19948  - [39m08/14/2026, 11:13:22 AM [32m    LOG[39m [38;5;3m[RouterExplorer] [39m[32mMapped {/api/v1/super-admin/tenants, GET} route[39m[38;5;3m +0ms[39m
[32m[Nest] 19948  - [39m08/14/2026, 11:13:22 AM [32m    LOG[39m [38;5;3m[RouterExplorer] [39m[32mMapped {/api/v1/super-admin/users/email-availability, GET} route[39m[38;5;3m +0ms[39m
[32m[Nest] 19948  - [39m08/14/2026, 11:13:22 AM [32m    LOG[39m [38;5;3m[RouterExplorer] [39m[32mMapped {/api/v1/super-admin/tenant-list-filters, GET} route[39m[38;5;3m +0ms[39m
[32m[Nest] 19948  - [39m08/14/2026, 11:13:22 AM [32m    LOG[39m [38;5;3m[RouterExplorer] [39m[32mMapped {/api/v1/super-admin/tenants/:tenantId, GET} route[39m[38;5;3m +0ms[39m
[32m[Nest] 19948  - [39m08/14/2026, 11:13:22 AM [32m    LOG[39m [38;5;3m[RouterExplorer] [39m[32mMapped {/api/v1/super-admin/tenants/:tenantId/status, PATCH} route[39m[38;5;3m +0ms[39m
[32m[Nest] 19948  - [39m08/14/2026, 11:13:22 AM [32m    LOG[39m [38;5;3m[RouterExplorer] [39m[32mMapped {/api/v1/super-admin/tenants/:tenantId/password, POST} route[39m[38;5;3m +0ms[39m
[32m[Nest] 19948  - [39m08/14/2026, 11:13:22 AM [32m    LOG[39m [38;5;3m[RouterExplorer] [39m[32mMapped {/api/v1/super-admin/tenants, POST} route[39m[38;5;3m +0ms[39m
[32m[Nest] 19948  - [39m08/14/2026, 11:13:22 AM [32m    LOG[39m [38;5;3m[RouterExplorer] [39m[32mMapped {/api/v1/invitations, POST} route[39m[38;5;3m +0ms[39m
[32m[Nest] 19948  - [39m08/14/2026, 11:13:22 AM [32m    LOG[39m [38;5;3m[RouterExplorer] [39m[32mMapped {/api/v1/invitations/:invitationId/cancel, POST} route[39m[38;5;3m +0ms[39m
[32m[Nest] 19948  - [39m08/14/2026, 11:13:22 AM [32m    LOG[39m [38;5;3m[RouterExplorer] [39m[32mMapped {/api/v1/invitations/:invitationId/revoke, POST} route[39m[38;5;3m +1ms[39m
[32m[Nest] 19948  - [39m08/14/2026, 11:13:22 AM [32m    LOG[39m [38;5;3m[RouterExplorer] [39m[32mMapped {/api/v1/invitations/:invitationId/accept, POST} route[39m[38;5;3m +0ms[39m
[32m[Nest] 19948  - [39m08/14/2026, 11:13:22 AM [32m    LOG[39m [38;5;3m[RouterExplorer] [39m[32mMapped {/api/v1/memberships/:membershipId/revoke, POST} route[39m[38;5;3m +0ms[39m
[32m[Nest] 19948  - [39m08/14/2026, 11:13:22 AM [32m    LOG[39m [38;5;3m[RouterExplorer] [39m[32mMapped {/api/v1/memberships/:membershipId/reactivate, POST} route[39m[38;5;3m +0ms[39m
[32m[Nest] 19948  - [39m08/14/2026, 11:13:22 AM [32m    LOG[39m [38;5;3m[RoutesResolver] [39m[32mPortalAuthController {/api/v1/auth}:[39m[38;5;3m +0ms[39m
[32m[Nest] 19948  - [39m08/14/2026, 11:13:22 AM [32m    LOG[39m [38;5;3m[RouterExplorer] [39m[32mMapped {/api/v1/auth/super-admin/login, POST} route[39m[38;5;3m +0ms[39m
[32m[Nest] 19948  - [39m08/14/2026, 11:13:22 AM [32m    LOG[39m [38;5;3m[RouterExplorer] [39m[32mMapped {/api/v1/auth/tenant/login, POST} route[39m[38;5;3m +0ms[39m
[32m[Nest] 19948  - [39m08/14/2026, 11:13:22 AM [32m    LOG[39m [38;5;3m[RouterExplorer] [39m[32mMapped {/api/v1/auth/employee/login, POST} route[39m[38;5;3m +0ms[39m
[32m[Nest] 19948  - [39m08/14/2026, 11:13:22 AM [32m    LOG[39m [38;5;3m[RouterExplorer] [39m[32mMapped {/api/v1/auth/client/login, POST} route[39m[38;5;3m +0ms[39m
[32m[Nest] 19948  - [39m08/14/2026, 11:13:22 AM [32m    LOG[39m [38;5;3m[RouterExplorer] [39m[32mMapped {/api/v1/auth/super-admin/session, GET} route[39m[38;5;3m +0ms[39m
[32m[Nest] 19948  - [39m08/14/2026, 11:13:22 AM [32m    LOG[39m [38;5;3m[RouterExplorer] [39m[32mMapped {/api/v1/auth/tenant/session, GET} route[39m[38;5;3m +0ms[39m
[32m[Nest] 19948  - [39m08/14/2026, 11:13:22 AM [32m    LOG[39m [38;5;3m[RouterExplorer] [39m[32mMapped {/api/v1/auth/employee/session, GET} route[39m[38;5;3m +0ms[39m
[32m[Nest] 19948  - [39m08/14/2026, 11:13:22 AM [32m    LOG[39m [38;5;3m[RouterExplorer] [39m[32mMapped {/api/v1/auth/client/session, GET} route[39m[38;5;3m +0ms[39m
[32m[Nest] 19948  - [39m08/14/2026, 11:13:22 AM [32m    LOG[39m [38;5;3m[RouterExplorer] [39m[32mMapped {/api/v1/auth/super-admin/logout, POST} route[39m[38;5;3m +1ms[39m
[32m[Nest] 19948  - [39m08/14/2026, 11:13:22 AM [32m    LOG[39m [38;5;3m[RouterExplorer] [39m[32mMapped {/api/v1/auth/tenant/logout, POST} route[39m[38;5;3m +0ms[39m
[32m[Nest] 19948  - [39m08/14/2026, 11:13:22 AM [32m    LOG[39m [38;5;3m[RouterExplorer] [39m[32mMapped {/api/v1/auth/employee/logout, POST} route[39m[38;5;3m +0ms[39m
[32m[Nest] 19948  - [39m08/14/2026, 11:13:22 AM [32m    LOG[39m [38;5;3m[RouterExplorer] [39m[32mMapped {/api/v1/auth/client/logout, POST} route[39m[38;5;3m +0ms[39m
[32m[Nest] 19948  - [39m08/14/2026, 11:13:22 AM [32m    LOG[39m [38;5;3m[RoutesResolver] [39m[32mSuperAdminAuditLogController {/api/v1/super-admin/audit-log}:[39m[38;5;3m +0ms[39m
[32m[Nest] 19948  - [39m08/14/2026, 11:13:22 AM [32m    LOG[39m [38;5;3m[RouterExplorer] [39m[32mMapped {/api/v1/super-admin/audit-log, GET} route[39m[38;5;3m +0ms[39m
[32m[Nest] 19948  - [39m08/14/2026, 11:13:22 AM [32m    LOG[39m [38;5;3m[RoutesResolver] [39m[32mSuperAdminDashboardController {/api/v1/super-admin}:[39m[38;5;3m +0ms[39m
[32m[Nest] 19948  - [39m08/14/2026, 11:13:22 AM [32m    LOG[39m [38;5;3m[RouterExplorer] [39m[32mMapped {/api/v1/super-admin/dashboard, GET} route[39m[38;5;3m +0ms[39m
[32m[Nest] 19948  - [39m08/14/2026, 11:13:22 AM [32m    LOG[39m [38;5;3m[RouterExplorer] [39m[32mMapped {/api/v1/super-admin/alerts/:alertId/view, PATCH} route[39m[38;5;3m +0ms[39m
[32m[Nest] 19948  - [39m08/14/2026, 11:13:22 AM [32m    LOG[39m [38;5;3m[RouterExplorer] [39m[32mMapped {/api/v1/super-admin/alerts/:alertId/reviews, POST} route[39m[38;5;3m +0ms[39m
[32m[Nest] 19948  - [39m08/14/2026, 11:13:22 AM [32m    LOG[39m [38;5;3m[RouterExplorer] [39m[32mMapped {/api/v1/super-admin/tenant-reviews/:reviewId, PATCH} route[39m[38;5;3m +0ms[39m
[32m[Nest] 19948  - [39m08/14/2026, 11:13:22 AM [32m    LOG[39m [38;5;3m[RoutesResolver] [39m[32mSuperAdminSearchController {/api/v1/super-admin}:[39m[38;5;3m +0ms[39m
[32m[Nest] 19948  - [39m08/14/2026, 11:13:22 AM [32m    LOG[39m [38;5;3m[RouterExplorer] [39m[32mMapped {/api/v1/super-admin/search, GET} route[39m[38;5;3m +0ms[39m
[32m[Nest] 19948  - [39m08/14/2026, 11:13:22 AM [32m    LOG[39m [38;5;3m[RoutesResolver] [39m[32mSuperAdminNotificationsController {/api/v1/super-admin/notifications}:[39m[38;5;3m +0ms[39m
[32m[Nest] 19948  - [39m08/14/2026, 11:13:22 AM [32m    LOG[39m [38;5;3m[RouterExplorer] [39m[32mMapped {/api/v1/super-admin/notifications, GET} route[39m[38;5;3m +1ms[39m
[32m[Nest] 19948  - [39m08/14/2026, 11:13:22 AM [32m    LOG[39m [38;5;3m[RouterExplorer] [39m[32mMapped {/api/v1/super-admin/notifications/unread-count, GET} route[39m[38;5;3m +0ms[39m
[32m[Nest] 19948  - [39m08/14/2026, 11:13:22 AM [32m    LOG[39m [38;5;3m[RouterExplorer] [39m[32mMapped {/api/v1/super-admin/notifications/:notificationId/read, PATCH} route[39m[38;5;3m +0ms[39m
[32m[Nest] 19948  - [39m08/14/2026, 11:13:22 AM [32m    LOG[39m [38;5;3m[RouterExplorer] [39m[32mMapped {/api/v1/super-admin/notifications/read-all, PATCH} route[39m[38;5;3m +0ms[39m
[32m[Nest] 19948  - [39m08/14/2026, 11:13:22 AM [32m    LOG[39m [38;5;3m[RoutesResolver] [39m[32mSuperAdminPlatformConfigurationController {/api/v1/super-admin/platform-configuration}:[39m[38;5;3m +0ms[39m
[32m[Nest] 19948  - [39m08/14/2026, 11:13:22 AM [32m    LOG[39m [38;5;3m[RouterExplorer] [39m[32mMapped {/api/v1/super-admin/platform-configuration, GET} route[39m[38;5;3m +0ms[39m
[32m[Nest] 19948  - [39m08/14/2026, 11:13:22 AM [32m    LOG[39m [38;5;3m[RouterExplorer] [39m[32mMapped {/api/v1/super-admin/platform-configuration, PATCH} route[39m[38;5;3m +0ms[39m
[32m[Nest] 19948  - [39m08/14/2026, 11:13:22 AM [32m    LOG[39m [38;5;3m[RoutesResolver] [39m[32mClientPortalDashboardController {/api/v1/client-portal/dashboard}:[39m[38;5;3m +0ms[39m
[32m[Nest] 19948  - [39m08/14/2026, 11:13:22 AM [32m    LOG[39m [38;5;3m[RouterExplorer] [39m[32mMapped {/api/v1/client-portal/dashboard, GET} route[39m[38;5;3m +0ms[39m
[32m[Nest] 19948  - [39m08/14/2026, 11:13:22 AM [32m    LOG[39m [38;5;3m[RoutesResolver] [39m[32mClientPortalDeliverablesController {/api/v1/client-portal/deliverables}:[39m[38;5;3m +0ms[39m
[32m[Nest] 19948  - [39m08/14/2026, 11:13:22 AM [32m    LOG[39m [38;5;3m[RouterExplorer] [39m[32mMapped {/api/v1/client-portal/deliverables, GET} route[39m[38;5;3m +0ms[39m
[32m[Nest] 19948  - [39m08/14/2026, 11:13:22 AM [32m    LOG[39m [38;5;3m[RouterExplorer] [39m[32mMapped {/api/v1/client-portal/deliverables/:documentId/decision, POST} route[39m[38;5;3m +0ms[39m
[32m[Nest] 19948  - [39m08/14/2026, 11:13:22 AM [32m    LOG[39m [38;5;3m[RouterExplorer] [39m[32mMapped {/api/v1/client-portal/deliverables/:documentId/download, GET} route[39m[38;5;3m +1ms[39m
[32m[Nest] 19948  - [39m08/14/2026, 11:13:22 AM [32m    LOG[39m [38;5;3m[RoutesResolver] [39m[32mClientPortalNotificationsController {/api/v1/client-portal/notifications}:[39m[38;5;3m +0ms[39m
[32m[Nest] 19948  - [39m08/14/2026, 11:13:22 AM [32m    LOG[39m [38;5;3m[RouterExplorer] [39m[32mMapped {/api/v1/client-portal/notifications, GET} route[39m[38;5;3m +0ms[39m
[32m[Nest] 19948  - [39m08/14/2026, 11:13:22 AM [32m    LOG[39m [38;5;3m[RoutesResolver] [39m[32mClientPortalProfileController {/api/v1/client-portal/profile}:[39m[38;5;3m +1ms[39m
[32m[Nest] 19948  - [39m08/14/2026, 11:13:22 AM [32m    LOG[39m [38;5;3m[RouterExplorer] [39m[32mMapped {/api/v1/client-portal/profile, GET} route[39m[38;5;3m +0ms[39m
[32m[Nest] 19948  - [39m08/14/2026, 11:13:22 AM [32m    LOG[39m [38;5;3m[RouterExplorer] [39m[32mMapped {/api/v1/client-portal/profile, PATCH} route[39m[38;5;3m +0ms[39m
[32m[Nest] 19948  - [39m08/14/2026, 11:13:22 AM [32m    LOG[39m [38;5;3m[RoutesResolver] [39m[32mClientPortalRequestsController {/api/v1/client-portal/requests}:[39m[38;5;3m +0ms[39m
[32m[Nest] 19948  - [39m08/14/2026, 11:13:22 AM [32m    LOG[39m [38;5;3m[RouterExplorer] [39m[32mMapped {/api/v1/client-portal/requests/options, GET} route[39m[38;5;3m +0ms[39m
[32m[Nest] 19948  - [39m08/14/2026, 11:13:22 AM [32m    LOG[39m [38;5;3m[RouterExplorer] [39m[32mMapped {/api/v1/client-portal/requests, POST} route[39m[38;5;3m +0ms[39m
[32m[Nest] 19948  - [39m08/14/2026, 11:13:22 AM [32m    LOG[39m [38;5;3m[RoutesResolver] [39m[32mEmployeeDashboardController {/api/v1/employee/dashboard}:[39m[38;5;3m +1ms[39m
[32m[Nest] 19948  - [39m08/14/2026, 11:13:22 AM [32m    LOG[39m [38;5;3m[RouterExplorer] [39m[32mMapped {/api/v1/employee/dashboard, GET} route[39m[38;5;3m +0ms[39m
[32m[Nest] 19948  - [39m08/14/2026, 11:13:22 AM [32m    LOG[39m [38;5;3m[RoutesResolver] [39m[32mEmployeeDocumentsController {/api/v1/employee/documents}:[39m[38;5;3m +0ms[39m
[32m[Nest] 19948  - [39m08/14/2026, 11:13:22 AM [32m    LOG[39m [38;5;3m[RouterExplorer] [39m[32mMapped {/api/v1/employee/documents/options, GET} route[39m[38;5;3m +0ms[39m
[32m[Nest] 19948  - [39m08/14/2026, 11:13:22 AM [32m    LOG[39m [38;5;3m[RouterExplorer] [39m[32mMapped {/api/v1/employee/documents, GET} route[39m[38;5;3m +0ms[39m
[32m[Nest] 19948  - [39m08/14/2026, 11:13:22 AM [32m    LOG[39m [38;5;3m[RouterExplorer] [39m[32mMapped {/api/v1/employee/documents, POST} route[39m[38;5;3m +0ms[39m
[32m[Nest] 19948  - [39m08/14/2026, 11:13:22 AM [32m    LOG[39m [38;5;3m[RouterExplorer] [39m[32mMapped {/api/v1/employee/documents/upload-url, POST} route[39m[38;5;3m +0ms[39m
[32m[Nest] 19948  - [39m08/14/2026, 11:13:22 AM [32m    LOG[39m [38;5;3m[RouterExplorer] [39m[32mMapped {/api/v1/employee/documents/:documentId/download, GET} route[39m[38;5;3m +0ms[39m
[32m[Nest] 19948  - [39m08/14/2026, 11:13:22 AM [32m    LOG[39m [38;5;3m[RoutesResolver] [39m[32mEmployeeManagerController {/api/v1/employee/manager}:[39m[38;5;3m +0ms[39m
[32m[Nest] 19948  - [39m08/14/2026, 11:13:22 AM [32m    LOG[39m [38;5;3m[RouterExplorer] [39m[32mMapped {/api/v1/employee/manager/clients, GET} route[39m[38;5;3m +1ms[39m
[32m[Nest] 19948  - [39m08/14/2026, 11:13:22 AM [32m    LOG[39m [38;5;3m[RouterExplorer] [39m[32mMapped {/api/v1/employee/manager/task-options, GET} route[39m[38;5;3m +0ms[39m
[32m[Nest] 19948  - [39m08/14/2026, 11:13:22 AM [32m    LOG[39m [38;5;3m[RouterExplorer] [39m[32mMapped {/api/v1/employee/manager/reviews, GET} route[39m[38;5;3m +0ms[39m
[32m[Nest] 19948  - [39m08/14/2026, 11:13:22 AM [32m    LOG[39m [38;5;3m[RouterExplorer] [39m[32mMapped {/api/v1/employee/manager/tasks, POST} route[39m[38;5;3m +0ms[39m
[32m[Nest] 19948  - [39m08/14/2026, 11:13:22 AM [32m    LOG[39m [38;5;3m[RouterExplorer] [39m[32mMapped {/api/v1/employee/manager/reviews/:taskId, POST} route[39m[38;5;3m +0ms[39m
[32m[Nest] 19948  - [39m08/14/2026, 11:13:22 AM [32m    LOG[39m [38;5;3m[RoutesResolver] [39m[32mEmployeeNotificationsController {/api/v1/employee/notifications}:[39m[38;5;3m +0ms[39m
[32m[Nest] 19948  - [39m08/14/2026, 11:13:22 AM [32m    LOG[39m [38;5;3m[RouterExplorer] [39m[32mMapped {/api/v1/employee/notifications, GET} route[39m[38;5;3m +0ms[39m
[32m[Nest] 19948  - [39m08/14/2026, 11:13:22 AM [32m    LOG[39m [38;5;3m[RouterExplorer] [39m[32mMapped {/api/v1/employee/notifications/unread-count, GET} route[39m[38;5;3m +0ms[39m
[32m[Nest] 19948  - [39m08/14/2026, 11:13:22 AM [32m    LOG[39m [38;5;3m[RouterExplorer] [39m[32mMapped {/api/v1/employee/notifications/:notificationId/read, PATCH} route[39m[38;5;3m +0ms[39m
[32m[Nest] 19948  - [39m08/14/2026, 11:13:22 AM [32m    LOG[39m [38;5;3m[RouterExplorer] [39m[32mMapped {/api/v1/employee/notifications/read-all, PATCH} route[39m[38;5;3m +0ms[39m
[32m[Nest] 19948  - [39m08/14/2026, 11:13:22 AM [32m    LOG[39m [38;5;3m[RoutesResolver] [39m[32mEmployeeProfileController {/api/v1/employee/profile}:[39m[38;5;3m +0ms[39m
[32m[Nest] 19948  - [39m08/14/2026, 11:13:22 AM [32m    LOG[39m [38;5;3m[RouterExplorer] [39m[32mMapped {/api/v1/employee/profile, GET} route[39m[38;5;3m +0ms[39m
[32m[Nest] 19948  - [39m08/14/2026, 11:13:22 AM [32m    LOG[39m [38;5;3m[RoutesResolver] [39m[32mEmployeeTasksController {/api/v1/employee}:[39m[38;5;3m +1ms[39m
[32m[Nest] 19948  - [39m08/14/2026, 11:13:22 AM [32m    LOG[39m [38;5;3m[RouterExplorer] [39m[32mMapped {/api/v1/employee/tasks, GET} route[39m[38;5;3m +0ms[39m
[32m[Nest] 19948  - [39m08/14/2026, 11:13:22 AM [32m    LOG[39m [38;5;3m[RouterExplorer] [39m[32mMapped {/api/v1/employee/work-logs, GET} route[39m[38;5;3m +0ms[39m
[32m[Nest] 19948  - [39m08/14/2026, 11:13:22 AM [32m    LOG[39m [38;5;3m[RouterExplorer] [39m[32mMapped {/api/v1/employee/tasks/:taskId/start, POST} route[39m[38;5;3m +0ms[39m
[32m[Nest] 19948  - [39m08/14/2026, 11:13:22 AM [32m    LOG[39m [38;5;3m[RouterExplorer] [39m[32mMapped {/api/v1/employee/tasks/:taskId/pause, POST} route[39m[38;5;3m +0ms[39m
[32m[Nest] 19948  - [39m08/14/2026, 11:13:22 AM [32m    LOG[39m [38;5;3m[RouterExplorer] [39m[32mMapped {/api/v1/employee/tasks/:taskId/resume, POST} route[39m[38;5;3m +0ms[39m
[32m[Nest] 19948  - [39m08/14/2026, 11:13:22 AM [32m    LOG[39m [38;5;3m[RouterExplorer] [39m[32mMapped {/api/v1/employee/tasks/:taskId/submit, POST} route[39m[38;5;3m +0ms[39m
[32m[Nest] 19948  - [39m08/14/2026, 11:13:22 AM [32m    LOG[39m [38;5;3m[RoutesResolver] [39m[32mTenantAdminDashboardController {/api/v1/tenant-admin/dashboard}:[39m[38;5;3m +0ms[39m
[32m[Nest] 19948  - [39m08/14/2026, 11:13:22 AM [32m    LOG[39m [38;5;3m[RouterExplorer] [39m[32mMapped {/api/v1/tenant-admin/dashboard, GET} route[39m[38;5;3m +0ms[39m
[32m[Nest] 19948  - [39m08/14/2026, 11:13:22 AM [32m    LOG[39m [38;5;3m[RouterExplorer] [39m[32mMapped {/api/v1/tenant-admin/dashboard/profile, GET} route[39m[38;5;3m +0ms[39m
[32m[Nest] 19948  - [39m08/14/2026, 11:13:22 AM [32m    LOG[39m [38;5;3m[RouterExplorer] [39m[32mMapped {/api/v1/tenant-admin/dashboard/profile, PATCH} route[39m[38;5;3m +1ms[39m
[32m[Nest] 19948  - [39m08/14/2026, 11:13:22 AM [32m    LOG[39m [38;5;3m[RoutesResolver] [39m[32mTenantAdminClientsController {/api/v1/tenant-admin/clients}:[39m[38;5;3m +0ms[39m
[32m[Nest] 19948  - [39m08/14/2026, 11:13:22 AM [32m    LOG[39m [38;5;3m[RouterExplorer] [39m[32mMapped {/api/v1/tenant-admin/clients, GET} route[39m[38;5;3m +0ms[39m
[32m[Nest] 19948  - [39m08/14/2026, 11:13:22 AM [32m    LOG[39m [38;5;3m[RouterExplorer] [39m[32mMapped {/api/v1/tenant-admin/clients, POST} route[39m[38;5;3m +0ms[39m
[32m[Nest] 19948  - [39m08/14/2026, 11:13:22 AM [32m    LOG[39m [38;5;3m[RouterExplorer] [39m[32mMapped {/api/v1/tenant-admin/clients/:clientRef, GET} route[39m[38;5;3m +0ms[39m
[32m[Nest] 19948  - [39m08/14/2026, 11:13:22 AM [32m    LOG[39m [38;5;3m[RouterExplorer] [39m[32mMapped {/api/v1/tenant-admin/clients/:clientRef, DELETE} route[39m[38;5;3m +0ms[39m
[32m[Nest] 19948  - [39m08/14/2026, 11:13:22 AM [32m    LOG[39m [38;5;3m[RouterExplorer] [39m[32mMapped {/api/v1/tenant-admin/clients/:clientRef/contacts, POST} route[39m[38;5;3m +0ms[39m
[32m[Nest] 19948  - [39m08/14/2026, 11:13:22 AM [32m    LOG[39m [38;5;3m[RouterExplorer] [39m[32mMapped {/api/v1/tenant-admin/clients/:clientRef/contacts/:contactId, PATCH} route[39m[38;5;3m +0ms[39m
[32m[Nest] 19948  - [39m08/14/2026, 11:13:22 AM [32m    LOG[39m [38;5;3m[RoutesResolver] [39m[32mTenantAdminEmployeePerformanceController {/api/v1/tenant-admin/employee-performance}:[39m[38;5;3m +0ms[39m
[32m[Nest] 19948  - [39m08/14/2026, 11:13:22 AM [32m    LOG[39m [38;5;3m[RouterExplorer] [39m[32mMapped {/api/v1/tenant-admin/employee-performance, GET} route[39m[38;5;3m +0ms[39m
[32m[Nest] 19948  - [39m08/14/2026, 11:13:22 AM [32m    LOG[39m [38;5;3m[RouterExplorer] [39m[32mMapped {/api/v1/tenant-admin/employee-performance/:employeeId, GET} route[39m[38;5;3m +0ms[39m
[32m[Nest] 19948  - [39m08/14/2026, 11:13:22 AM [32m    LOG[39m [38;5;3m[RoutesResolver] [39m[32mTenantAdminFinanceController {/api/v1/tenant-admin/finance}:[39m[38;5;3m +1ms[39m
[32m[Nest] 19948  - [39m08/14/2026, 11:13:22 AM [32m    LOG[39m [38;5;3m[RouterExplorer] [39m[32mMapped {/api/v1/tenant-admin/finance/documents, GET} route[39m[38;5;3m +0ms[39m
[32m[Nest] 19948  - [39m08/14/2026, 11:13:22 AM [32m    LOG[39m [38;5;3m[RouterExplorer] [39m[32mMapped {/api/v1/tenant-admin/finance/documents, POST} route[39m[38;5;3m +0ms[39m
[32m[Nest] 19948  - [39m08/14/2026, 11:13:22 AM [32m    LOG[39m [38;5;3m[RouterExplorer] [39m[32mMapped {/api/v1/tenant-admin/finance/documents/upload-url, POST} route[39m[38;5;3m +0ms[39m
[32m[Nest] 19948  - [39m08/14/2026, 11:13:22 AM [32m    LOG[39m [38;5;3m[RouterExplorer] [39m[32mMapped {/api/v1/tenant-admin/finance/documents/:documentId/download, GET} route[39m[38;5;3m +0ms[39m
[32m[Nest] 19948  - [39m08/14/2026, 11:13:22 AM [32m    LOG[39m [38;5;3m[RouterExplorer] [39m[32mMapped {/api/v1/tenant-admin/finance/invoices, GET} route[39m[38;5;3m +0ms[39m
[32m[Nest] 19948  - [39m08/14/2026, 11:13:22 AM [32m    LOG[39m [38;5;3m[RouterExplorer] [39m[32mMapped {/api/v1/tenant-admin/finance/invoices, POST} route[39m[38;5;3m +0ms[39m
[32m[Nest] 19948  - [39m08/14/2026, 11:13:22 AM [32m    LOG[39m [38;5;3m[RouterExplorer] [39m[32mMapped {/api/v1/tenant-admin/finance/billable-tasks, GET} route[39m[38;5;3m +0ms[39m
[32m[Nest] 19948  - [39m08/14/2026, 11:13:22 AM [32m    LOG[39m [38;5;3m[RouterExplorer] [39m[32mMapped {/api/v1/tenant-admin/finance/invoices/from-task, POST} route[39m[38;5;3m +0ms[39m
[32m[Nest] 19948  - [39m08/14/2026, 11:13:22 AM [32m    LOG[39m [38;5;3m[RouterExplorer] [39m[32mMapped {/api/v1/tenant-admin/finance/invoices/:invoiceId/send, POST} route[39m[38;5;3m +0ms[39m
[32m[Nest] 19948  - [39m08/14/2026, 11:13:22 AM [32m    LOG[39m [38;5;3m[RoutesResolver] [39m[32mTenantAdminNotificationsController {/api/v1/tenant-admin/notifications}:[39m[38;5;3m +0ms[39m
[32m[Nest] 19948  - [39m08/14/2026, 11:13:22 AM [32m    LOG[39m [38;5;3m[RouterExplorer] [39m[32mMapped {/api/v1/tenant-admin/notifications, GET} route[39m[38;5;3m +0ms[39m
[32m[Nest] 19948  - [39m08/14/2026, 11:13:22 AM [32m    LOG[39m [38;5;3m[RouterExplorer] [39m[32mMapped {/api/v1/tenant-admin/notifications/unread-count, GET} route[39m[38;5;3m +0ms[39m
[32m[Nest] 19948  - [39m08/14/2026, 11:13:22 AM [32m    LOG[39m [38;5;3m[RouterExplorer] [39m[32mMapped {/api/v1/tenant-admin/notifications/:notificationId/read, PATCH} route[39m[38;5;3m +1ms[39m
[32m[Nest] 19948  - [39m08/14/2026, 11:13:22 AM [32m    LOG[39m [38;5;3m[RouterExplorer] [39m[32mMapped {/api/v1/tenant-admin/notifications/read-all, PATCH} route[39m[38;5;3m +0ms[39m
[32m[Nest] 19948  - [39m08/14/2026, 11:13:22 AM [32m    LOG[39m [38;5;3m[RoutesResolver] [39m[32mTenantAdminServicesController {/api/v1/tenant-admin/services}:[39m[38;5;3m +0ms[39m
[32m[Nest] 19948  - [39m08/14/2026, 11:13:22 AM [32m    LOG[39m [38;5;3m[RouterExplorer] [39m[32mMapped {/api/v1/tenant-admin/services, GET} route[39m[38;5;3m +0ms[39m
[32m[Nest] 19948  - [39m08/14/2026, 11:13:22 AM [32m    LOG[39m [38;5;3m[RouterExplorer] [39m[32mMapped {/api/v1/tenant-admin/services, POST} route[39m[38;5;3m +0ms[39m
[32m[Nest] 19948  - [39m08/14/2026, 11:13:22 AM [32m    LOG[39m [38;5;3m[RoutesResolver] [39m[32mTenantAdminTasksController {/api/v1/tenant-admin/tasks}:[39m[38;5;3m +0ms[39m
[32m[Nest] 19948  - [39m08/14/2026, 11:13:22 AM [32m    LOG[39m [38;5;3m[RouterExplorer] [39m[32mMapped {/api/v1/tenant-admin/tasks/options, GET} route[39m[38;5;3m +0ms[39m
[32m[Nest] 19948  - [39m08/14/2026, 11:13:22 AM [32m    LOG[39m [38;5;3m[RouterExplorer] [39m[32mMapped {/api/v1/tenant-admin/tasks, GET} route[39m[38;5;3m +0ms[39m
[32m[Nest] 19948  - [39m08/14/2026, 11:13:22 AM [32m    LOG[39m [38;5;3m[RouterExplorer] [39m[32mMapped {/api/v1/tenant-admin/tasks, POST} route[39m[38;5;3m +0ms[39m
[32m[Nest] 19948  - [39m08/14/2026, 11:13:22 AM [32m    LOG[39m [38;5;3m[RouterExplorer] [39m[32mMapped {/api/v1/tenant-admin/tasks/:taskId/approval, POST} route[39m[38;5;3m +0ms[39m
[32m[Nest] 19948  - [39m08/14/2026, 11:13:22 AM [32m    LOG[39m [38;5;3m[RouterExplorer] [39m[32mMapped {/api/v1/tenant-admin/tasks/employees, POST} route[39m[38;5;3m +0ms[39m
[32m[Nest] 19948  - [39m08/14/2026, 11:13:22 AM [32m    LOG[39m [38;5;3m[RouterExplorer] [39m[32mMapped {/api/v1/tenant-admin/tasks/employees/email-availability, GET} route[39m[38;5;3m +0ms[39m
[32m[Nest] 19948  - [39m08/14/2026, 11:13:22 AM [32m    LOG[39m [38;5;3m[RouterExplorer] [39m[32mMapped {/api/v1/tenant-admin/tasks/employees, GET} route[39m[38;5;3m +1ms[39m
[32m[Nest] 19948  - [39m08/14/2026, 11:13:22 AM [32m    LOG[39m [38;5;3m[RouterExplorer] [39m[32mMapped {/api/v1/tenant-admin/tasks/departments, GET} route[39m[38;5;3m +0ms[39m
[32m[Nest] 19948  - [39m08/14/2026, 11:13:22 AM [32m    LOG[39m [38;5;3m[RouterExplorer] [39m[32mMapped {/api/v1/tenant-admin/tasks/departments, POST} route[39m[38;5;3m +0ms[39m
[32m[Nest] 19948  - [39m08/14/2026, 11:13:22 AM [32m    LOG[39m [38;5;3m[RouterExplorer] [39m[32mMapped {/api/v1/tenant-admin/tasks/employees/:employeeId/assignment, PATCH} route[39m[38;5;3m +0ms[39m
[32m[Nest] 19948  - [39m08/14/2026, 11:13:22 AM [32m    LOG[39m [38;5;3m[RouterExplorer] [39m[32mMapped {/api/v1/tenant-admin/tasks/employees/:employeeId/manager, PATCH} route[39m[38;5;3m +0ms[39m
[32m[Nest] 19948  - [39m08/14/2026, 11:13:22 AM [32m    LOG[39m [38;5;3m[RouterExplorer] [39m[32mMapped {/api/v1/tenant-admin/tasks/employees/:employeeId/manager, DELETE} route[39m[38;5;3m +0ms[39m
[32m[Nest] 19948  - [39m08/14/2026, 11:13:22 AM [32m    LOG[39m [38;5;3m[RouterExplorer] [39m[32mMapped {/api/v1/tenant-admin/tasks/employees/:employeeId/capacity, PATCH} route[39m[38;5;3m +0ms[39m
[32m[Nest] 19948  - [39m08/14/2026, 11:13:22 AM [32m    LOG[39m [38;5;3m[RouterExplorer] [39m[32mMapped {/api/v1/tenant-admin/tasks/work-groups, GET} route[39m[38;5;3m +0ms[39m
[32m[Nest] 19948  - [39m08/14/2026, 11:13:22 AM [32m    LOG[39m [38;5;3m[RouterExplorer] [39m[32mMapped {/api/v1/tenant-admin/tasks/work-groups, POST} route[39m[38;5;3m +0ms[39m
[32m[Nest] 19948  - [39m08/14/2026, 11:13:22 AM [32m    LOG[39m [38;5;3m[RouterExplorer] [39m[32mMapped {/api/v1/tenant-admin/tasks/work-groups/:workGroupId, PATCH} route[39m[38;5;3m +0ms[39m
[32m[Nest] 19948  - [39m08/14/2026, 11:13:22 AM [32m    LOG[39m [38;5;3m[RoutesResolver] [39m[32mTenantAnalyticsController {/api/v1/super-admin/tenant-analytics}:[39m[38;5;3m +0ms[39m
[32m[Nest] 19948  - [39m08/14/2026, 11:13:22 AM [32m    LOG[39m [38;5;3m[RouterExplorer] [39m[32mMapped {/api/v1/super-admin/tenant-analytics, GET} route[39m[38;5;3m +0ms[39m
[32m[Nest] 19948  - [39m08/14/2026, 11:13:22 AM [32m    LOG[39m [38;5;3m[TaskNotificationOutboxWorker] [39m[32m[Notifications] Task notification worker is running. It checks committed notifications every 500ms.[39m
[32m[Nest] 19948  - [39m08/14/2026, 11:13:22 AM [32m    LOG[39m [38;5;3m[NestApplication] [39m[32mNest application successfully started[39m[38;5;3m +1ms[39m
[32m[Nest] 19948  - [39m08/14/2026, 12:53:34 PM [32m    LOG[39m [38;5;3m[TaskNotificationOutboxWorker] [39m[32m[Notifications] Worker claimed 1 notification event(s) for delivery.[39m
[32m[Nest] 19948  - [39m08/14/2026, 12:53:35 PM [32m    LOG[39m [38;5;3m[TaskNotificationOutboxWorker] [39m[32m[Notifications] Worker finished 1 event(s): 0 saved recipient notification(s), 0 active Socket.IO connection(s) reached.[39m
[32m[Nest] 19948  - [39m08/14/2026, 12:54:06 PM [32m    LOG[39m [38;5;3m[TaskNotificationOutboxWorker] [39m[32m[Notifications] Worker claimed 1 notification event(s) for delivery.[39m
[32m[Nest] 19948  - [39m08/14/2026, 12:54:07 PM [32m    LOG[39m [38;5;3m[TaskNotificationOutboxWorker] [39m[32m[Notifications] Worker finished 1 event(s): 0 saved recipient notification(s), 0 active Socket.IO connection(s) reached.[39m
[32m[Nest] 19948  - [39m08/14/2026, 12:54:38 PM [32m    LOG[39m [38;5;3m[TaskNotificationOutboxWorker] [39m[32m[Notifications] Worker claimed 1 notification event(s) for delivery.[39m
[32m[Nest] 19948  - [39m08/14/2026, 12:54:38 PM [32m    LOG[39m [38;5;3m[TaskNotificationOutboxWorker] [39m[32m[Notifications] Worker finished 1 event(s): 0 saved recipient notification(s), 0 active Socket.IO connection(s) reached.[39m
[32m[Nest] 19948  - [39m08/14/2026, 12:55:17 PM [32m    LOG[39m [38;5;3m[TaskNotificationOutboxWorker] [39m[32m[Notifications] Worker claimed 1 notification event(s) for delivery.[39m
[32m[Nest] 19948  - [39m08/14/2026, 12:55:17 PM [32m    LOG[39m [38;5;3m[TaskNotificationOutboxWorker] [39m[32m[Notifications] Worker finished 1 event(s): 0 saved recipient notification(s), 0 active Socket.IO connection(s) reached.[39m
12:55:27 PM [tsx] change in ./src\platform\tenant-admin-finance.repository.ts Restarting...
12:55:27 PM [tsx] change in ./src\platform\employee-documents.repository.ts Restarting...
{"level":30,"time":1786692338586,"service":"SaaS App Backend","environment":"development","msg":"Server listening at http://127.0.0.1:4000"}
[32m[Nest] 25544  - [39m08/14/2026, 12:55:38 PM [32m    LOG[39m [38;5;3m[NestFactory] [39m[32mStarting Nest application...[39m
[32m[Nest] 25544  - [39m08/14/2026, 12:55:38 PM [32m    LOG[39m [38;5;3m[InstanceLoader] [39m[32mAppConfigModule dependencies initialized[39m[38;5;3m +3ms[39m
[32m[Nest] 25544  - [39m08/14/2026, 12:55:38 PM [32m    LOG[39m [38;5;3m[InstanceLoader] [39m[32mAppConfigModule dependencies initialized[39m[38;5;3m +1ms[39m
[32m[Nest] 25544  - [39m08/14/2026, 12:55:38 PM [32m    LOG[39m [38;5;3m[InstanceLoader] [39m[32mCommonModule dependencies initialized[39m[38;5;3m +0ms[39m
[32m[Nest] 25544  - [39m08/14/2026, 12:55:38 PM [32m    LOG[39m [38;5;3m[InstanceLoader] [39m[32mAppModule dependencies initialized[39m[38;5;3m +1ms[39m
[32m[Nest] 25544  - [39m08/14/2026, 12:55:38 PM [32m    LOG[39m [38;5;3m[InstanceLoader] [39m[32mDatabaseModule dependencies initialized[39m[38;5;3m +0ms[39m
[32m[Nest] 25544  - [39m08/14/2026, 12:55:38 PM [32m    LOG[39m [38;5;3m[InstanceLoader] [39m[32mHealthModule dependencies initialized[39m[38;5;3m +1ms[39m
[32m[Nest] 25544  - [39m08/14/2026, 12:55:38 PM [32m    LOG[39m [38;5;3m[InstanceLoader] [39m[32mAuthModule dependencies initialized[39m[38;5;3m +1ms[39m
[32m[Nest] 25544  - [39m08/14/2026, 12:55:38 PM [32m    LOG[39m [38;5;3m[InstanceLoader] [39m[32mPlatformModule dependencies initialized[39m[38;5;3m +0ms[39m
[32m[Nest] 25544  - [39m08/14/2026, 12:55:38 PM [32m    LOG[39m [38;5;3m[RoutesResolver] [39m[32mHealthController {/api/v1/health}:[39m[38;5;3m +1ms[39m
[32m[Nest] 25544  - [39m08/14/2026, 12:55:38 PM [32m    LOG[39m [38;5;3m[RouterExplorer] [39m[32mMapped {/api/v1/health/live, GET} route[39m[38;5;3m +0ms[39m
[32m[Nest] 25544  - [39m08/14/2026, 12:55:38 PM [32m    LOG[39m [38;5;3m[RouterExplorer] [39m[32mMapped {/api/v1/health/ready, GET} route[39m[38;5;3m +1ms[39m
[32m[Nest] 25544  - [39m08/14/2026, 12:55:38 PM [32m    LOG[39m [38;5;3m[RoutesResolver] [39m[32mMeController {/api/v1/me}:[39m[38;5;3m +1ms[39m
[32m[Nest] 25544  - [39m08/14/2026, 12:55:38 PM [32m    LOG[39m [38;5;3m[RouterExplorer] [39m[32mMapped {/api/v1/me, GET} route[39m[38;5;3m +1ms[39m
[32m[Nest] 25544  - [39m08/14/2026, 12:55:38 PM [32m    LOG[39m [38;5;3m[RouterExplorer] [39m[32mMapped {/api/v1/me/profile, PATCH} route[39m[38;5;3m +1ms[39m
[32m[Nest] 25544  - [39m08/14/2026, 12:55:38 PM [32m    LOG[39m [38;5;3m[RouterExplorer] [39m[32mMapped {/api/v1/me/preferences, PATCH} route[39m[38;5;3m +1ms[39m
[32m[Nest] 25544  - [39m08/14/2026, 12:55:38 PM [32m    LOG[39m [38;5;3m[RoutesResolver] [39m[32mAccessAdminController {/api/v1}:[39m[38;5;3m +0ms[39m
[32m[Nest] 25544  - [39m08/14/2026, 12:55:38 PM [32m    LOG[39m [38;5;3m[RouterExplorer] [39m[32mMapped {/api/v1/super-admin/tenant-creation-options, GET} route[39m[38;5;3m +1ms[39m
[32m[Nest] 25544  - [39m08/14/2026, 12:55:38 PM [32m    LOG[39m [38;5;3m[RouterExplorer] [39m[32mMapped {/api/v1/super-admin/tenants, GET} route[39m[38;5;3m +0ms[39m
[32m[Nest] 25544  - [39m08/14/2026, 12:55:38 PM [32m    LOG[39m [38;5;3m[RouterExplorer] [39m[32mMapped {/api/v1/super-admin/users/email-availability, GET} route[39m[38;5;3m +1ms[39m
[32m[Nest] 25544  - [39m08/14/2026, 12:55:38 PM [32m    LOG[39m [38;5;3m[RouterExplorer] [39m[32mMapped {/api/v1/super-admin/tenant-list-filters, GET} route[39m[38;5;3m +0ms[39m
[32m[Nest] 25544  - [39m08/14/2026, 12:55:38 PM [32m    LOG[39m [38;5;3m[RouterExplorer] [39m[32mMapped {/api/v1/super-admin/tenants/:tenantId, GET} route[39m[38;5;3m +1ms[39m
[32m[Nest] 25544  - [39m08/14/2026, 12:55:38 PM [32m    LOG[39m [38;5;3m[RouterExplorer] [39m[32mMapped {/api/v1/super-admin/tenants/:tenantId/status, PATCH} route[39m[38;5;3m +0ms[39m
[32m[Nest] 25544  - [39m08/14/2026, 12:55:38 PM [32m    LOG[39m [38;5;3m[RouterExplorer] [39m[32mMapped {/api/v1/super-admin/tenants/:tenantId/password, POST} route[39m[38;5;3m +1ms[39m
[32m[Nest] 25544  - [39m08/14/2026, 12:55:38 PM [32m    LOG[39m [38;5;3m[RouterExplorer] [39m[32mMapped {/api/v1/super-admin/tenants, POST} route[39m[38;5;3m +1ms[39m
[32m[Nest] 25544  - [39m08/14/2026, 12:55:38 PM [32m    LOG[39m [38;5;3m[RouterExplorer] [39m[32mMapped {/api/v1/invitations, POST} route[39m[38;5;3m +0ms[39m
[32m[Nest] 25544  - [39m08/14/2026, 12:55:38 PM [32m    LOG[39m [38;5;3m[RouterExplorer] [39m[32mMapped {/api/v1/invitations/:invitationId/cancel, POST} route[39m[38;5;3m +1ms[39m
[32m[Nest] 25544  - [39m08/14/2026, 12:55:38 PM [32m    LOG[39m [38;5;3m[RouterExplorer] [39m[32mMapped {/api/v1/invitations/:invitationId/revoke, POST} route[39m[38;5;3m +0ms[39m
[32m[Nest] 25544  - [39m08/14/2026, 12:55:38 PM [32m    LOG[39m [38;5;3m[RouterExplorer] [39m[32mMapped {/api/v1/invitations/:invitationId/accept, POST} route[39m[38;5;3m +1ms[39m
[32m[Nest] 25544  - [39m08/14/2026, 12:55:38 PM [32m    LOG[39m [38;5;3m[RouterExplorer] [39m[32mMapped {/api/v1/memberships/:membershipId/revoke, POST} route[39m[38;5;3m +0ms[39m
[32m[Nest] 25544  - [39m08/14/2026, 12:55:38 PM [32m    LOG[39m [38;5;3m[RouterExplorer] [39m[32mMapped {/api/v1/memberships/:membershipId/reactivate, POST} route[39m[38;5;3m +1ms[39m
[32m[Nest] 25544  - [39m08/14/2026, 12:55:38 PM [32m    LOG[39m [38;5;3m[RoutesResolver] [39m[32mPortalAuthController {/api/v1/auth}:[39m[38;5;3m +0ms[39m
[32m[Nest] 25544  - [39m08/14/2026, 12:55:38 PM [32m    LOG[39m [38;5;3m[RouterExplorer] [39m[32mMapped {/api/v1/auth/super-admin/login, POST} route[39m[38;5;3m +1ms[39m
[32m[Nest] 25544  - [39m08/14/2026, 12:55:38 PM [32m    LOG[39m [38;5;3m[RouterExplorer] [39m[32mMapped {/api/v1/auth/tenant/login, POST} route[39m[38;5;3m +0ms[39m
[32m[Nest] 25544  - [39m08/14/2026, 12:55:38 PM [32m    LOG[39m [38;5;3m[RouterExplorer] [39m[32mMapped {/api/v1/auth/employee/login, POST} route[39m[38;5;3m +1ms[39m
[32m[Nest] 25544  - [39m08/14/2026, 12:55:38 PM [32m    LOG[39m [38;5;3m[RouterExplorer] [39m[32mMapped {/api/v1/auth/client/login, POST} route[39m[38;5;3m +1ms[39m
[32m[Nest] 25544  - [39m08/14/2026, 12:55:38 PM [32m    LOG[39m [38;5;3m[RouterExplorer] [39m[32mMapped {/api/v1/auth/super-admin/session, GET} route[39m[38;5;3m +0ms[39m
[32m[Nest] 25544  - [39m08/14/2026, 12:55:38 PM [32m    LOG[39m [38;5;3m[RouterExplorer] [39m[32mMapped {/api/v1/auth/tenant/session, GET} route[39m[38;5;3m +1ms[39m
[32m[Nest] 25544  - [39m08/14/2026, 12:55:38 PM [32m    LOG[39m [38;5;3m[RouterExplorer] [39m[32mMapped {/api/v1/auth/employee/session, GET} route[39m[38;5;3m +0ms[39m
[32m[Nest] 25544  - [39m08/14/2026, 12:55:38 PM [32m    LOG[39m [38;5;3m[RouterExplorer] [39m[32mMapped {/api/v1/auth/client/session, GET} route[39m[38;5;3m +1ms[39m
[32m[Nest] 25544  - [39m08/14/2026, 12:55:38 PM [32m    LOG[39m [38;5;3m[RouterExplorer] [39m[32mMapped {/api/v1/auth/super-admin/logout, POST} route[39m[38;5;3m +0ms[39m
[32m[Nest] 25544  - [39m08/14/2026, 12:55:38 PM [32m    LOG[39m [38;5;3m[RouterExplorer] [39m[32mMapped {/api/v1/auth/tenant/logout, POST} route[39m[38;5;3m +0ms[39m
[32m[Nest] 25544  - [39m08/14/2026, 12:55:38 PM [32m    LOG[39m [38;5;3m[RouterExplorer] [39m[32mMapped {/api/v1/auth/employee/logout, POST} route[39m[38;5;3m +1ms[39m
[32m[Nest] 25544  - [39m08/14/2026, 12:55:38 PM [32m    LOG[39m [38;5;3m[RouterExplorer] [39m[32mMapped {/api/v1/auth/client/logout, POST} route[39m[38;5;3m +0ms[39m
[32m[Nest] 25544  - [39m08/14/2026, 12:55:38 PM [32m    LOG[39m [38;5;3m[RoutesResolver] [39m[32mSuperAdminAuditLogController {/api/v1/super-admin/audit-log}:[39m[38;5;3m +0ms[39m
[32m[Nest] 25544  - [39m08/14/2026, 12:55:38 PM [32m    LOG[39m [38;5;3m[RouterExplorer] [39m[32mMapped {/api/v1/super-admin/audit-log, GET} route[39m[38;5;3m +1ms[39m
[32m[Nest] 25544  - [39m08/14/2026, 12:55:38 PM [32m    LOG[39m [38;5;3m[RoutesResolver] [39m[32mSuperAdminDashboardController {/api/v1/super-admin}:[39m[38;5;3m +0ms[39m
[32m[Nest] 25544  - [39m08/14/2026, 12:55:38 PM [32m    LOG[39m [38;5;3m[RouterExplorer] [39m[32mMapped {/api/v1/super-admin/dashboard, GET} route[39m[38;5;3m +1ms[39m
[32m[Nest] 25544  - [39m08/14/2026, 12:55:38 PM [32m    LOG[39m [38;5;3m[RouterExplorer] [39m[32mMapped {/api/v1/super-admin/alerts/:alertId/view, PATCH} route[39m[38;5;3m +1ms[39m
[32m[Nest] 25544  - [39m08/14/2026, 12:55:38 PM [32m    LOG[39m [38;5;3m[RouterExplorer] [39m[32mMapped {/api/v1/super-admin/alerts/:alertId/reviews, POST} route[39m[38;5;3m +1ms[39m
[32m[Nest] 25544  - [39m08/14/2026, 12:55:38 PM [32m    LOG[39m [38;5;3m[RouterExplorer] [39m[32mMapped {/api/v1/super-admin/tenant-reviews/:reviewId, PATCH} route[39m[38;5;3m +0ms[39m
[32m[Nest] 25544  - [39m08/14/2026, 12:55:38 PM [32m    LOG[39m [38;5;3m[RoutesResolver] [39m[32mSuperAdminSearchController {/api/v1/super-admin}:[39m[38;5;3m +0ms[39m
[32m[Nest] 25544  - [39m08/14/2026, 12:55:38 PM [32m    LOG[39m [38;5;3m[RouterExplorer] [39m[32mMapped {/api/v1/super-admin/search, GET} route[39m[38;5;3m +1ms[39m
[32m[Nest] 25544  - [39m08/14/2026, 12:55:38 PM [32m    LOG[39m [38;5;3m[RoutesResolver] [39m[32mSuperAdminNotificationsController {/api/v1/super-admin/notifications}:[39m[38;5;3m +0ms[39m
[32m[Nest] 25544  - [39m08/14/2026, 12:55:38 PM [32m    LOG[39m [38;5;3m[RouterExplorer] [39m[32mMapped {/api/v1/super-admin/notifications, GET} route[39m[38;5;3m +0ms[39m
[32m[Nest] 25544  - [39m08/14/2026, 12:55:38 PM [32m    LOG[39m [38;5;3m[RouterExplorer] [39m[32mMapped {/api/v1/super-admin/notifications/unread-count, GET} route[39m[38;5;3m +1ms[39m
[32m[Nest] 25544  - [39m08/14/2026, 12:55:38 PM [32m    LOG[39m [38;5;3m[RouterExplorer] [39m[32mMapped {/api/v1/super-admin/notifications/:notificationId/read, PATCH} route[39m[38;5;3m +0ms[39m
[32m[Nest] 25544  - [39m08/14/2026, 12:55:38 PM [32m    LOG[39m [38;5;3m[RouterExplorer] [39m[32mMapped {/api/v1/super-admin/notifications/read-all, PATCH} route[39m[38;5;3m +0ms[39m
[32m[Nest] 25544  - [39m08/14/2026, 12:55:38 PM [32m    LOG[39m [38;5;3m[RoutesResolver] [39m[32mSuperAdminPlatformConfigurationController {/api/v1/super-admin/platform-configuration}:[39m[38;5;3m +0ms[39m
[32m[Nest] 25544  - [39m08/14/2026, 12:55:38 PM [32m    LOG[39m [38;5;3m[RouterExplorer] [39m[32mMapped {/api/v1/super-admin/platform-configuration, GET} route[39m[38;5;3m +0ms[39m
[32m[Nest] 25544  - [39m08/14/2026, 12:55:38 PM [32m    LOG[39m [38;5;3m[RouterExplorer] [39m[32mMapped {/api/v1/super-admin/platform-configuration, PATCH} route[39m[38;5;3m +0ms[39m
[32m[Nest] 25544  - [39m08/14/2026, 12:55:38 PM [32m    LOG[39m [38;5;3m[RoutesResolver] [39m[32mClientPortalDashboardController {/api/v1/client-portal/dashboard}:[39m[38;5;3m +0ms[39m
[32m[Nest] 25544  - [39m08/14/2026, 12:55:38 PM [32m    LOG[39m [38;5;3m[RouterExplorer] [39m[32mMapped {/api/v1/client-portal/dashboard, GET} route[39m[38;5;3m +0ms[39m
[32m[Nest] 25544  - [39m08/14/2026, 12:55:38 PM [32m    LOG[39m [38;5;3m[RoutesResolver] [39m[32mClientPortalDeliverablesController {/api/v1/client-portal/deliverables}:[39m[38;5;3m +1ms[39m
[32m[Nest] 25544  - [39m08/14/2026, 12:55:38 PM [32m    LOG[39m [38;5;3m[RouterExplorer] [39m[32mMapped {/api/v1/client-portal/deliverables, GET} route[39m[38;5;3m +0ms[39m
[32m[Nest] 25544  - [39m08/14/2026, 12:55:38 PM [32m    LOG[39m [38;5;3m[RouterExplorer] [39m[32mMapped {/api/v1/client-portal/deliverables/:documentId/decision, POST} route[39m[38;5;3m +0ms[39m
[32m[Nest] 25544  - [39m08/14/2026, 12:55:38 PM [32m    LOG[39m [38;5;3m[RouterExplorer] [39m[32mMapped {/api/v1/client-portal/deliverables/:documentId/download, GET} route[39m[38;5;3m +1ms[39m
[32m[Nest] 25544  - [39m08/14/2026, 12:55:38 PM [32m    LOG[39m [38;5;3m[RoutesResolver] [39m[32mClientPortalNotificationsController {/api/v1/client-portal/notifications}:[39m[38;5;3m +0ms[39m
[32m[Nest] 25544  - [39m08/14/2026, 12:55:38 PM [32m    LOG[39m [38;5;3m[RouterExplorer] [39m[32mMapped {/api/v1/client-portal/notifications, GET} route[39m[38;5;3m +0ms[39m
[32m[Nest] 25544  - [39m08/14/2026, 12:55:38 PM [32m    LOG[39m [38;5;3m[RoutesResolver] [39m[32mClientPortalProfileController {/api/v1/client-portal/profile}:[39m[38;5;3m +1ms[39m
[32m[Nest] 25544  - [39m08/14/2026, 12:55:38 PM [32m    LOG[39m [38;5;3m[RouterExplorer] [39m[32mMapped {/api/v1/client-portal/profile, GET} route[39m[38;5;3m +0ms[39m
[32m[Nest] 25544  - [39m08/14/2026, 12:55:38 PM [32m    LOG[39m [38;5;3m[RouterExplorer] [39m[32mMapped {/api/v1/client-portal/profile, PATCH} route[39m[38;5;3m +1ms[39m
[32m[Nest] 25544  - [39m08/14/2026, 12:55:38 PM [32m    LOG[39m [38;5;3m[RoutesResolver] [39m[32mClientPortalRequestsController {/api/v1/client-portal/requests}:[39m[38;5;3m +0ms[39m
[32m[Nest] 25544  - [39m08/14/2026, 12:55:38 PM [32m    LOG[39m [38;5;3m[RouterExplorer] [39m[32mMapped {/api/v1/client-portal/requests/options, GET} route[39m[38;5;3m +1ms[39m
[32m[Nest] 25544  - [39m08/14/2026, 12:55:38 PM [32m    LOG[39m [38;5;3m[RouterExplorer] [39m[32mMapped {/api/v1/client-portal/requests, POST} route[39m[38;5;3m +0ms[39m
[32m[Nest] 25544  - [39m08/14/2026, 12:55:38 PM [32m    LOG[39m [38;5;3m[RoutesResolver] [39m[32mEmployeeDashboardController {/api/v1/employee/dashboard}:[39m[38;5;3m +0ms[39m
[32m[Nest] 25544  - [39m08/14/2026, 12:55:38 PM [32m    LOG[39m [38;5;3m[RouterExplorer] [39m[32mMapped {/api/v1/employee/dashboard, GET} route[39m[38;5;3m +1ms[39m
[32m[Nest] 25544  - [39m08/14/2026, 12:55:38 PM [32m    LOG[39m [38;5;3m[RoutesResolver] [39m[32mEmployeeDocumentsController {/api/v1/employee/documents}:[39m[38;5;3m +1ms[39m
[32m[Nest] 25544  - [39m08/14/2026, 12:55:38 PM [32m    LOG[39m [38;5;3m[RouterExplorer] [39m[32mMapped {/api/v1/employee/documents/options, GET} route[39m[38;5;3m +0ms[39m
[32m[Nest] 25544  - [39m08/14/2026, 12:55:38 PM [32m    LOG[39m [38;5;3m[RouterExplorer] [39m[32mMapped {/api/v1/employee/documents, GET} route[39m[38;5;3m +1ms[39m
[32m[Nest] 25544  - [39m08/14/2026, 12:55:38 PM [32m    LOG[39m [38;5;3m[RouterExplorer] [39m[32mMapped {/api/v1/employee/documents, POST} route[39m[38;5;3m +0ms[39m
[32m[Nest] 25544  - [39m08/14/2026, 12:55:38 PM [32m    LOG[39m [38;5;3m[RouterExplorer] [39m[32mMapped {/api/v1/employee/documents/upload-url, POST} route[39m[38;5;3m +1ms[39m
[32m[Nest] 25544  - [39m08/14/2026, 12:55:38 PM [32m    LOG[39m [38;5;3m[RouterExplorer] [39m[32mMapped {/api/v1/employee/documents/:documentId/download, GET} route[39m[38;5;3m +1ms[39m
[32m[Nest] 25544  - [39m08/14/2026, 12:55:38 PM [32m    LOG[39m [38;5;3m[RoutesResolver] [39m[32mEmployeeManagerController {/api/v1/employee/manager}:[39m[38;5;3m +1ms[39m
[32m[Nest] 25544  - [39m08/14/2026, 12:55:38 PM [32m    LOG[39m [38;5;3m[RouterExplorer] [39m[32mMapped {/api/v1/employee/manager/clients, GET} route[39m[38;5;3m +1ms[39m
[32m[Nest] 25544  - [39m08/14/2026, 12:55:38 PM [32m    LOG[39m [38;5;3m[RouterExplorer] [39m[32mMapped {/api/v1/employee/manager/task-options, GET} route[39m[38;5;3m +1ms[39m
[32m[Nest] 25544  - [39m08/14/2026, 12:55:38 PM [32m    LOG[39m [38;5;3m[RouterExplorer] [39m[32mMapped {/api/v1/employee/manager/reviews, GET} route[39m[38;5;3m +0ms[39m
[32m[Nest] 25544  - [39m08/14/2026, 12:55:38 PM [32m    LOG[39m [38;5;3m[RouterExplorer] [39m[32mMapped {/api/v1/employee/manager/tasks, POST} route[39m[38;5;3m +1ms[39m
[32m[Nest] 25544  - [39m08/14/2026, 12:55:38 PM [32m    LOG[39m [38;5;3m[RouterExplorer] [39m[32mMapped {/api/v1/employee/manager/reviews/:taskId, POST} route[39m[38;5;3m +0ms[39m
[32m[Nest] 25544  - [39m08/14/2026, 12:55:38 PM [32m    LOG[39m [38;5;3m[RoutesResolver] [39m[32mEmployeeNotificationsController {/api/v1/employee/notifications}:[39m[38;5;3m +0ms[39m
[32m[Nest] 25544  - [39m08/14/2026, 12:55:38 PM [32m    LOG[39m [38;5;3m[RouterExplorer] [39m[32mMapped {/api/v1/employee/notifications, GET} route[39m[38;5;3m +1ms[39m
[32m[Nest] 25544  - [39m08/14/2026, 12:55:38 PM [32m    LOG[39m [38;5;3m[RouterExplorer] [39m[32mMapped {/api/v1/employee/notifications/unread-count, GET} route[39m[38;5;3m +0ms[39m
[32m[Nest] 25544  - [39m08/14/2026, 12:55:38 PM [32m    LOG[39m [38;5;3m[RouterExplorer] [39m[32mMapped {/api/v1/employee/notifications/:notificationId/read, PATCH} route[39m[38;5;3m +0ms[39m
[32m[Nest] 25544  - [39m08/14/2026, 12:55:38 PM [32m    LOG[39m [38;5;3m[RouterExplorer] [39m[32mMapped {/api/v1/employee/notifications/read-all, PATCH} route[39m[38;5;3m +1ms[39m
[32m[Nest] 25544  - [39m08/14/2026, 12:55:38 PM [32m    LOG[39m [38;5;3m[RoutesResolver] [39m[32mEmployeeProfileController {/api/v1/employee/profile}:[39m[38;5;3m +0ms[39m
[32m[Nest] 25544  - [39m08/14/2026, 12:55:38 PM [32m    LOG[39m [38;5;3m[RouterExplorer] [39m[32mMapped {/api/v1/employee/profile, GET} route[39m[38;5;3m +0ms[39m
[32m[Nest] 25544  - [39m08/14/2026, 12:55:38 PM [32m    LOG[39m [38;5;3m[RoutesResolver] [39m[32mEmployeeTasksController {/api/v1/employee}:[39m[38;5;3m +0ms[39m
[32m[Nest] 25544  - [39m08/14/2026, 12:55:38 PM [32m    LOG[39m [38;5;3m[RouterExplorer] [39m[32mMapped {/api/v1/employee/tasks, GET} route[39m[38;5;3m +1ms[39m
[32m[Nest] 25544  - [39m08/14/2026, 12:55:38 PM [32m    LOG[39m [38;5;3m[RouterExplorer] [39m[32mMapped {/api/v1/employee/work-logs, GET} route[39m[38;5;3m +0ms[39m
[32m[Nest] 25544  - [39m08/14/2026, 12:55:38 PM [32m    LOG[39m [38;5;3m[RouterExplorer] [39m[32mMapped {/api/v1/employee/tasks/:taskId/start, POST} route[39m[38;5;3m +0ms[39m
[32m[Nest] 25544  - [39m08/14/2026, 12:55:38 PM [32m    LOG[39m [38;5;3m[RouterExplorer] [39m[32mMapped {/api/v1/employee/tasks/:taskId/pause, POST} route[39m[38;5;3m +1ms[39m
[32m[Nest] 25544  - [39m08/14/2026, 12:55:38 PM [32m    LOG[39m [38;5;3m[RouterExplorer] [39m[32mMapped {/api/v1/employee/tasks/:taskId/resume, POST} route[39m[38;5;3m +0ms[39m
[32m[Nest] 25544  - [39m08/14/2026, 12:55:38 PM [32m    LOG[39m [38;5;3m[RouterExplorer] [39m[32mMapped {/api/v1/employee/tasks/:taskId/submit, POST} route[39m[38;5;3m +0ms[39m
[32m[Nest] 25544  - [39m08/14/2026, 12:55:38 PM [32m    LOG[39m [38;5;3m[RoutesResolver] [39m[32mTenantAdminDashboardController {/api/v1/tenant-admin/dashboard}:[39m[38;5;3m +1ms[39m
[32m[Nest] 25544  - [39m08/14/2026, 12:55:38 PM [32m    LOG[39m [38;5;3m[RouterExplorer] [39m[32mMapped {/api/v1/tenant-admin/dashboard, GET} route[39m[38;5;3m +0ms[39m
[32m[Nest] 25544  - [39m08/14/2026, 12:55:38 PM [32m    LOG[39m [38;5;3m[RouterExplorer] [39m[32mMapped {/api/v1/tenant-admin/dashboard/profile, GET} route[39m[38;5;3m +0ms[39m
[32m[Nest] 25544  - [39m08/14/2026, 12:55:38 PM [32m    LOG[39m [38;5;3m[RouterExplorer] [39m[32mMapped {/api/v1/tenant-admin/dashboard/profile, PATCH} route[39m[38;5;3m +1ms[39m
[32m[Nest] 25544  - [39m08/14/2026, 12:55:38 PM [32m    LOG[39m [38;5;3m[RoutesResolver] [39m[32mTenantAdminClientsController {/api/v1/tenant-admin/clients}:[39m[38;5;3m +0ms[39m
[32m[Nest] 25544  - [39m08/14/2026, 12:55:38 PM [32m    LOG[39m [38;5;3m[RouterExplorer] [39m[32mMapped {/api/v1/tenant-admin/clients, GET} route[39m[38;5;3m +0ms[39m
[32m[Nest] 25544  - [39m08/14/2026, 12:55:38 PM [32m    LOG[39m [38;5;3m[RouterExplorer] [39m[32mMapped {/api/v1/tenant-admin/clients, POST} route[39m[38;5;3m +1ms[39m
[32m[Nest] 25544  - [39m08/14/2026, 12:55:38 PM [32m    LOG[39m [38;5;3m[RouterExplorer] [39m[32mMapped {/api/v1/tenant-admin/clients/:clientRef, GET} route[39m[38;5;3m +0ms[39m
[32m[Nest] 25544  - [39m08/14/2026, 12:55:38 PM [32m    LOG[39m [38;5;3m[RouterExplorer] [39m[32mMapped {/api/v1/tenant-admin/clients/:clientRef, DELETE} route[39m[38;5;3m +1ms[39m
[32m[Nest] 25544  - [39m08/14/2026, 12:55:38 PM [32m    LOG[39m [38;5;3m[RouterExplorer] [39m[32mMapped {/api/v1/tenant-admin/clients/:clientRef/contacts, POST} route[39m[38;5;3m +0ms[39m
[32m[Nest] 25544  - [39m08/14/2026, 12:55:38 PM [32m    LOG[39m [38;5;3m[RouterExplorer] [39m[32mMapped {/api/v1/tenant-admin/clients/:clientRef/contacts/:contactId, PATCH} route[39m[38;5;3m +1ms[39m
[32m[Nest] 25544  - [39m08/14/2026, 12:55:38 PM [32m    LOG[39m [38;5;3m[RoutesResolver] [39m[32mTenantAdminEmployeePerformanceController {/api/v1/tenant-admin/employee-performance}:[39m[38;5;3m +0ms[39m
[32m[Nest] 25544  - [39m08/14/2026, 12:55:38 PM [32m    LOG[39m [38;5;3m[RouterExplorer] [39m[32mMapped {/api/v1/tenant-admin/employee-performance, GET} route[39m[38;5;3m +1ms[39m
[32m[Nest] 25544  - [39m08/14/2026, 12:55:38 PM [32m    LOG[39m [38;5;3m[RouterExplorer] [39m[32mMapped {/api/v1/tenant-admin/employee-performance/:employeeId, GET} route[39m[38;5;3m +0ms[39m
[32m[Nest] 25544  - [39m08/14/2026, 12:55:38 PM [32m    LOG[39m [38;5;3m[RoutesResolver] [39m[32mTenantAdminFinanceController {/api/v1/tenant-admin/finance}:[39m[38;5;3m +1ms[39m
[32m[Nest] 25544  - [39m08/14/2026, 12:55:38 PM [32m    LOG[39m [38;5;3m[RouterExplorer] [39m[32mMapped {/api/v1/tenant-admin/finance/documents, GET} route[39m[38;5;3m +0ms[39m
[32m[Nest] 25544  - [39m08/14/2026, 12:55:38 PM [32m    LOG[39m [38;5;3m[RouterExplorer] [39m[32mMapped {/api/v1/tenant-admin/finance/documents, POST} route[39m[38;5;3m +0ms[39m
[32m[Nest] 25544  - [39m08/14/2026, 12:55:38 PM [32m    LOG[39m [38;5;3m[RouterExplorer] [39m[32mMapped {/api/v1/tenant-admin/finance/documents/upload-url, POST} route[39m[38;5;3m +1ms[39m
[32m[Nest] 25544  - [39m08/14/2026, 12:55:38 PM [32m    LOG[39m [38;5;3m[RouterExplorer] [39m[32mMapped {/api/v1/tenant-admin/finance/documents/:documentId/download, GET} route[39m[38;5;3m +0ms[39m
[32m[Nest] 25544  - [39m08/14/2026, 12:55:38 PM [32m    LOG[39m [38;5;3m[RouterExplorer] [39m[32mMapped {/api/v1/tenant-admin/finance/invoices, GET} route[39m[38;5;3m +1ms[39m
[32m[Nest] 25544  - [39m08/14/2026, 12:55:38 PM [32m    LOG[39m [38;5;3m[RouterExplorer] [39m[32mMapped {/api/v1/tenant-admin/finance/invoices, POST} route[39m[38;5;3m +0ms[39m
[32m[Nest] 25544  - [39m08/14/2026, 12:55:38 PM [32m    LOG[39m [38;5;3m[RouterExplorer] [39m[32mMapped {/api/v1/tenant-admin/finance/billable-tasks, GET} route[39m[38;5;3m +1ms[39m
[32m[Nest] 25544  - [39m08/14/2026, 12:55:38 PM [32m    LOG[39m [38;5;3m[RouterExplorer] [39m[32mMapped {/api/v1/tenant-admin/finance/invoices/from-task, POST} route[39m[38;5;3m +0ms[39m
[32m[Nest] 25544  - [39m08/14/2026, 12:55:38 PM [32m    LOG[39m [38;5;3m[RouterExplorer] [39m[32mMapped {/api/v1/tenant-admin/finance/invoices/:invoiceId/send, POST} route[39m[38;5;3m +1ms[39m
[32m[Nest] 25544  - [39m08/14/2026, 12:55:38 PM [32m    LOG[39m [38;5;3m[RoutesResolver] [39m[32mTenantAdminNotificationsController {/api/v1/tenant-admin/notifications}:[39m[38;5;3m +0ms[39m
[32m[Nest] 25544  - [39m08/14/2026, 12:55:38 PM [32m    LOG[39m [38;5;3m[RouterExplorer] [39m[32mMapped {/api/v1/tenant-admin/notifications, GET} route[39m[38;5;3m +0ms[39m
[32m[Nest] 25544  - [39m08/14/2026, 12:55:38 PM [32m    LOG[39m [38;5;3m[RouterExplorer] [39m[32mMapped {/api/v1/tenant-admin/notifications/unread-count, GET} route[39m[38;5;3m +1ms[39m
[32m[Nest] 25544  - [39m08/14/2026, 12:55:38 PM [32m    LOG[39m [38;5;3m[RouterExplorer] [39m[32mMapped {/api/v1/tenant-admin/notifications/:notificationId/read, PATCH} route[39m[38;5;3m +0ms[39m
[32m[Nest] 25544  - [39m08/14/2026, 12:55:38 PM [32m    LOG[39m [38;5;3m[RouterExplorer] [39m[32mMapped {/api/v1/tenant-admin/notifications/read-all, PATCH} route[39m[38;5;3m +0ms[39m
[32m[Nest] 25544  - [39m08/14/2026, 12:55:38 PM [32m    LOG[39m [38;5;3m[RoutesResolver] [39m[32mTenantAdminServicesController {/api/v1/tenant-admin/services}:[39m[38;5;3m +1ms[39m
[32m[Nest] 25544  - [39m08/14/2026, 12:55:38 PM [32m    LOG[39m [38;5;3m[RouterExplorer] [39m[32mMapped {/api/v1/tenant-admin/services, GET} route[39m[38;5;3m +0ms[39m
[32m[Nest] 25544  - [39m08/14/2026, 12:55:38 PM [32m    LOG[39m [38;5;3m[RouterExplorer] [39m[32mMapped {/api/v1/tenant-admin/services, POST} route[39m[38;5;3m +0ms[39m
[32m[Nest] 25544  - [39m08/14/2026, 12:55:38 PM [32m    LOG[39m [38;5;3m[RoutesResolver] [39m[32mTenantAdminTasksController {/api/v1/tenant-admin/tasks}:[39m[38;5;3m +0ms[39m
[32m[Nest] 25544  - [39m08/14/2026, 12:55:38 PM [32m    LOG[39m [38;5;3m[RouterExplorer] [39m[32mMapped {/api/v1/tenant-admin/tasks/options, GET} route[39m[38;5;3m +1ms[39m
[32m[Nest] 25544  - [39m08/14/2026, 12:55:38 PM [32m    LOG[39m [38;5;3m[RouterExplorer] [39m[32mMapped {/api/v1/tenant-admin/tasks, GET} route[39m[38;5;3m +0ms[39m
[32m[Nest] 25544  - [39m08/14/2026, 12:55:38 PM [32m    LOG[39m [38;5;3m[RouterExplorer] [39m[32mMapped {/api/v1/tenant-admin/tasks, POST} route[39m[38;5;3m +1ms[39m
[32m[Nest] 25544  - [39m08/14/2026, 12:55:38 PM [32m    LOG[39m [38;5;3m[RouterExplorer] [39m[32mMapped {/api/v1/tenant-admin/tasks/:taskId/approval, POST} route[39m[38;5;3m +0ms[39m
[32m[Nest] 25544  - [39m08/14/2026, 12:55:38 PM [32m    LOG[39m [38;5;3m[RouterExplorer] [39m[32mMapped {/api/v1/tenant-admin/tasks/employees, POST} route[39m[38;5;3m +1ms[39m
[32m[Nest] 25544  - [39m08/14/2026, 12:55:38 PM [32m    LOG[39m [38;5;3m[RouterExplorer] [39m[32mMapped {/api/v1/tenant-admin/tasks/employees/email-availability, GET} route[39m[38;5;3m +0ms[39m
[32m[Nest] 25544  - [39m08/14/2026, 12:55:38 PM [32m    LOG[39m [38;5;3m[RouterExplorer] [39m[32mMapped {/api/v1/tenant-admin/tasks/employees, GET} route[39m[38;5;3m +1ms[39m
[32m[Nest] 25544  - [39m08/14/2026, 12:55:38 PM [32m    LOG[39m [38;5;3m[RouterExplorer] [39m[32mMapped {/api/v1/tenant-admin/tasks/departments, GET} route[39m[38;5;3m +0ms[39m
[32m[Nest] 25544  - [39m08/14/2026, 12:55:38 PM [32m    LOG[39m [38;5;3m[RouterExplorer] [39m[32mMapped {/api/v1/tenant-admin/tasks/departments, POST} route[39m[38;5;3m +0ms[39m
[32m[Nest] 25544  - [39m08/14/2026, 12:55:38 PM [32m    LOG[39m [38;5;3m[RouterExplorer] [39m[32mMapped {/api/v1/tenant-admin/tasks/employees/:employeeId/assignment, PATCH} route[39m[38;5;3m +1ms[39m
[32m[Nest] 25544  - [39m08/14/2026, 12:55:38 PM [32m    LOG[39m [38;5;3m[RouterExplorer] [39m[32mMapped {/api/v1/tenant-admin/tasks/employees/:employeeId/manager, PATCH} route[39m[38;5;3m +0ms[39m
[32m[Nest] 25544  - [39m08/14/2026, 12:55:38 PM [32m    LOG[39m [38;5;3m[RouterExplorer] [39m[32mMapped {/api/v1/tenant-admin/tasks/employees/:employeeId/manager, DELETE} route[39m[38;5;3m +1ms[39m
[32m[Nest] 25544  - [39m08/14/2026, 12:55:38 PM [32m    LOG[39m [38;5;3m[RouterExplorer] [39m[32mMapped {/api/v1/tenant-admin/tasks/employees/:employeeId/capacity, PATCH} route[39m[38;5;3m +0ms[39m
[32m[Nest] 25544  - [39m08/14/2026, 12:55:38 PM [32m    LOG[39m [38;5;3m[RouterExplorer] [39m[32mMapped {/api/v1/tenant-admin/tasks/work-groups, GET} route[39m[38;5;3m +1ms[39m
[32m[Nest] 25544  - [39m08/14/2026, 12:55:38 PM [32m    LOG[39m [38;5;3m[RouterExplorer] [39m[32mMapped {/api/v1/tenant-admin/tasks/work-groups, POST} route[39m[38;5;3m +0ms[39m
[32m[Nest] 25544  - [39m08/14/2026, 12:55:38 PM [32m    LOG[39m [38;5;3m[RouterExplorer] [39m[32mMapped {/api/v1/tenant-admin/tasks/work-groups/:workGroupId, PATCH} route[39m[38;5;3m +1ms[39m
[32m[Nest] 25544  - [39m08/14/2026, 12:55:38 PM [32m    LOG[39m [38;5;3m[RoutesResolver] [39m[32mTenantAnalyticsController {/api/v1/super-admin/tenant-analytics}:[39m[38;5;3m +1ms[39m
[32m[Nest] 25544  - [39m08/14/2026, 12:55:38 PM [32m    LOG[39m [38;5;3m[RouterExplorer] [39m[32mMapped {/api/v1/super-admin/tenant-analytics, GET} route[39m[38;5;3m +1ms[39m
[32m[Nest] 25544  - [39m08/14/2026, 12:55:38 PM [32m    LOG[39m [38;5;3m[TaskNotificationOutboxWorker] [39m[32m[Notifications] Task notification worker is running. It checks committed notifications every 500ms.[39m
[32m[Nest] 25544  - [39m08/14/2026, 12:55:38 PM [32m    LOG[39m [38;5;3m[NestApplication] [39m[32mNest application successfully started[39m[38;5;3m +1ms[39m
{"level":30,"time":1786692338586,"service":"SaaS App Backend","environment":"development","msg":"Server listening at http://172.16.0.2:4000"}
{"level":30,"time":1786692338586,"service":"SaaS App Backend","environment":"development","msg":"Server listening at http://192.168.1.29:4000"}
{"level":30,"time":1786692417672,"service":"SaaS App Backend","environment":"development","reqId":"4929542d-52ab-4efb-823b-7cd949ce6c26","req":{"id":"4929542d-52ab-4efb-823b-7cd949ce6c26","method":"GET","url":"/api/v1/me","route":"/api/v1/me"},"msg":"incoming request"}
{"level":30,"time":1786692417940,"service":"SaaS App Backend","environment":"development","reqId":"4929542d-52ab-4efb-823b-7cd949ce6c26","res":{"statusCode":401},"responseTime":266.68949999999313,"msg":"request completed"}
[32m[Nest] 25544  - [39m08/14/2026, 12:56:59 PM [32m    LOG[39m [38;5;3m[TaskNotificationOutboxWorker] [39m[32m[Notifications] Worker claimed 1 notification event(s) for delivery.[39m
[32m[Nest] 25544  - [39m08/14/2026, 12:57:00 PM [32m    LOG[39m [38;5;3m[TaskNotificationOutboxWorker] [39m[32m[Notifications] Worker finished 1 event(s): 0 saved recipient notification(s), 0 active Socket.IO connection(s) reached.[39m
[32m[Nest] 25544  - [39m08/14/2026, 12:58:37 PM [32m    LOG[39m [38;5;3m[TaskNotificationOutboxWorker] [39m[32m[Notifications] Worker claimed 1 notification event(s) for delivery.[39m
[32m[Nest] 25544  - [39m08/14/2026, 12:58:37 PM [32m    LOG[39m [38;5;3m[TaskNotificationOutboxWorker] [39m[32m[Notifications] Worker finished 1 event(s): 0 saved recipient notification(s), 0 active Socket.IO connection(s) reached.[39m
1:00:32 PM [tsx] change in ./src\platform\task-workflow-support.ts Restarting...
1:00:32 PM [tsx] change in ./src\platform\employee-notifications.gateway.ts Restarting...
1:00:33 PM [tsx] change in ./src\platform\tenant-admin-notifications.gateway.ts Restarting...
[32m[Nest] 23732  - [39m08/14/2026, 1:00:40 PM [32m    LOG[39m [38;5;3m[NestFactory] [39m[32mStarting Nest application...[39m
[32m[Nest] 23732  - [39m08/14/2026, 1:00:40 PM [32m    LOG[39m [38;5;3m[InstanceLoader] [39m[32mAppConfigModule dependencies initialized[39m[38;5;3m +3ms[39m
[32m[Nest] 23732  - [39m08/14/2026, 1:00:40 PM [32m    LOG[39m [38;5;3m[InstanceLoader] [39m[32mAppConfigModule dependencies initialized[39m[38;5;3m +0ms[39m
[32m[Nest] 23732  - [39m08/14/2026, 1:00:40 PM [32m    LOG[39m [38;5;3m[InstanceLoader] [39m[32mCommonModule dependencies initialized[39m[38;5;3m +0ms[39m
[32m[Nest] 23732  - [39m08/14/2026, 1:00:40 PM [32m    LOG[39m [38;5;3m[InstanceLoader] [39m[32mAppModule dependencies initialized[39m[38;5;3m +0ms[39m
[32m[Nest] 23732  - [39m08/14/2026, 1:00:40 PM [32m    LOG[39m [38;5;3m[InstanceLoader] [39m[32mDatabaseModule dependencies initialized[39m[38;5;3m +1ms[39m
[32m[Nest] 23732  - [39m08/14/2026, 1:00:40 PM [32m    LOG[39m [38;5;3m[InstanceLoader] [39m[32mHealthModule dependencies initialized[39m[38;5;3m +0ms[39m
[32m[Nest] 23732  - [39m08/14/2026, 1:00:40 PM [32m    LOG[39m [38;5;3m[InstanceLoader] [39m[32mAuthModule dependencies initialized[39m[38;5;3m +0ms[39m
[32m[Nest] 23732  - [39m08/14/2026, 1:00:40 PM [32m    LOG[39m [38;5;3m[InstanceLoader] [39m[32mPlatformModule dependencies initialized[39m[38;5;3m +0ms[39m
[32m[Nest] 23732  - [39m08/14/2026, 1:00:40 PM [32m    LOG[39m [38;5;3m[RoutesResolver] [39m[32mHealthController {/api/v1/health}:[39m[38;5;3m +0ms[39m
[32m[Nest] 23732  - [39m08/14/2026, 1:00:40 PM [32m    LOG[39m [38;5;3m[RouterExplorer] [39m[32mMapped {/api/v1/health/live, GET} route[39m[38;5;3m +1ms[39m
[32m[Nest] 23732  - [39m08/14/2026, 1:00:40 PM [32m    LOG[39m [38;5;3m[RouterExplorer] [39m[32mMapped {/api/v1/health/ready, GET} route[39m[38;5;3m +0ms[39m
[32m[Nest] 23732  - [39m08/14/2026, 1:00:40 PM [32m    LOG[39m [38;5;3m[RoutesResolver] [39m[32mMeController {/api/v1/me}:[39m[38;5;3m +0ms[39m
[32m[Nest] 23732  - [39m08/14/2026, 1:00:40 PM [32m    LOG[39m [38;5;3m[RouterExplorer] [39m[32mMapped {/api/v1/me, GET} route[39m[38;5;3m +1ms[39m
[32m[Nest] 23732  - [39m08/14/2026, 1:00:40 PM [32m    LOG[39m [38;5;3m[RouterExplorer] [39m[32mMapped {/api/v1/me/profile, PATCH} route[39m[38;5;3m +0ms[39m
[32m[Nest] 23732  - [39m08/14/2026, 1:00:40 PM [32m    LOG[39m [38;5;3m[RouterExplorer] [39m[32mMapped {/api/v1/me/preferences, PATCH} route[39m[38;5;3m +0ms[39m
[32m[Nest] 23732  - [39m08/14/2026, 1:00:40 PM [32m    LOG[39m [38;5;3m[RoutesResolver] [39m[32mAccessAdminController {/api/v1}:[39m[38;5;3m +1ms[39m
[32m[Nest] 23732  - [39m08/14/2026, 1:00:40 PM [32m    LOG[39m [38;5;3m[RouterExplorer] [39m[32mMapped {/api/v1/super-admin/tenant-creation-options, GET} route[39m[38;5;3m +0ms[39m
[32m[Nest] 23732  - [39m08/14/2026, 1:00:40 PM [32m    LOG[39m [38;5;3m[RouterExplorer] [39m[32mMapped {/api/v1/super-admin/tenants, GET} route[39m[38;5;3m +1ms[39m
[32m[Nest] 23732  - [39m08/14/2026, 1:00:40 PM [32m    LOG[39m [38;5;3m[RouterExplorer] [39m[32mMapped {/api/v1/super-admin/users/email-availability, GET} route[39m[38;5;3m +0ms[39m
[32m[Nest] 23732  - [39m08/14/2026, 1:00:40 PM [32m    LOG[39m [38;5;3m[RouterExplorer] [39m[32mMapped {/api/v1/super-admin/tenant-list-filters, GET} route[39m[38;5;3m +1ms[39m
[32m[Nest] 23732  - [39m08/14/2026, 1:00:40 PM [32m    LOG[39m [38;5;3m[RouterExplorer] [39m[32mMapped {/api/v1/super-admin/tenants/:tenantId, GET} route[39m[38;5;3m +0ms[39m
[32m[Nest] 23732  - [39m08/14/2026, 1:00:40 PM [32m    LOG[39m [38;5;3m[RouterExplorer] [39m[32mMapped {/api/v1/super-admin/tenants/:tenantId/status, PATCH} route[39m[38;5;3m +1ms[39m
[32m[Nest] 23732  - [39m08/14/2026, 1:00:40 PM [32m    LOG[39m [38;5;3m[RouterExplorer] [39m[32mMapped {/api/v1/super-admin/tenants/:tenantId/password, POST} route[39m[38;5;3m +0ms[39m
[32m[Nest] 23732  - [39m08/14/2026, 1:00:40 PM [32m    LOG[39m [38;5;3m[RouterExplorer] [39m[32mMapped {/api/v1/super-admin/tenants, POST} route[39m[38;5;3m +0ms[39m
[32m[Nest] 23732  - [39m08/14/2026, 1:00:40 PM [32m    LOG[39m [38;5;3m[RouterExplorer] [39m[32mMapped {/api/v1/invitations, POST} route[39m[38;5;3m +1ms[39m
[32m[Nest] 23732  - [39m08/14/2026, 1:00:40 PM [32m    LOG[39m [38;5;3m[RouterExplorer] [39m[32mMapped {/api/v1/invitations/:invitationId/cancel, POST} route[39m[38;5;3m +0ms[39m
[32m[Nest] 23732  - [39m08/14/2026, 1:00:40 PM [32m    LOG[39m [38;5;3m[RouterExplorer] [39m[32mMapped {/api/v1/invitations/:invitationId/revoke, POST} route[39m[38;5;3m +0ms[39m
[32m[Nest] 23732  - [39m08/14/2026, 1:00:40 PM [32m    LOG[39m [38;5;3m[RouterExplorer] [39m[32mMapped {/api/v1/invitations/:invitationId/accept, POST} route[39m[38;5;3m +0ms[39m
[32m[Nest] 23732  - [39m08/14/2026, 1:00:40 PM [32m    LOG[39m [38;5;3m[RouterExplorer] [39m[32mMapped {/api/v1/memberships/:membershipId/revoke, POST} route[39m[38;5;3m +1ms[39m
[32m[Nest] 23732  - [39m08/14/2026, 1:00:40 PM [32m    LOG[39m [38;5;3m[RouterExplorer] [39m[32mMapped {/api/v1/memberships/:membershipId/reactivate, POST} route[39m[38;5;3m +0ms[39m
[32m[Nest] 23732  - [39m08/14/2026, 1:00:40 PM [32m    LOG[39m [38;5;3m[RoutesResolver] [39m[32mPortalAuthController {/api/v1/auth}:[39m[38;5;3m +0ms[39m
[32m[Nest] 23732  - [39m08/14/2026, 1:00:40 PM [32m    LOG[39m [38;5;3m[RouterExplorer] [39m[32mMapped {/api/v1/auth/super-admin/login, POST} route[39m[38;5;3m +0ms[39m
[32m[Nest] 23732  - [39m08/14/2026, 1:00:40 PM [32m    LOG[39m [38;5;3m[RouterExplorer] [39m[32mMapped {/api/v1/auth/tenant/login, POST} route[39m[38;5;3m +1ms[39m
[32m[Nest] 23732  - [39m08/14/2026, 1:00:40 PM [32m    LOG[39m [38;5;3m[RouterExplorer] [39m[32mMapped {/api/v1/auth/employee/login, POST} route[39m[38;5;3m +0ms[39m
[32m[Nest] 23732  - [39m08/14/2026, 1:00:40 PM [32m    LOG[39m [38;5;3m[RouterExplorer] [39m[32mMapped {/api/v1/auth/client/login, POST} route[39m[38;5;3m +0ms[39m
[32m[Nest] 23732  - [39m08/14/2026, 1:00:40 PM [32m    LOG[39m [38;5;3m[RouterExplorer] [39m[32mMapped {/api/v1/auth/super-admin/session, GET} route[39m[38;5;3m +1ms[39m
[32m[Nest] 23732  - [39m08/14/2026, 1:00:40 PM [32m    LOG[39m [38;5;3m[RouterExplorer] [39m[32mMapped {/api/v1/auth/tenant/session, GET} route[39m[38;5;3m +0ms[39m
[32m[Nest] 23732  - [39m08/14/2026, 1:00:40 PM [32m    LOG[39m [38;5;3m[RouterExplorer] [39m[32mMapped {/api/v1/auth/employee/session, GET} route[39m[38;5;3m +0ms[39m
[32m[Nest] 23732  - [39m08/14/2026, 1:00:40 PM [32m    LOG[39m [38;5;3m[RouterExplorer] [39m[32mMapped {/api/v1/auth/client/session, GET} route[39m[38;5;3m +1ms[39m
[32m[Nest] 23732  - [39m08/14/2026, 1:00:40 PM [32m    LOG[39m [38;5;3m[RouterExplorer] [39m[32mMapped {/api/v1/auth/super-admin/logout, POST} route[39m[38;5;3m +0ms[39m
[32m[Nest] 23732  - [39m08/14/2026, 1:00:40 PM [32m    LOG[39m [38;5;3m[RouterExplorer] [39m[32mMapped {/api/v1/auth/tenant/logout, POST} route[39m[38;5;3m +0ms[39m
[32m[Nest] 23732  - [39m08/14/2026, 1:00:40 PM [32m    LOG[39m [38;5;3m[RouterExplorer] [39m[32mMapped {/api/v1/auth/employee/logout, POST} route[39m[38;5;3m +0ms[39m
[32m[Nest] 23732  - [39m08/14/2026, 1:00:40 PM [32m    LOG[39m [38;5;3m[RouterExplorer] [39m[32mMapped {/api/v1/auth/client/logout, POST} route[39m[38;5;3m +1ms[39m
[32m[Nest] 23732  - [39m08/14/2026, 1:00:40 PM [32m    LOG[39m [38;5;3m[RoutesResolver] [39m[32mSuperAdminAuditLogController {/api/v1/super-admin/audit-log}:[39m[38;5;3m +0ms[39m
[32m[Nest] 23732  - [39m08/14/2026, 1:00:40 PM [32m    LOG[39m [38;5;3m[RouterExplorer] [39m[32mMapped {/api/v1/super-admin/audit-log, GET} route[39m[38;5;3m +0ms[39m
[32m[Nest] 23732  - [39m08/14/2026, 1:00:40 PM [32m    LOG[39m [38;5;3m[RoutesResolver] [39m[32mSuperAdminDashboardController {/api/v1/super-admin}:[39m[38;5;3m +0ms[39m
[32m[Nest] 23732  - [39m08/14/2026, 1:00:40 PM [32m    LOG[39m [38;5;3m[RouterExplorer] [39m[32mMapped {/api/v1/super-admin/dashboard, GET} route[39m[38;5;3m +0ms[39m
[32m[Nest] 23732  - [39m08/14/2026, 1:00:40 PM [32m    LOG[39m [38;5;3m[RouterExplorer] [39m[32mMapped {/api/v1/super-admin/alerts/:alertId/view, PATCH} route[39m[38;5;3m +0ms[39m
[32m[Nest] 23732  - [39m08/14/2026, 1:00:40 PM [32m    LOG[39m [38;5;3m[RouterExplorer] [39m[32mMapped {/api/v1/super-admin/alerts/:alertId/reviews, POST} route[39m[38;5;3m +0ms[39m
[32m[Nest] 23732  - [39m08/14/2026, 1:00:40 PM [32m    LOG[39m [38;5;3m[RouterExplorer] [39m[32mMapped {/api/v1/super-admin/tenant-reviews/:reviewId, PATCH} route[39m[38;5;3m +0ms[39m
[32m[Nest] 23732  - [39m08/14/2026, 1:00:40 PM [32m    LOG[39m [38;5;3m[RoutesResolver] [39m[32mSuperAdminSearchController {/api/v1/super-admin}:[39m[38;5;3m +0ms[39m
[32m[Nest] 23732  - [39m08/14/2026, 1:00:40 PM [32m    LOG[39m [38;5;3m[RouterExplorer] [39m[32mMapped {/api/v1/super-admin/search, GET} route[39m[38;5;3m +0ms[39m
[32m[Nest] 23732  - [39m08/14/2026, 1:00:40 PM [32m    LOG[39m [38;5;3m[RoutesResolver] [39m[32mSuperAdminNotificationsController {/api/v1/super-admin/notifications}:[39m[38;5;3m +1ms[39m
[32m[Nest] 23732  - [39m08/14/2026, 1:00:40 PM [32m    LOG[39m [38;5;3m[RouterExplorer] [39m[32mMapped {/api/v1/super-admin/notifications, GET} route[39m[38;5;3m +0ms[39m
[32m[Nest] 23732  - [39m08/14/2026, 1:00:40 PM [32m    LOG[39m [38;5;3m[RouterExplorer] [39m[32mMapped {/api/v1/super-admin/notifications/unread-count, GET} route[39m[38;5;3m +0ms[39m
[32m[Nest] 23732  - [39m08/14/2026, 1:00:40 PM [32m    LOG[39m [38;5;3m[RouterExplorer] [39m[32mMapped {/api/v1/super-admin/notifications/:notificationId/read, PATCH} route[39m[38;5;3m +0ms[39m
[32m[Nest] 23732  - [39m08/14/2026, 1:00:40 PM [32m    LOG[39m [38;5;3m[RouterExplorer] [39m[32mMapped {/api/v1/super-admin/notifications/read-all, PATCH} route[39m[38;5;3m +0ms[39m
[32m[Nest] 23732  - [39m08/14/2026, 1:00:40 PM [32m    LOG[39m [38;5;3m[RoutesResolver] [39m[32mSuperAdminPlatformConfigurationController {/api/v1/super-admin/platform-configuration}:[39m[38;5;3m +0ms[39m
[32m[Nest] 23732  - [39m08/14/2026, 1:00:40 PM [32m    LOG[39m [38;5;3m[RouterExplorer] [39m[32mMapped {/api/v1/super-admin/platform-configuration, GET} route[39m[38;5;3m +0ms[39m
[32m[Nest] 23732  - [39m08/14/2026, 1:00:40 PM [32m    LOG[39m [38;5;3m[RouterExplorer] [39m[32mMapped {/api/v1/super-admin/platform-configuration, PATCH} route[39m[38;5;3m +0ms[39m
[32m[Nest] 23732  - [39m08/14/2026, 1:00:40 PM [32m    LOG[39m [38;5;3m[RoutesResolver] [39m[32mClientPortalDashboardController {/api/v1/client-portal/dashboard}:[39m[38;5;3m +0ms[39m
[32m[Nest] 23732  - [39m08/14/2026, 1:00:40 PM [32m    LOG[39m [38;5;3m[RouterExplorer] [39m[32mMapped {/api/v1/client-portal/dashboard, GET} route[39m[38;5;3m +1ms[39m
[32m[Nest] 23732  - [39m08/14/2026, 1:00:40 PM [32m    LOG[39m [38;5;3m[RoutesResolver] [39m[32mClientPortalDeliverablesController {/api/v1/client-portal/deliverables}:[39m[38;5;3m +0ms[39m
[32m[Nest] 23732  - [39m08/14/2026, 1:00:40 PM [32m    LOG[39m [38;5;3m[RouterExplorer] [39m[32mMapped {/api/v1/client-portal/deliverables, GET} route[39m[38;5;3m +0ms[39m
[32m[Nest] 23732  - [39m08/14/2026, 1:00:40 PM [32m    LOG[39m [38;5;3m[RouterExplorer] [39m[32mMapped {/api/v1/client-portal/deliverables/:documentId/decision, POST} route[39m[38;5;3m +0ms[39m
[32m[Nest] 23732  - [39m08/14/2026, 1:00:40 PM [32m    LOG[39m [38;5;3m[RouterExplorer] [39m[32mMapped {/api/v1/client-portal/deliverables/:documentId/download, GET} route[39m[38;5;3m +0ms[39m
[32m[Nest] 23732  - [39m08/14/2026, 1:00:40 PM [32m    LOG[39m [38;5;3m[RoutesResolver] [39m[32mClientPortalNotificationsController {/api/v1/client-portal/notifications}:[39m[38;5;3m +0ms[39m
[32m[Nest] 23732  - [39m08/14/2026, 1:00:40 PM [32m    LOG[39m [38;5;3m[RouterExplorer] [39m[32mMapped {/api/v1/client-portal/notifications, GET} route[39m[38;5;3m +0ms[39m
[32m[Nest] 23732  - [39m08/14/2026, 1:00:40 PM [32m    LOG[39m [38;5;3m[RoutesResolver] [39m[32mClientPortalProfileController {/api/v1/client-portal/profile}:[39m[38;5;3m +1ms[39m
[32m[Nest] 23732  - [39m08/14/2026, 1:00:40 PM [32m    LOG[39m [38;5;3m[RouterExplorer] [39m[32mMapped {/api/v1/client-portal/profile, GET} route[39m[38;5;3m +0ms[39m
[32m[Nest] 23732  - [39m08/14/2026, 1:00:40 PM [32m    LOG[39m [38;5;3m[RouterExplorer] [39m[32mMapped {/api/v1/client-portal/profile, PATCH} route[39m[38;5;3m +0ms[39m
[32m[Nest] 23732  - [39m08/14/2026, 1:00:40 PM [32m    LOG[39m [38;5;3m[RoutesResolver] [39m[32mClientPortalRequestsController {/api/v1/client-portal/requests}:[39m[38;5;3m +0ms[39m
[32m[Nest] 23732  - [39m08/14/2026, 1:00:40 PM [32m    LOG[39m [38;5;3m[RouterExplorer] [39m[32mMapped {/api/v1/client-portal/requests/options, GET} route[39m[38;5;3m +0ms[39m
[32m[Nest] 23732  - [39m08/14/2026, 1:00:40 PM [32m    LOG[39m [38;5;3m[RouterExplorer] [39m[32mMapped {/api/v1/client-portal/requests, POST} route[39m[38;5;3m +0ms[39m
[32m[Nest] 23732  - [39m08/14/2026, 1:00:40 PM [32m    LOG[39m [38;5;3m[RoutesResolver] [39m[32mEmployeeDashboardController {/api/v1/employee/dashboard}:[39m[38;5;3m +0ms[39m
[32m[Nest] 23732  - [39m08/14/2026, 1:00:40 PM [32m    LOG[39m [38;5;3m[RouterExplorer] [39m[32mMapped {/api/v1/employee/dashboard, GET} route[39m[38;5;3m +0ms[39m
[32m[Nest] 23732  - [39m08/14/2026, 1:00:40 PM [32m    LOG[39m [38;5;3m[RoutesResolver] [39m[32mEmployeeDocumentsController {/api/v1/employee/documents}:[39m[38;5;3m +0ms[39m
[32m[Nest] 23732  - [39m08/14/2026, 1:00:40 PM [32m    LOG[39m [38;5;3m[RouterExplorer] [39m[32mMapped {/api/v1/employee/documents/options, GET} route[39m[38;5;3m +0ms[39m
[32m[Nest] 23732  - [39m08/14/2026, 1:00:40 PM [32m    LOG[39m [38;5;3m[RouterExplorer] [39m[32mMapped {/api/v1/employee/documents, GET} route[39m[38;5;3m +1ms[39m
[32m[Nest] 23732  - [39m08/14/2026, 1:00:40 PM [32m    LOG[39m [38;5;3m[RouterExplorer] [39m[32mMapped {/api/v1/employee/documents, POST} route[39m[38;5;3m +0ms[39m
[32m[Nest] 23732  - [39m08/14/2026, 1:00:40 PM [32m    LOG[39m [38;5;3m[RouterExplorer] [39m[32mMapped {/api/v1/employee/documents/upload-url, POST} route[39m[38;5;3m +0ms[39m
[32m[Nest] 23732  - [39m08/14/2026, 1:00:40 PM [32m    LOG[39m [38;5;3m[RouterExplorer] [39m[32mMapped {/api/v1/employee/documents/:documentId/download, GET} route[39m[38;5;3m +0ms[39m
[32m[Nest] 23732  - [39m08/14/2026, 1:00:40 PM [32m    LOG[39m [38;5;3m[RoutesResolver] [39m[32mEmployeeManagerController {/api/v1/employee/manager}:[39m[38;5;3m +0ms[39m
[32m[Nest] 23732  - [39m08/14/2026, 1:00:40 PM [32m    LOG[39m [38;5;3m[RouterExplorer] [39m[32mMapped {/api/v1/employee/manager/clients, GET} route[39m[38;5;3m +0ms[39m
[32m[Nest] 23732  - [39m08/14/2026, 1:00:40 PM [32m    LOG[39m [38;5;3m[RouterExplorer] [39m[32mMapped {/api/v1/employee/manager/task-options, GET} route[39m[38;5;3m +0ms[39m
[32m[Nest] 23732  - [39m08/14/2026, 1:00:40 PM [32m    LOG[39m [38;5;3m[RouterExplorer] [39m[32mMapped {/api/v1/employee/manager/reviews, GET} route[39m[38;5;3m +0ms[39m
[32m[Nest] 23732  - [39m08/14/2026, 1:00:40 PM [32m    LOG[39m [38;5;3m[RouterExplorer] [39m[32mMapped {/api/v1/employee/manager/tasks, POST} route[39m[38;5;3m +0ms[39m
[32m[Nest] 23732  - [39m08/14/2026, 1:00:40 PM [32m    LOG[39m [38;5;3m[RouterExplorer] [39m[32mMapped {/api/v1/employee/manager/reviews/:taskId, POST} route[39m[38;5;3m +0ms[39m
[32m[Nest] 23732  - [39m08/14/2026, 1:00:40 PM [32m    LOG[39m [38;5;3m[RoutesResolver] [39m[32mEmployeeNotificationsController {/api/v1/employee/notifications}:[39m[38;5;3m +0ms[39m
[32m[Nest] 23732  - [39m08/14/2026, 1:00:40 PM [32m    LOG[39m [38;5;3m[RouterExplorer] [39m[32mMapped {/api/v1/employee/notifications, GET} route[39m[38;5;3m +0ms[39m
[32m[Nest] 23732  - [39m08/14/2026, 1:00:40 PM [32m    LOG[39m [38;5;3m[RouterExplorer] [39m[32mMapped {/api/v1/employee/notifications/unread-count, GET} route[39m[38;5;3m +1ms[39m
[32m[Nest] 23732  - [39m08/14/2026, 1:00:40 PM [32m    LOG[39m [38;5;3m[RouterExplorer] [39m[32mMapped {/api/v1/employee/notifications/:notificationId/read, PATCH} route[39m[38;5;3m +0ms[39m
[32m[Nest] 23732  - [39m08/14/2026, 1:00:40 PM [32m    LOG[39m [38;5;3m[RouterExplorer] [39m[32mMapped {/api/v1/employee/notifications/read-all, PATCH} route[39m[38;5;3m +0ms[39m
[32m[Nest] 23732  - [39m08/14/2026, 1:00:40 PM [32m    LOG[39m [38;5;3m[RoutesResolver] [39m[32mEmployeeProfileController {/api/v1/employee/profile}:[39m[38;5;3m +0ms[39m
[32m[Nest] 23732  - [39m08/14/2026, 1:00:40 PM [32m    LOG[39m [38;5;3m[RouterExplorer] [39m[32mMapped {/api/v1/employee/profile, GET} route[39m[38;5;3m +0ms[39m
[32m[Nest] 23732  - [39m08/14/2026, 1:00:40 PM [32m    LOG[39m [38;5;3m[RoutesResolver] [39m[32mEmployeeTasksController {/api/v1/employee}:[39m[38;5;3m +1ms[39m
[32m[Nest] 23732  - [39m08/14/2026, 1:00:40 PM [32m    LOG[39m [38;5;3m[RouterExplorer] [39m[32mMapped {/api/v1/employee/tasks, GET} route[39m[38;5;3m +0ms[39m
[32m[Nest] 23732  - [39m08/14/2026, 1:00:40 PM [32m    LOG[39m [38;5;3m[RouterExplorer] [39m[32mMapped {/api/v1/employee/work-logs, GET} route[39m[38;5;3m +0ms[39m
[32m[Nest] 23732  - [39m08/14/2026, 1:00:40 PM [32m    LOG[39m [38;5;3m[RouterExplorer] [39m[32mMapped {/api/v1/employee/tasks/:taskId/start, POST} route[39m[38;5;3m +0ms[39m
[32m[Nest] 23732  - [39m08/14/2026, 1:00:40 PM [32m    LOG[39m [38;5;3m[RouterExplorer] [39m[32mMapped {/api/v1/employee/tasks/:taskId/pause, POST} route[39m[38;5;3m +0ms[39m
[32m[Nest] 23732  - [39m08/14/2026, 1:00:40 PM [32m    LOG[39m [38;5;3m[RouterExplorer] [39m[32mMapped {/api/v1/employee/tasks/:taskId/resume, POST} route[39m[38;5;3m +0ms[39m
[32m[Nest] 23732  - [39m08/14/2026, 1:00:40 PM [32m    LOG[39m [38;5;3m[RouterExplorer] [39m[32mMapped {/api/v1/employee/tasks/:taskId/submit, POST} route[39m[38;5;3m +1ms[39m
[32m[Nest] 23732  - [39m08/14/2026, 1:00:40 PM [32m    LOG[39m [38;5;3m[RoutesResolver] [39m[32mTenantAdminDashboardController {/api/v1/tenant-admin/dashboard}:[39m[38;5;3m +0ms[39m
[32m[Nest] 23732  - [39m08/14/2026, 1:00:40 PM [32m    LOG[39m [38;5;3m[RouterExplorer] [39m[32mMapped {/api/v1/tenant-admin/dashboard, GET} route[39m[38;5;3m +0ms[39m
[32m[Nest] 23732  - [39m08/14/2026, 1:00:40 PM [32m    LOG[39m [38;5;3m[RouterExplorer] [39m[32mMapped {/api/v1/tenant-admin/dashboard/profile, GET} route[39m[38;5;3m +0ms[39m
[32m[Nest] 23732  - [39m08/14/2026, 1:00:40 PM [32m    LOG[39m [38;5;3m[RouterExplorer] [39m[32mMapped {/api/v1/tenant-admin/dashboard/profile, PATCH} route[39m[38;5;3m +0ms[39m
[32m[Nest] 23732  - [39m08/14/2026, 1:00:40 PM [32m    LOG[39m [38;5;3m[RoutesResolver] [39m[32mTenantAdminClientsController {/api/v1/tenant-admin/clients}:[39m[38;5;3m +0ms[39m
[32m[Nest] 23732  - [39m08/14/2026, 1:00:40 PM [32m    LOG[39m [38;5;3m[RouterExplorer] [39m[32mMapped {/api/v1/tenant-admin/clients, GET} route[39m[38;5;3m +1ms[39m
[32m[Nest] 23732  - [39m08/14/2026, 1:00:40 PM [32m    LOG[39m [38;5;3m[RouterExplorer] [39m[32mMapped {/api/v1/tenant-admin/clients, POST} route[39m[38;5;3m +0ms[39m
[32m[Nest] 23732  - [39m08/14/2026, 1:00:40 PM [32m    LOG[39m [38;5;3m[RouterExplorer] [39m[32mMapped {/api/v1/tenant-admin/clients/:clientRef, GET} route[39m[38;5;3m +0ms[39m
[32m[Nest] 23732  - [39m08/14/2026, 1:00:40 PM [32m    LOG[39m [38;5;3m[RouterExplorer] [39m[32mMapped {/api/v1/tenant-admin/clients/:clientRef, DELETE} route[39m[38;5;3m +0ms[39m
[32m[Nest] 23732  - [39m08/14/2026, 1:00:40 PM [32m    LOG[39m [38;5;3m[RouterExplorer] [39m[32mMapped {/api/v1/tenant-admin/clients/:clientRef/contacts, POST} route[39m[38;5;3m +0ms[39m
[32m[Nest] 23732  - [39m08/14/2026, 1:00:40 PM [32m    LOG[39m [38;5;3m[RouterExplorer] [39m[32mMapped {/api/v1/tenant-admin/clients/:clientRef/contacts/:contactId, PATCH} route[39m[38;5;3m +0ms[39m
[32m[Nest] 23732  - [39m08/14/2026, 1:00:40 PM [32m    LOG[39m [38;5;3m[RoutesResolver] [39m[32mTenantAdminEmployeePerformanceController {/api/v1/tenant-admin/employee-performance}:[39m[38;5;3m +0ms[39m
[32m[Nest] 23732  - [39m08/14/2026, 1:00:40 PM [32m    LOG[39m [38;5;3m[RouterExplorer] [39m[32mMapped {/api/v1/tenant-admin/employee-performance, GET} route[39m[38;5;3m +0ms[39m
[32m[Nest] 23732  - [39m08/14/2026, 1:00:40 PM [32m    LOG[39m [38;5;3m[RouterExplorer] [39m[32mMapped {/api/v1/tenant-admin/employee-performance/:employeeId, GET} route[39m[38;5;3m +0ms[39m
[32m[Nest] 23732  - [39m08/14/2026, 1:00:40 PM [32m    LOG[39m [38;5;3m[RoutesResolver] [39m[32mTenantAdminFinanceController {/api/v1/tenant-admin/finance}:[39m[38;5;3m +0ms[39m
[32m[Nest] 23732  - [39m08/14/2026, 1:00:40 PM [32m    LOG[39m [38;5;3m[RouterExplorer] [39m[32mMapped {/api/v1/tenant-admin/finance/documents, GET} route[39m[38;5;3m +0ms[39m
[32m[Nest] 23732  - [39m08/14/2026, 1:00:40 PM [32m    LOG[39m [38;5;3m[RouterExplorer] [39m[32mMapped {/api/v1/tenant-admin/finance/documents, POST} route[39m[38;5;3m +0ms[39m
[32m[Nest] 23732  - [39m08/14/2026, 1:00:40 PM [32m    LOG[39m [38;5;3m[RouterExplorer] [39m[32mMapped {/api/v1/tenant-admin/finance/documents/upload-url, POST} route[39m[38;5;3m +0ms[39m
[32m[Nest] 23732  - [39m08/14/2026, 1:00:40 PM [32m    LOG[39m [38;5;3m[RouterExplorer] [39m[32mMapped {/api/v1/tenant-admin/finance/documents/:documentId/download, GET} route[39m[38;5;3m +1ms[39m
[32m[Nest] 23732  - [39m08/14/2026, 1:00:40 PM [32m    LOG[39m [38;5;3m[RouterExplorer] [39m[32mMapped {/api/v1/tenant-admin/finance/invoices, GET} route[39m[38;5;3m +0ms[39m
[32m[Nest] 23732  - [39m08/14/2026, 1:00:40 PM [32m    LOG[39m [38;5;3m[RouterExplorer] [39m[32mMapped {/api/v1/tenant-admin/finance/invoices, POST} route[39m[38;5;3m +0ms[39m
[32m[Nest] 23732  - [39m08/14/2026, 1:00:40 PM [32m    LOG[39m [38;5;3m[RouterExplorer] [39m[32mMapped {/api/v1/tenant-admin/finance/billable-tasks, GET} route[39m[38;5;3m +0ms[39m
[32m[Nest] 23732  - [39m08/14/2026, 1:00:40 PM [32m    LOG[39m [38;5;3m[RouterExplorer] [39m[32mMapped {/api/v1/tenant-admin/finance/invoices/from-task, POST} route[39m[38;5;3m +0ms[39m
[32m[Nest] 23732  - [39m08/14/2026, 1:00:40 PM [32m    LOG[39m [38;5;3m[RouterExplorer] [39m[32mMapped {/api/v1/tenant-admin/finance/invoices/:invoiceId/send, POST} route[39m[38;5;3m +0ms[39m
[32m[Nest] 23732  - [39m08/14/2026, 1:00:40 PM [32m    LOG[39m [38;5;3m[RoutesResolver] [39m[32mTenantAdminNotificationsController {/api/v1/tenant-admin/notifications}:[39m[38;5;3m +0ms[39m
[32m[Nest] 23732  - [39m08/14/2026, 1:00:40 PM [32m    LOG[39m [38;5;3m[RouterExplorer] [39m[32mMapped {/api/v1/tenant-admin/notifications, GET} route[39m[38;5;3m +0ms[39m
[32m[Nest] 23732  - [39m08/14/2026, 1:00:40 PM [32m    LOG[39m [38;5;3m[RouterExplorer] [39m[32mMapped {/api/v1/tenant-admin/notifications/unread-count, GET} route[39m[38;5;3m +0ms[39m
[32m[Nest] 23732  - [39m08/14/2026, 1:00:40 PM [32m    LOG[39m [38;5;3m[RouterExplorer] [39m[32mMapped {/api/v1/tenant-admin/notifications/:notificationId/read, PATCH} route[39m[38;5;3m +0ms[39m
[32m[Nest] 23732  - [39m08/14/2026, 1:00:40 PM [32m    LOG[39m [38;5;3m[RouterExplorer] [39m[32mMapped {/api/v1/tenant-admin/notifications/read-all, PATCH} route[39m[38;5;3m +0ms[39m
[32m[Nest] 23732  - [39m08/14/2026, 1:00:40 PM [32m    LOG[39m [38;5;3m[RoutesResolver] [39m[32mTenantAdminServicesController {/api/v1/tenant-admin/services}:[39m[38;5;3m +0ms[39m
[32m[Nest] 23732  - [39m08/14/2026, 1:00:40 PM [32m    LOG[39m [38;5;3m[RouterExplorer] [39m[32mMapped {/api/v1/tenant-admin/services, GET} route[39m[38;5;3m +1ms[39m
[32m[Nest] 23732  - [39m08/14/2026, 1:00:40 PM [32m    LOG[39m [38;5;3m[RouterExplorer] [39m[32mMapped {/api/v1/tenant-admin/services, POST} route[39m[38;5;3m +0ms[39m
[32m[Nest] 23732  - [39m08/14/2026, 1:00:40 PM [32m    LOG[39m [38;5;3m[RoutesResolver] [39m[32mTenantAdminTasksController {/api/v1/tenant-admin/tasks}:[39m[38;5;3m +0ms[39m
[32m[Nest] 23732  - [39m08/14/2026, 1:00:40 PM [32m    LOG[39m [38;5;3m[RouterExplorer] [39m[32mMapped {/api/v1/tenant-admin/tasks/options, GET} route[39m[38;5;3m +0ms[39m
[32m[Nest] 23732  - [39m08/14/2026, 1:00:40 PM [32m    LOG[39m [38;5;3m[RouterExplorer] [39m[32mMapped {/api/v1/tenant-admin/tasks, GET} route[39m[38;5;3m +0ms[39m
[32m[Nest] 23732  - [39m08/14/2026, 1:00:40 PM [32m    LOG[39m [38;5;3m[RouterExplorer] [39m[32mMapped {/api/v1/tenant-admin/tasks, POST} route[39m[38;5;3m +0ms[39m
[32m[Nest] 23732  - [39m08/14/2026, 1:00:40 PM [32m    LOG[39m [38;5;3m[RouterExplorer] [39m[32mMapped {/api/v1/tenant-admin/tasks/:taskId/approval, POST} route[39m[38;5;3m +0ms[39m
[32m[Nest] 23732  - [39m08/14/2026, 1:00:40 PM [32m    LOG[39m [38;5;3m[RouterExplorer] [39m[32mMapped {/api/v1/tenant-admin/tasks/employees, POST} route[39m[38;5;3m +0ms[39m
[32m[Nest] 23732  - [39m08/14/2026, 1:00:40 PM [32m    LOG[39m [38;5;3m[RouterExplorer] [39m[32mMapped {/api/v1/tenant-admin/tasks/employees/email-availability, GET} route[39m[38;5;3m +0ms[39m
[32m[Nest] 23732  - [39m08/14/2026, 1:00:40 PM [32m    LOG[39m [38;5;3m[RouterExplorer] [39m[32mMapped {/api/v1/tenant-admin/tasks/employees, GET} route[39m[38;5;3m +0ms[39m
[32m[Nest] 23732  - [39m08/14/2026, 1:00:40 PM [32m    LOG[39m [38;5;3m[RouterExplorer] [39m[32mMapped {/api/v1/tenant-admin/tasks/departments, GET} route[39m[38;5;3m +0ms[39m
[32m[Nest] 23732  - [39m08/14/2026, 1:00:40 PM [32m    LOG[39m [38;5;3m[RouterExplorer] [39m[32mMapped {/api/v1/tenant-admin/tasks/departments, POST} route[39m[38;5;3m +0ms[39m
[32m[Nest] 23732  - [39m08/14/2026, 1:00:40 PM [32m    LOG[39m [38;5;3m[RouterExplorer] [39m[32mMapped {/api/v1/tenant-admin/tasks/employees/:employeeId/assignment, PATCH} route[39m[38;5;3m +0ms[39m
[32m[Nest] 23732  - [39m08/14/2026, 1:00:40 PM [32m    LOG[39m [38;5;3m[RouterExplorer] [39m[32mMapped {/api/v1/tenant-admin/tasks/employees/:employeeId/manager, PATCH} route[39m[38;5;3m +1ms[39m
[32m[Nest] 23732  - [39m08/14/2026, 1:00:40 PM [32m    LOG[39m [38;5;3m[RouterExplorer] [39m[32mMapped {/api/v1/tenant-admin/tasks/employees/:employeeId/manager, DELETE} route[39m[38;5;3m +0ms[39m
[32m[Nest] 23732  - [39m08/14/2026, 1:00:40 PM [32m    LOG[39m [38;5;3m[RouterExplorer] [39m[32mMapped {/api/v1/tenant-admin/tasks/employees/:employeeId/capacity, PATCH} route[39m[38;5;3m +0ms[39m
[32m[Nest] 23732  - [39m08/14/2026, 1:00:40 PM [32m    LOG[39m [38;5;3m[RouterExplorer] [39m[32mMapped {/api/v1/tenant-admin/tasks/work-groups, GET} route[39m[38;5;3m +0ms[39m
[32m[Nest] 23732  - [39m08/14/2026, 1:00:40 PM [32m    LOG[39m [38;5;3m[RouterExplorer] [39m[32mMapped {/api/v1/tenant-admin/tasks/work-groups, POST} route[39m[38;5;3m +0ms[39m
[32m[Nest] 23732  - [39m08/14/2026, 1:00:40 PM [32m    LOG[39m [38;5;3m[RouterExplorer] [39m[32mMapped {/api/v1/tenant-admin/tasks/work-groups/:workGroupId, PATCH} route[39m[38;5;3m +0ms[39m
[32m[Nest] 23732  - [39m08/14/2026, 1:00:40 PM [32m    LOG[39m [38;5;3m[RoutesResolver] [39m[32mTenantAnalyticsController {/api/v1/super-admin/tenant-analytics}:[39m[38;5;3m +0ms[39m
[32m[Nest] 23732  - [39m08/14/2026, 1:00:40 PM [32m    LOG[39m [38;5;3m[RouterExplorer] [39m[32mMapped {/api/v1/super-admin/tenant-analytics, GET} route[39m[38;5;3m +0ms[39m
[32m[Nest] 23732  - [39m08/14/2026, 1:00:40 PM [32m    LOG[39m [38;5;3m[TaskNotificationOutboxWorker] [39m[32m[Notifications] Task notification worker is running. It checks committed notifications every 500ms.[39m
[32m[Nest] 23732  - [39m08/14/2026, 1:00:40 PM [32m    LOG[39m [38;5;3m[NestApplication] [39m[32mNest application successfully started[39m[38;5;3m +0ms[39m
1:08:39 PM [tsx] change in ./src\platform\client-portal-context.ts Restarting...
1:08:40 PM [tsx] change in ./src\platform\client-portal-dashboard.repository.ts Restarting...
[32m[Nest] 26556  - [39m08/14/2026, 1:08:46 PM [32m    LOG[39m [38;5;3m[NestFactory] [39m[32mStarting Nest application...[39m
[32m[Nest] 26556  - [39m08/14/2026, 1:08:46 PM [32m    LOG[39m [38;5;3m[InstanceLoader] [39m[32mAppConfigModule dependencies initialized[39m[38;5;3m +3ms[39m
[32m[Nest] 26556  - [39m08/14/2026, 1:08:46 PM [32m    LOG[39m [38;5;3m[InstanceLoader] [39m[32mAppConfigModule dependencies initialized[39m[38;5;3m +1ms[39m
[32m[Nest] 26556  - [39m08/14/2026, 1:08:46 PM [32m    LOG[39m [38;5;3m[InstanceLoader] [39m[32mCommonModule dependencies initialized[39m[38;5;3m +0ms[39m
[32m[Nest] 26556  - [39m08/14/2026, 1:08:46 PM [32m    LOG[39m [38;5;3m[InstanceLoader] [39m[32mAppModule dependencies initialized[39m[38;5;3m +0ms[39m
[32m[Nest] 26556  - [39m08/14/2026, 1:08:46 PM [32m    LOG[39m [38;5;3m[InstanceLoader] [39m[32mDatabaseModule dependencies initialized[39m[38;5;3m +1ms[39m
[32m[Nest] 26556  - [39m08/14/2026, 1:08:46 PM [32m    LOG[39m [38;5;3m[InstanceLoader] [39m[32mHealthModule dependencies initialized[39m[38;5;3m +0ms[39m
[32m[Nest] 26556  - [39m08/14/2026, 1:08:46 PM [32m    LOG[39m [38;5;3m[InstanceLoader] [39m[32mAuthModule dependencies initialized[39m[38;5;3m +1ms[39m
[32m[Nest] 26556  - [39m08/14/2026, 1:08:46 PM [32m    LOG[39m [38;5;3m[InstanceLoader] [39m[32mPlatformModule dependencies initialized[39m[38;5;3m +0ms[39m
[32m[Nest] 26556  - [39m08/14/2026, 1:08:46 PM [32m    LOG[39m [38;5;3m[RoutesResolver] [39m[32mHealthController {/api/v1/health}:[39m[38;5;3m +0ms[39m
[32m[Nest] 26556  - [39m08/14/2026, 1:08:46 PM [32m    LOG[39m [38;5;3m[RouterExplorer] [39m[32mMapped {/api/v1/health/live, GET} route[39m[38;5;3m +1ms[39m
[32m[Nest] 26556  - [39m08/14/2026, 1:08:46 PM [32m    LOG[39m [38;5;3m[RouterExplorer] [39m[32mMapped {/api/v1/health/ready, GET} route[39m[38;5;3m +0ms[39m
[32m[Nest] 26556  - [39m08/14/2026, 1:08:46 PM [32m    LOG[39m [38;5;3m[RoutesResolver] [39m[32mMeController {/api/v1/me}:[39m[38;5;3m +0ms[39m
[32m[Nest] 26556  - [39m08/14/2026, 1:08:46 PM [32m    LOG[39m [38;5;3m[RouterExplorer] [39m[32mMapped {/api/v1/me, GET} route[39m[38;5;3m +0ms[39m
[32m[Nest] 26556  - [39m08/14/2026, 1:08:46 PM [32m    LOG[39m [38;5;3m[RouterExplorer] [39m[32mMapped {/api/v1/me/profile, PATCH} route[39m[38;5;3m +0ms[39m
[32m[Nest] 26556  - [39m08/14/2026, 1:08:46 PM [32m    LOG[39m [38;5;3m[RouterExplorer] [39m[32mMapped {/api/v1/me/preferences, PATCH} route[39m[38;5;3m +0ms[39m
[32m[Nest] 26556  - [39m08/14/2026, 1:08:46 PM [32m    LOG[39m [38;5;3m[RoutesResolver] [39m[32mAccessAdminController {/api/v1}:[39m[38;5;3m +1ms[39m
[32m[Nest] 26556  - [39m08/14/2026, 1:08:46 PM [32m    LOG[39m [38;5;3m[RouterExplorer] [39m[32mMapped {/api/v1/super-admin/tenant-creation-options, GET} route[39m[38;5;3m +0ms[39m
[32m[Nest] 26556  - [39m08/14/2026, 1:08:46 PM [32m    LOG[39m [38;5;3m[RouterExplorer] [39m[32mMapped {/api/v1/super-admin/tenants, GET} route[39m[38;5;3m +0ms[39m
[32m[Nest] 26556  - [39m08/14/2026, 1:08:46 PM [32m    LOG[39m [38;5;3m[RouterExplorer] [39m[32mMapped {/api/v1/super-admin/users/email-availability, GET} route[39m[38;5;3m +0ms[39m
[32m[Nest] 26556  - [39m08/14/2026, 1:08:46 PM [32m    LOG[39m [38;5;3m[RouterExplorer] [39m[32mMapped {/api/v1/super-admin/tenant-list-filters, GET} route[39m[38;5;3m +0ms[39m
[32m[Nest] 26556  - [39m08/14/2026, 1:08:46 PM [32m    LOG[39m [38;5;3m[RouterExplorer] [39m[32mMapped {/api/v1/super-admin/tenants/:tenantId, GET} route[39m[38;5;3m +0ms[39m
[32m[Nest] 26556  - [39m08/14/2026, 1:08:46 PM [32m    LOG[39m [38;5;3m[RouterExplorer] [39m[32mMapped {/api/v1/super-admin/tenants/:tenantId/status, PATCH} route[39m[38;5;3m +0ms[39m
[32m[Nest] 26556  - [39m08/14/2026, 1:08:46 PM [32m    LOG[39m [38;5;3m[RouterExplorer] [39m[32mMapped {/api/v1/super-admin/tenants/:tenantId/password, POST} route[39m[38;5;3m +0ms[39m
[32m[Nest] 26556  - [39m08/14/2026, 1:08:46 PM [32m    LOG[39m [38;5;3m[RouterExplorer] [39m[32mMapped {/api/v1/super-admin/tenants, POST} route[39m[38;5;3m +0ms[39m
[32m[Nest] 26556  - [39m08/14/2026, 1:08:46 PM [32m    LOG[39m [38;5;3m[RouterExplorer] [39m[32mMapped {/api/v1/invitations, POST} route[39m[38;5;3m +1ms[39m
[32m[Nest] 26556  - [39m08/14/2026, 1:08:46 PM [32m    LOG[39m [38;5;3m[RouterExplorer] [39m[32mMapped {/api/v1/invitations/:invitationId/cancel, POST} route[39m[38;5;3m +0ms[39m
[32m[Nest] 26556  - [39m08/14/2026, 1:08:46 PM [32m    LOG[39m [38;5;3m[RouterExplorer] [39m[32mMapped {/api/v1/invitations/:invitationId/revoke, POST} route[39m[38;5;3m +0ms[39m
[32m[Nest] 26556  - [39m08/14/2026, 1:08:46 PM [32m    LOG[39m [38;5;3m[RouterExplorer] [39m[32mMapped {/api/v1/invitations/:invitationId/accept, POST} route[39m[38;5;3m +0ms[39m
[32m[Nest] 26556  - [39m08/14/2026, 1:08:46 PM [32m    LOG[39m [38;5;3m[RouterExplorer] [39m[32mMapped {/api/v1/memberships/:membershipId/revoke, POST} route[39m[38;5;3m +1ms[39m
[32m[Nest] 26556  - [39m08/14/2026, 1:08:46 PM [32m    LOG[39m [38;5;3m[RouterExplorer] [39m[32mMapped {/api/v1/memberships/:membershipId/reactivate, POST} route[39m[38;5;3m +0ms[39m
[32m[Nest] 26556  - [39m08/14/2026, 1:08:46 PM [32m    LOG[39m [38;5;3m[RoutesResolver] [39m[32mPortalAuthController {/api/v1/auth}:[39m[38;5;3m +0ms[39m
[32m[Nest] 26556  - [39m08/14/2026, 1:08:46 PM [32m    LOG[39m [38;5;3m[RouterExplorer] [39m[32mMapped {/api/v1/auth/super-admin/login, POST} route[39m[38;5;3m +1ms[39m
[32m[Nest] 26556  - [39m08/14/2026, 1:08:46 PM [32m    LOG[39m [38;5;3m[RouterExplorer] [39m[32mMapped {/api/v1/auth/tenant/login, POST} route[39m[38;5;3m +1ms[39m
[32m[Nest] 26556  - [39m08/14/2026, 1:08:46 PM [32m    LOG[39m [38;5;3m[RouterExplorer] [39m[32mMapped {/api/v1/auth/employee/login, POST} route[39m[38;5;3m +0ms[39m
[32m[Nest] 26556  - [39m08/14/2026, 1:08:46 PM [32m    LOG[39m [38;5;3m[RouterExplorer] [39m[32mMapped {/api/v1/auth/client/login, POST} route[39m[38;5;3m +0ms[39m
[32m[Nest] 26556  - [39m08/14/2026, 1:08:46 PM [32m    LOG[39m [38;5;3m[RouterExplorer] [39m[32mMapped {/api/v1/auth/super-admin/session, GET} route[39m[38;5;3m +1ms[39m
[32m[Nest] 26556  - [39m08/14/2026, 1:08:46 PM [32m    LOG[39m [38;5;3m[RouterExplorer] [39m[32mMapped {/api/v1/auth/tenant/session, GET} route[39m[38;5;3m +0ms[39m
[32m[Nest] 26556  - [39m08/14/2026, 1:08:46 PM [32m    LOG[39m [38;5;3m[RouterExplorer] [39m[32mMapped {/api/v1/auth/employee/session, GET} route[39m[38;5;3m +1ms[39m
[32m[Nest] 26556  - [39m08/14/2026, 1:08:46 PM [32m    LOG[39m [38;5;3m[RouterExplorer] [39m[32mMapped {/api/v1/auth/client/session, GET} route[39m[38;5;3m +0ms[39m
[32m[Nest] 26556  - [39m08/14/2026, 1:08:46 PM [32m    LOG[39m [38;5;3m[RouterExplorer] [39m[32mMapped {/api/v1/auth/super-admin/logout, POST} route[39m[38;5;3m +0ms[39m
[32m[Nest] 26556  - [39m08/14/2026, 1:08:46 PM [32m    LOG[39m [38;5;3m[RouterExplorer] [39m[32mMapped {/api/v1/auth/tenant/logout, POST} route[39m[38;5;3m +1ms[39m
[32m[Nest] 26556  - [39m08/14/2026, 1:08:46 PM [32m    LOG[39m [38;5;3m[RouterExplorer] [39m[32mMapped {/api/v1/auth/employee/logout, POST} route[39m[38;5;3m +0ms[39m
[32m[Nest] 26556  - [39m08/14/2026, 1:08:46 PM [32m    LOG[39m [38;5;3m[RouterExplorer] [39m[32mMapped {/api/v1/auth/client/logout, POST} route[39m[38;5;3m +0ms[39m
[32m[Nest] 26556  - [39m08/14/2026, 1:08:46 PM [32m    LOG[39m [38;5;3m[RoutesResolver] [39m[32mSuperAdminAuditLogController {/api/v1/super-admin/audit-log}:[39m[38;5;3m +0ms[39m
[32m[Nest] 26556  - [39m08/14/2026, 1:08:46 PM [32m    LOG[39m [38;5;3m[RouterExplorer] [39m[32mMapped {/api/v1/super-admin/audit-log, GET} route[39m[38;5;3m +1ms[39m
[32m[Nest] 26556  - [39m08/14/2026, 1:08:46 PM [32m    LOG[39m [38;5;3m[RoutesResolver] [39m[32mSuperAdminDashboardController {/api/v1/super-admin}:[39m[38;5;3m +0ms[39m
[32m[Nest] 26556  - [39m08/14/2026, 1:08:46 PM [32m    LOG[39m [38;5;3m[RouterExplorer] [39m[32mMapped {/api/v1/super-admin/dashboard, GET} route[39m[38;5;3m +0ms[39m
[32m[Nest] 26556  - [39m08/14/2026, 1:08:46 PM [32m    LOG[39m [38;5;3m[RouterExplorer] [39m[32mMapped {/api/v1/super-admin/alerts/:alertId/view, PATCH} route[39m[38;5;3m +0ms[39m
[32m[Nest] 26556  - [39m08/14/2026, 1:08:46 PM [32m    LOG[39m [38;5;3m[RouterExplorer] [39m[32mMapped {/api/v1/super-admin/alerts/:alertId/reviews, POST} route[39m[38;5;3m +1ms[39m
[32m[Nest] 26556  - [39m08/14/2026, 1:08:46 PM [32m    LOG[39m [38;5;3m[RouterExplorer] [39m[32mMapped {/api/v1/super-admin/tenant-reviews/:reviewId, PATCH} route[39m[38;5;3m +0ms[39m
[32m[Nest] 26556  - [39m08/14/2026, 1:08:46 PM [32m    LOG[39m [38;5;3m[RoutesResolver] [39m[32mSuperAdminSearchController {/api/v1/super-admin}:[39m[38;5;3m +0ms[39m
[32m[Nest] 26556  - [39m08/14/2026, 1:08:46 PM [32m    LOG[39m [38;5;3m[RouterExplorer] [39m[32mMapped {/api/v1/super-admin/search, GET} route[39m[38;5;3m +1ms[39m
[32m[Nest] 26556  - [39m08/14/2026, 1:08:46 PM [32m    LOG[39m [38;5;3m[RoutesResolver] [39m[32mSuperAdminNotificationsController {/api/v1/super-admin/notifications}:[39m[38;5;3m +0ms[39m
[32m[Nest] 26556  - [39m08/14/2026, 1:08:46 PM [32m    LOG[39m [38;5;3m[RouterExplorer] [39m[32mMapped {/api/v1/super-admin/notifications, GET} route[39m[38;5;3m +0ms[39m
[32m[Nest] 26556  - [39m08/14/2026, 1:08:46 PM [32m    LOG[39m [38;5;3m[RouterExplorer] [39m[32mMapped {/api/v1/super-admin/notifications/unread-count, GET} route[39m[38;5;3m +1ms[39m
[32m[Nest] 26556  - [39m08/14/2026, 1:08:46 PM [32m    LOG[39m [38;5;3m[RouterExplorer] [39m[32mMapped {/api/v1/super-admin/notifications/:notificationId/read, PATCH} route[39m[38;5;3m +0ms[39m
[32m[Nest] 26556  - [39m08/14/2026, 1:08:46 PM [32m    LOG[39m [38;5;3m[RouterExplorer] [39m[32mMapped {/api/v1/super-admin/notifications/read-all, PATCH} route[39m[38;5;3m +0ms[39m
[32m[Nest] 26556  - [39m08/14/2026, 1:08:46 PM [32m    LOG[39m [38;5;3m[RoutesResolver] [39m[32mSuperAdminPlatformConfigurationController {/api/v1/super-admin/platform-configuration}:[39m[38;5;3m +1ms[39m
[32m[Nest] 26556  - [39m08/14/2026, 1:08:46 PM [32m    LOG[39m [38;5;3m[RouterExplorer] [39m[32mMapped {/api/v1/super-admin/platform-configuration, GET} route[39m[38;5;3m +0ms[39m
[32m[Nest] 26556  - [39m08/14/2026, 1:08:46 PM [32m    LOG[39m [38;5;3m[RouterExplorer] [39m[32mMapped {/api/v1/super-admin/platform-configuration, PATCH} route[39m[38;5;3m +0ms[39m
[32m[Nest] 26556  - [39m08/14/2026, 1:08:46 PM [32m    LOG[39m [38;5;3m[RoutesResolver] [39m[32mClientPortalDashboardController {/api/v1/client-portal/dashboard}:[39m[38;5;3m +0ms[39m
[32m[Nest] 26556  - [39m08/14/2026, 1:08:46 PM [32m    LOG[39m [38;5;3m[RouterExplorer] [39m[32mMapped {/api/v1/client-portal/dashboard, GET} route[39m[38;5;3m +1ms[39m
[32m[Nest] 26556  - [39m08/14/2026, 1:08:46 PM [32m    LOG[39m [38;5;3m[RoutesResolver] [39m[32mClientPortalDeliverablesController {/api/v1/client-portal/deliverables}:[39m[38;5;3m +0ms[39m
[32m[Nest] 26556  - [39m08/14/2026, 1:08:46 PM [32m    LOG[39m [38;5;3m[RouterExplorer] [39m[32mMapped {/api/v1/client-portal/deliverables, GET} route[39m[38;5;3m +0ms[39m
[32m[Nest] 26556  - [39m08/14/2026, 1:08:46 PM [32m    LOG[39m [38;5;3m[RouterExplorer] [39m[32mMapped {/api/v1/client-portal/deliverables/:documentId/decision, POST} route[39m[38;5;3m +0ms[39m
[32m[Nest] 26556  - [39m08/14/2026, 1:08:46 PM [32m    LOG[39m [38;5;3m[RouterExplorer] [39m[32mMapped {/api/v1/client-portal/deliverables/:documentId/download, GET} route[39m[38;5;3m +0ms[39m
[32m[Nest] 26556  - [39m08/14/2026, 1:08:46 PM [32m    LOG[39m [38;5;3m[RoutesResolver] [39m[32mClientPortalNotificationsController {/api/v1/client-portal/notifications}:[39m[38;5;3m +1ms[39m
[32m[Nest] 26556  - [39m08/14/2026, 1:08:46 PM [32m    LOG[39m [38;5;3m[RouterExplorer] [39m[32mMapped {/api/v1/client-portal/notifications, GET} route[39m[38;5;3m +0ms[39m
[32m[Nest] 26556  - [39m08/14/2026, 1:08:46 PM [32m    LOG[39m [38;5;3m[RoutesResolver] [39m[32mClientPortalProfileController {/api/v1/client-portal/profile}:[39m[38;5;3m +0ms[39m
[32m[Nest] 26556  - [39m08/14/2026, 1:08:46 PM [32m    LOG[39m [38;5;3m[RouterExplorer] [39m[32mMapped {/api/v1/client-portal/profile, GET} route[39m[38;5;3m +1ms[39m
[32m[Nest] 26556  - [39m08/14/2026, 1:08:46 PM [32m    LOG[39m [38;5;3m[RouterExplorer] [39m[32mMapped {/api/v1/client-portal/profile, PATCH} route[39m[38;5;3m +0ms[39m
[32m[Nest] 26556  - [39m08/14/2026, 1:08:46 PM [32m    LOG[39m [38;5;3m[RoutesResolver] [39m[32mClientPortalRequestsController {/api/v1/client-portal/requests}:[39m[38;5;3m +0ms[39m
[32m[Nest] 26556  - [39m08/14/2026, 1:08:46 PM [32m    LOG[39m [38;5;3m[RouterExplorer] [39m[32mMapped {/api/v1/client-portal/requests/options, GET} route[39m[38;5;3m +0ms[39m
[32m[Nest] 26556  - [39m08/14/2026, 1:08:46 PM [32m    LOG[39m [38;5;3m[RouterExplorer] [39m[32mMapped {/api/v1/client-portal/requests, POST} route[39m[38;5;3m +0ms[39m
[32m[Nest] 26556  - [39m08/14/2026, 1:08:46 PM [32m    LOG[39m [38;5;3m[RoutesResolver] [39m[32mEmployeeDashboardController {/api/v1/employee/dashboard}:[39m[38;5;3m +1ms[39m
[32m[Nest] 26556  - [39m08/14/2026, 1:08:46 PM [32m    LOG[39m [38;5;3m[RouterExplorer] [39m[32mMapped {/api/v1/employee/dashboard, GET} route[39m[38;5;3m +0ms[39m
[32m[Nest] 26556  - [39m08/14/2026, 1:08:46 PM [32m    LOG[39m [38;5;3m[RoutesResolver] [39m[32mEmployeeDocumentsController {/api/v1/employee/documents}:[39m[38;5;3m +0ms[39m
[32m[Nest] 26556  - [39m08/14/2026, 1:08:46 PM [32m    LOG[39m [38;5;3m[RouterExplorer] [39m[32mMapped {/api/v1/employee/documents/options, GET} route[39m[38;5;3m +0ms[39m
[32m[Nest] 26556  - [39m08/14/2026, 1:08:46 PM [32m    LOG[39m [38;5;3m[RouterExplorer] [39m[32mMapped {/api/v1/employee/documents, GET} route[39m[38;5;3m +0ms[39m
[32m[Nest] 26556  - [39m08/14/2026, 1:08:46 PM [32m    LOG[39m [38;5;3m[RouterExplorer] [39m[32mMapped {/api/v1/employee/documents, POST} route[39m[38;5;3m +0ms[39m
[32m[Nest] 26556  - [39m08/14/2026, 1:08:46 PM [32m    LOG[39m [38;5;3m[RouterExplorer] [39m[32mMapped {/api/v1/employee/documents/upload-url, POST} route[39m[38;5;3m +1ms[39m
[32m[Nest] 26556  - [39m08/14/2026, 1:08:46 PM [32m    LOG[39m [38;5;3m[RouterExplorer] [39m[32mMapped {/api/v1/employee/documents/:documentId/download, GET} route[39m[38;5;3m +0ms[39m
[32m[Nest] 26556  - [39m08/14/2026, 1:08:46 PM [32m    LOG[39m [38;5;3m[RoutesResolver] [39m[32mEmployeeManagerController {/api/v1/employee/manager}:[39m[38;5;3m +0ms[39m
[32m[Nest] 26556  - [39m08/14/2026, 1:08:46 PM [32m    LOG[39m [38;5;3m[RouterExplorer] [39m[32mMapped {/api/v1/employee/manager/clients, GET} route[39m[38;5;3m +0ms[39m
[32m[Nest] 26556  - [39m08/14/2026, 1:08:46 PM [32m    LOG[39m [38;5;3m[RouterExplorer] [39m[32mMapped {/api/v1/employee/manager/task-options, GET} route[39m[38;5;3m +0ms[39m
[32m[Nest] 26556  - [39m08/14/2026, 1:08:46 PM [32m    LOG[39m [38;5;3m[RouterExplorer] [39m[32mMapped {/api/v1/employee/manager/reviews, GET} route[39m[38;5;3m +0ms[39m
[32m[Nest] 26556  - [39m08/14/2026, 1:08:46 PM [32m    LOG[39m [38;5;3m[RouterExplorer] [39m[32mMapped {/api/v1/employee/manager/tasks, POST} route[39m[38;5;3m +0ms[39m
[32m[Nest] 26556  - [39m08/14/2026, 1:08:46 PM [32m    LOG[39m [38;5;3m[RouterExplorer] [39m[32mMapped {/api/v1/employee/manager/reviews/:taskId, POST} route[39m[38;5;3m +0ms[39m
[32m[Nest] 26556  - [39m08/14/2026, 1:08:46 PM [32m    LOG[39m [38;5;3m[RoutesResolver] [39m[32mEmployeeNotificationsController {/api/v1/employee/notifications}:[39m[38;5;3m +0ms[39m
[32m[Nest] 26556  - [39m08/14/2026, 1:08:46 PM [32m    LOG[39m [38;5;3m[RouterExplorer] [39m[32mMapped {/api/v1/employee/notifications, GET} route[39m[38;5;3m +0ms[39m
[32m[Nest] 26556  - [39m08/14/2026, 1:08:46 PM [32m    LOG[39m [38;5;3m[RouterExplorer] [39m[32mMapped {/api/v1/employee/notifications/unread-count, GET} route[39m[38;5;3m +0ms[39m
[32m[Nest] 26556  - [39m08/14/2026, 1:08:46 PM [32m    LOG[39m [38;5;3m[RouterExplorer] [39m[32mMapped {/api/v1/employee/notifications/:notificationId/read, PATCH} route[39m[38;5;3m +0ms[39m
[32m[Nest] 26556  - [39m08/14/2026, 1:08:46 PM [32m    LOG[39m [38;5;3m[RouterExplorer] [39m[32mMapped {/api/v1/employee/notifications/read-all, PATCH} route[39m[38;5;3m +1ms[39m
[32m[Nest] 26556  - [39m08/14/2026, 1:08:46 PM [32m    LOG[39m [38;5;3m[RoutesResolver] [39m[32mEmployeeProfileController {/api/v1/employee/profile}:[39m[38;5;3m +0ms[39m
[32m[Nest] 26556  - [39m08/14/2026, 1:08:46 PM [32m    LOG[39m [38;5;3m[RouterExplorer] [39m[32mMapped {/api/v1/employee/profile, GET} route[39m[38;5;3m +0ms[39m
[32m[Nest] 26556  - [39m08/14/2026, 1:08:46 PM [32m    LOG[39m [38;5;3m[RoutesResolver] [39m[32mEmployeeTasksController {/api/v1/employee}:[39m[38;5;3m +0ms[39m
[32m[Nest] 26556  - [39m08/14/2026, 1:08:46 PM [32m    LOG[39m [38;5;3m[RouterExplorer] [39m[32mMapped {/api/v1/employee/tasks, GET} route[39m[38;5;3m +1ms[39m
[32m[Nest] 26556  - [39m08/14/2026, 1:08:46 PM [32m    LOG[39m [38;5;3m[RouterExplorer] [39m[32mMapped {/api/v1/employee/work-logs, GET} route[39m[38;5;3m +0ms[39m
[32m[Nest] 26556  - [39m08/14/2026, 1:08:46 PM [32m    LOG[39m [38;5;3m[RouterExplorer] [39m[32mMapped {/api/v1/employee/tasks/:taskId/start, POST} route[39m[38;5;3m +1ms[39m
[32m[Nest] 26556  - [39m08/14/2026, 1:08:46 PM [32m    LOG[39m [38;5;3m[RouterExplorer] [39m[32mMapped {/api/v1/employee/tasks/:taskId/pause, POST} route[39m[38;5;3m +0ms[39m
[32m[Nest] 26556  - [39m08/14/2026, 1:08:46 PM [32m    LOG[39m [38;5;3m[RouterExplorer] [39m[32mMapped {/api/v1/employee/tasks/:taskId/resume, POST} route[39m[38;5;3m +1ms[39m
[32m[Nest] 26556  - [39m08/14/2026, 1:08:46 PM [32m    LOG[39m [38;5;3m[RouterExplorer] [39m[32mMapped {/api/v1/employee/tasks/:taskId/submit, POST} route[39m[38;5;3m +1ms[39m
[32m[Nest] 26556  - [39m08/14/2026, 1:08:46 PM [32m    LOG[39m [38;5;3m[RoutesResolver] [39m[32mTenantAdminDashboardController {/api/v1/tenant-admin/dashboard}:[39m[38;5;3m +0ms[39m
[32m[Nest] 26556  - [39m08/14/2026, 1:08:46 PM [32m    LOG[39m [38;5;3m[RouterExplorer] [39m[32mMapped {/api/v1/tenant-admin/dashboard, GET} route[39m[38;5;3m +1ms[39m
[32m[Nest] 26556  - [39m08/14/2026, 1:08:46 PM [32m    LOG[39m [38;5;3m[RouterExplorer] [39m[32mMapped {/api/v1/tenant-admin/dashboard/profile, GET} route[39m[38;5;3m +0ms[39m
[32m[Nest] 26556  - [39m08/14/2026, 1:08:46 PM [32m    LOG[39m [38;5;3m[RouterExplorer] [39m[32mMapped {/api/v1/tenant-admin/dashboard/profile, PATCH} route[39m[38;5;3m +1ms[39m
[32m[Nest] 26556  - [39m08/14/2026, 1:08:46 PM [32m    LOG[39m [38;5;3m[RoutesResolver] [39m[32mTenantAdminClientsController {/api/v1/tenant-admin/clients}:[39m[38;5;3m +0ms[39m
[32m[Nest] 26556  - [39m08/14/2026, 1:08:46 PM [32m    LOG[39m [38;5;3m[RouterExplorer] [39m[32mMapped {/api/v1/tenant-admin/clients, GET} route[39m[38;5;3m +0ms[39m
[32m[Nest] 26556  - [39m08/14/2026, 1:08:46 PM [32m    LOG[39m [38;5;3m[RouterExplorer] [39m[32mMapped {/api/v1/tenant-admin/clients, POST} route[39m[38;5;3m +0ms[39m
[32m[Nest] 26556  - [39m08/14/2026, 1:08:46 PM [32m    LOG[39m [38;5;3m[RouterExplorer] [39m[32mMapped {/api/v1/tenant-admin/clients/:clientRef, GET} route[39m[38;5;3m +1ms[39m
[32m[Nest] 26556  - [39m08/14/2026, 1:08:46 PM [32m    LOG[39m [38;5;3m[RouterExplorer] [39m[32mMapped {/api/v1/tenant-admin/clients/:clientRef, DELETE} route[39m[38;5;3m +0ms[39m
[32m[Nest] 26556  - [39m08/14/2026, 1:08:46 PM [32m    LOG[39m [38;5;3m[RouterExplorer] [39m[32mMapped {/api/v1/tenant-admin/clients/:clientRef/contacts, POST} route[39m[38;5;3m +0ms[39m
[32m[Nest] 26556  - [39m08/14/2026, 1:08:46 PM [32m    LOG[39m [38;5;3m[RouterExplorer] [39m[32mMapped {/api/v1/tenant-admin/clients/:clientRef/contacts/:contactId, PATCH} route[39m[38;5;3m +0ms[39m
[32m[Nest] 26556  - [39m08/14/2026, 1:08:46 PM [32m    LOG[39m [38;5;3m[RoutesResolver] [39m[32mTenantAdminEmployeePerformanceController {/api/v1/tenant-admin/employee-performance}:[39m[38;5;3m +0ms[39m
[32m[Nest] 26556  - [39m08/14/2026, 1:08:46 PM [32m    LOG[39m [38;5;3m[RouterExplorer] [39m[32mMapped {/api/v1/tenant-admin/employee-performance, GET} route[39m[38;5;3m +0ms[39m
[32m[Nest] 26556  - [39m08/14/2026, 1:08:46 PM [32m    LOG[39m [38;5;3m[RouterExplorer] [39m[32mMapped {/api/v1/tenant-admin/employee-performance/:employeeId, GET} route[39m[38;5;3m +0ms[39m
[32m[Nest] 26556  - [39m08/14/2026, 1:08:46 PM [32m    LOG[39m [38;5;3m[RoutesResolver] [39m[32mTenantAdminFinanceController {/api/v1/tenant-admin/finance}:[39m[38;5;3m +0ms[39m
[32m[Nest] 26556  - [39m08/14/2026, 1:08:46 PM [32m    LOG[39m [38;5;3m[RouterExplorer] [39m[32mMapped {/api/v1/tenant-admin/finance/documents, GET} route[39m[38;5;3m +0ms[39m
[32m[Nest] 26556  - [39m08/14/2026, 1:08:46 PM [32m    LOG[39m [38;5;3m[RouterExplorer] [39m[32mMapped {/api/v1/tenant-admin/finance/documents, POST} route[39m[38;5;3m +1ms[39m
[32m[Nest] 26556  - [39m08/14/2026, 1:08:46 PM [32m    LOG[39m [38;5;3m[RouterExplorer] [39m[32mMapped {/api/v1/tenant-admin/finance/documents/upload-url, POST} route[39m[38;5;3m +0ms[39m
[32m[Nest] 26556  - [39m08/14/2026, 1:08:46 PM [32m    LOG[39m [38;5;3m[RouterExplorer] [39m[32mMapped {/api/v1/tenant-admin/finance/documents/:documentId/download, GET} route[39m[38;5;3m +0ms[39m
[32m[Nest] 26556  - [39m08/14/2026, 1:08:46 PM [32m    LOG[39m [38;5;3m[RouterExplorer] [39m[32mMapped {/api/v1/tenant-admin/finance/invoices, GET} route[39m[38;5;3m +0ms[39m
[32m[Nest] 26556  - [39m08/14/2026, 1:08:46 PM [32m    LOG[39m [38;5;3m[RouterExplorer] [39m[32mMapped {/api/v1/tenant-admin/finance/invoices, POST} route[39m[38;5;3m +0ms[39m
[32m[Nest] 26556  - [39m08/14/2026, 1:08:46 PM [32m    LOG[39m [38;5;3m[RouterExplorer] [39m[32mMapped {/api/v1/tenant-admin/finance/billable-tasks, GET} route[39m[38;5;3m +0ms[39m
[32m[Nest] 26556  - [39m08/14/2026, 1:08:46 PM [32m    LOG[39m [38;5;3m[RouterExplorer] [39m[32mMapped {/api/v1/tenant-admin/finance/invoices/from-task, POST} route[39m[38;5;3m +0ms[39m
[32m[Nest] 26556  - [39m08/14/2026, 1:08:46 PM [32m    LOG[39m [38;5;3m[RouterExplorer] [39m[32mMapped {/api/v1/tenant-admin/finance/invoices/:invoiceId/send, POST} route[39m[38;5;3m +0ms[39m
[32m[Nest] 26556  - [39m08/14/2026, 1:08:46 PM [32m    LOG[39m [38;5;3m[RoutesResolver] [39m[32mTenantAdminNotificationsController {/api/v1/tenant-admin/notifications}:[39m[38;5;3m +0ms[39m
[32m[Nest] 26556  - [39m08/14/2026, 1:08:46 PM [32m    LOG[39m [38;5;3m[RouterExplorer] [39m[32mMapped {/api/v1/tenant-admin/notifications, GET} route[39m[38;5;3m +0ms[39m
[32m[Nest] 26556  - [39m08/14/2026, 1:08:46 PM [32m    LOG[39m [38;5;3m[RouterExplorer] [39m[32mMapped {/api/v1/tenant-admin/notifications/unread-count, GET} route[39m[38;5;3m +0ms[39m
[32m[Nest] 26556  - [39m08/14/2026, 1:08:46 PM [32m    LOG[39m [38;5;3m[RouterExplorer] [39m[32mMapped {/api/v1/tenant-admin/notifications/:notificationId/read, PATCH} route[39m[38;5;3m +0ms[39m
[32m[Nest] 26556  - [39m08/14/2026, 1:08:46 PM [32m    LOG[39m [38;5;3m[RouterExplorer] [39m[32mMapped {/api/v1/tenant-admin/notifications/read-all, PATCH} route[39m[38;5;3m +1ms[39m
[32m[Nest] 26556  - [39m08/14/2026, 1:08:46 PM [32m    LOG[39m [38;5;3m[RoutesResolver] [39m[32mTenantAdminServicesController {/api/v1/tenant-admin/services}:[39m[38;5;3m +0ms[39m
[32m[Nest] 26556  - [39m08/14/2026, 1:08:46 PM [32m    LOG[39m [38;5;3m[RouterExplorer] [39m[32mMapped {/api/v1/tenant-admin/services, GET} route[39m[38;5;3m +0ms[39m
[32m[Nest] 26556  - [39m08/14/2026, 1:08:46 PM [32m    LOG[39m [38;5;3m[RouterExplorer] [39m[32mMapped {/api/v1/tenant-admin/services, POST} route[39m[38;5;3m +0ms[39m
[32m[Nest] 26556  - [39m08/14/2026, 1:08:46 PM [32m    LOG[39m [38;5;3m[RoutesResolver] [39m[32mTenantAdminTasksController {/api/v1/tenant-admin/tasks}:[39m[38;5;3m +0ms[39m
[32m[Nest] 26556  - [39m08/14/2026, 1:08:46 PM [32m    LOG[39m [38;5;3m[RouterExplorer] [39m[32mMapped {/api/v1/tenant-admin/tasks/options, GET} route[39m[38;5;3m +0ms[39m
[32m[Nest] 26556  - [39m08/14/2026, 1:08:46 PM [32m    LOG[39m [38;5;3m[RouterExplorer] [39m[32mMapped {/api/v1/tenant-admin/tasks, GET} route[39m[38;5;3m +0ms[39m
[32m[Nest] 26556  - [39m08/14/2026, 1:08:46 PM [32m    LOG[39m [38;5;3m[RouterExplorer] [39m[32mMapped {/api/v1/tenant-admin/tasks, POST} route[39m[38;5;3m +0ms[39m
[32m[Nest] 26556  - [39m08/14/2026, 1:08:46 PM [32m    LOG[39m [38;5;3m[RouterExplorer] [39m[32mMapped {/api/v1/tenant-admin/tasks/:taskId/approval, POST} route[39m[38;5;3m +1ms[39m
[32m[Nest] 26556  - [39m08/14/2026, 1:08:46 PM [32m    LOG[39m [38;5;3m[RouterExplorer] [39m[32mMapped {/api/v1/tenant-admin/tasks/employees, POST} route[39m[38;5;3m +0ms[39m
[32m[Nest] 26556  - [39m08/14/2026, 1:08:46 PM [32m    LOG[39m [38;5;3m[RouterExplorer] [39m[32mMapped {/api/v1/tenant-admin/tasks/employees/email-availability, GET} route[39m[38;5;3m +0ms[39m
[32m[Nest] 26556  - [39m08/14/2026, 1:08:46 PM [32m    LOG[39m [38;5;3m[RouterExplorer] [39m[32mMapped {/api/v1/tenant-admin/tasks/employees, GET} route[39m[38;5;3m +0ms[39m
[32m[Nest] 26556  - [39m08/14/2026, 1:08:46 PM [32m    LOG[39m [38;5;3m[RouterExplorer] [39m[32mMapped {/api/v1/tenant-admin/tasks/departments, GET} route[39m[38;5;3m +0ms[39m
[32m[Nest] 26556  - [39m08/14/2026, 1:08:46 PM [32m    LOG[39m [38;5;3m[RouterExplorer] [39m[32mMapped {/api/v1/tenant-admin/tasks/departments, POST} route[39m[38;5;3m +0ms[39m
[32m[Nest] 26556  - [39m08/14/2026, 1:08:46 PM [32m    LOG[39m [38;5;3m[RouterExplorer] [39m[32mMapped {/api/v1/tenant-admin/tasks/employees/:employeeId/assignment, PATCH} route[39m[38;5;3m +1ms[39m
[32m[Nest] 26556  - [39m08/14/2026, 1:08:46 PM [32m    LOG[39m [38;5;3m[RouterExplorer] [39m[32mMapped {/api/v1/tenant-admin/tasks/employees/:employeeId/manager, PATCH} route[39m[38;5;3m +0ms[39m
[32m[Nest] 26556  - [39m08/14/2026, 1:08:46 PM [32m    LOG[39m [38;5;3m[RouterExplorer] [39m[32mMapped {/api/v1/tenant-admin/tasks/employees/:employeeId/manager, DELETE} route[39m[38;5;3m +0ms[39m
[32m[Nest] 26556  - [39m08/14/2026, 1:08:46 PM [32m    LOG[39m [38;5;3m[RouterExplorer] [39m[32mMapped {/api/v1/tenant-admin/tasks/employees/:employeeId/capacity, PATCH} route[39m[38;5;3m +0ms[39m
[32m[Nest] 26556  - [39m08/14/2026, 1:08:46 PM [32m    LOG[39m [38;5;3m[RouterExplorer] [39m[32mMapped {/api/v1/tenant-admin/tasks/work-groups, GET} route[39m[38;5;3m +0ms[39m
[32m[Nest] 26556  - [39m08/14/2026, 1:08:46 PM [32m    LOG[39m [38;5;3m[RouterExplorer] [39m[32mMapped {/api/v1/tenant-admin/tasks/work-groups, POST} route[39m[38;5;3m +0ms[39m
[32m[Nest] 26556  - [39m08/14/2026, 1:08:46 PM [32m    LOG[39m [38;5;3m[RouterExplorer] [39m[32mMapped {/api/v1/tenant-admin/tasks/work-groups/:workGroupId, PATCH} route[39m[38;5;3m +0ms[39m
[32m[Nest] 26556  - [39m08/14/2026, 1:08:46 PM [32m    LOG[39m [38;5;3m[RoutesResolver] [39m[32mTenantAnalyticsController {/api/v1/super-admin/tenant-analytics}:[39m[38;5;3m +0ms[39m
[32m[Nest] 26556  - [39m08/14/2026, 1:08:46 PM [32m    LOG[39m [38;5;3m[RouterExplorer] [39m[32mMapped {/api/v1/super-admin/tenant-analytics, GET} route[39m[38;5;3m +1ms[39m
[32m[Nest] 26556  - [39m08/14/2026, 1:08:46 PM [32m    LOG[39m [38;5;3m[TaskNotificationOutboxWorker] [39m[32m[Notifications] Task notification worker is running. It checks committed notifications every 500ms.[39m
[32m[Nest] 26556  - [39m08/14/2026, 1:08:46 PM [32m    LOG[39m [38;5;3m[NestApplication] [39m[32mNest application successfully started[39m[38;5;3m +0ms[39m
1:09:12 PM [tsx] change in ./src\platform\client-portal-requests.repository.ts Restarting...
[32m[Nest] 21688  - [39m08/14/2026, 1:09:18 PM [32m    LOG[39m [38;5;3m[NestFactory] [39m[32mStarting Nest application...[39m
[32m[Nest] 21688  - [39m08/14/2026, 1:09:18 PM [32m    LOG[39m [38;5;3m[InstanceLoader] [39m[32mAppConfigModule dependencies initialized[39m[38;5;3m +1ms[39m
[32m[Nest] 21688  - [39m08/14/2026, 1:09:18 PM [32m    LOG[39m [38;5;3m[InstanceLoader] [39m[32mAppConfigModule dependencies initialized[39m[38;5;3m +0ms[39m
[32m[Nest] 21688  - [39m08/14/2026, 1:09:18 PM [32m    LOG[39m [38;5;3m[InstanceLoader] [39m[32mCommonModule dependencies initialized[39m[38;5;3m +1ms[39m
[32m[Nest] 21688  - [39m08/14/2026, 1:09:18 PM [32m    LOG[39m [38;5;3m[InstanceLoader] [39m[32mAppModule dependencies initialized[39m[38;5;3m +0ms[39m
[32m[Nest] 21688  - [39m08/14/2026, 1:09:18 PM [32m    LOG[39m [38;5;3m[InstanceLoader] [39m[32mDatabaseModule dependencies initialized[39m[38;5;3m +0ms[39m
[32m[Nest] 21688  - [39m08/14/2026, 1:09:18 PM [32m    LOG[39m [38;5;3m[InstanceLoader] [39m[32mHealthModule dependencies initialized[39m[38;5;3m +1ms[39m
[32m[Nest] 21688  - [39m08/14/2026, 1:09:18 PM [32m    LOG[39m [38;5;3m[InstanceLoader] [39m[32mAuthModule dependencies initialized[39m[38;5;3m +0ms[39m
[32m[Nest] 21688  - [39m08/14/2026, 1:09:18 PM [32m    LOG[39m [38;5;3m[InstanceLoader] [39m[32mPlatformModule dependencies initialized[39m[38;5;3m +1ms[39m
[32m[Nest] 21688  - [39m08/14/2026, 1:09:18 PM [32m    LOG[39m [38;5;3m[RoutesResolver] [39m[32mHealthController {/api/v1/health}:[39m[38;5;3m +0ms[39m
[32m[Nest] 21688  - [39m08/14/2026, 1:09:18 PM [32m    LOG[39m [38;5;3m[RouterExplorer] [39m[32mMapped {/api/v1/health/live, GET} route[39m[38;5;3m +0ms[39m
[32m[Nest] 21688  - [39m08/14/2026, 1:09:18 PM [32m    LOG[39m [38;5;3m[RouterExplorer] [39m[32mMapped {/api/v1/health/ready, GET} route[39m[38;5;3m +0ms[39m
[32m[Nest] 21688  - [39m08/14/2026, 1:09:18 PM [32m    LOG[39m [38;5;3m[RoutesResolver] [39m[32mMeController {/api/v1/me}:[39m[38;5;3m +1ms[39m
[32m[Nest] 21688  - [39m08/14/2026, 1:09:18 PM [32m    LOG[39m [38;5;3m[RouterExplorer] [39m[32mMapped {/api/v1/me, GET} route[39m[38;5;3m +0ms[39m
[32m[Nest] 21688  - [39m08/14/2026, 1:09:18 PM [32m    LOG[39m [38;5;3m[RouterExplorer] [39m[32mMapped {/api/v1/me/profile, PATCH} route[39m[38;5;3m +0ms[39m
[32m[Nest] 21688  - [39m08/14/2026, 1:09:18 PM [32m    LOG[39m [38;5;3m[RouterExplorer] [39m[32mMapped {/api/v1/me/preferences, PATCH} route[39m[38;5;3m +0ms[39m
[32m[Nest] 21688  - [39m08/14/2026, 1:09:18 PM [32m    LOG[39m [38;5;3m[RoutesResolver] [39m[32mAccessAdminController {/api/v1}:[39m[38;5;3m +1ms[39m
[32m[Nest] 21688  - [39m08/14/2026, 1:09:18 PM [32m    LOG[39m [38;5;3m[RouterExplorer] [39m[32mMapped {/api/v1/super-admin/tenant-creation-options, GET} route[39m[38;5;3m +0ms[39m
[32m[Nest] 21688  - [39m08/14/2026, 1:09:18 PM [32m    LOG[39m [38;5;3m[RouterExplorer] [39m[32mMapped {/api/v1/super-admin/tenants, GET} route[39m[38;5;3m +0ms[39m
[32m[Nest] 21688  - [39m08/14/2026, 1:09:18 PM [32m    LOG[39m [38;5;3m[RouterExplorer] [39m[32mMapped {/api/v1/super-admin/users/email-availability, GET} route[39m[38;5;3m +0ms[39m
[32m[Nest] 21688  - [39m08/14/2026, 1:09:18 PM [32m    LOG[39m [38;5;3m[RouterExplorer] [39m[32mMapped {/api/v1/super-admin/tenant-list-filters, GET} route[39m[38;5;3m +0ms[39m
[32m[Nest] 21688  - [39m08/14/2026, 1:09:18 PM [32m    LOG[39m [38;5;3m[RouterExplorer] [39m[32mMapped {/api/v1/super-admin/tenants/:tenantId, GET} route[39m[38;5;3m +0ms[39m
[32m[Nest] 21688  - [39m08/14/2026, 1:09:18 PM [32m    LOG[39m [38;5;3m[RouterExplorer] [39m[32mMapped {/api/v1/super-admin/tenants/:tenantId/status, PATCH} route[39m[38;5;3m +0ms[39m
[32m[Nest] 21688  - [39m08/14/2026, 1:09:18 PM [32m    LOG[39m [38;5;3m[RouterExplorer] [39m[32mMapped {/api/v1/super-admin/tenants/:tenantId/password, POST} route[39m[38;5;3m +0ms[39m
[32m[Nest] 21688  - [39m08/14/2026, 1:09:18 PM [32m    LOG[39m [38;5;3m[RouterExplorer] [39m[32mMapped {/api/v1/super-admin/tenants, POST} route[39m[38;5;3m +0ms[39m
[32m[Nest] 21688  - [39m08/14/2026, 1:09:18 PM [32m    LOG[39m [38;5;3m[RouterExplorer] [39m[32mMapped {/api/v1/invitations, POST} route[39m[38;5;3m +0ms[39m
[32m[Nest] 21688  - [39m08/14/2026, 1:09:18 PM [32m    LOG[39m [38;5;3m[RouterExplorer] [39m[32mMapped {/api/v1/invitations/:invitationId/cancel, POST} route[39m[38;5;3m +0ms[39m
[32m[Nest] 21688  - [39m08/14/2026, 1:09:18 PM [32m    LOG[39m [38;5;3m[RouterExplorer] [39m[32mMapped {/api/v1/invitations/:invitationId/revoke, POST} route[39m[38;5;3m +0ms[39m
[32m[Nest] 21688  - [39m08/14/2026, 1:09:18 PM [32m    LOG[39m [38;5;3m[RouterExplorer] [39m[32mMapped {/api/v1/invitations/:invitationId/accept, POST} route[39m[38;5;3m +0ms[39m
[32m[Nest] 21688  - [39m08/14/2026, 1:09:18 PM [32m    LOG[39m [38;5;3m[RouterExplorer] [39m[32mMapped {/api/v1/memberships/:membershipId/revoke, POST} route[39m[38;5;3m +0ms[39m
[32m[Nest] 21688  - [39m08/14/2026, 1:09:18 PM [32m    LOG[39m [38;5;3m[RouterExplorer] [39m[32mMapped {/api/v1/memberships/:membershipId/reactivate, POST} route[39m[38;5;3m +0ms[39m
[32m[Nest] 21688  - [39m08/14/2026, 1:09:18 PM [32m    LOG[39m [38;5;3m[RoutesResolver] [39m[32mPortalAuthController {/api/v1/auth}:[39m[38;5;3m +0ms[39m
[32m[Nest] 21688  - [39m08/14/2026, 1:09:18 PM [32m    LOG[39m [38;5;3m[RouterExplorer] [39m[32mMapped {/api/v1/auth/super-admin/login, POST} route[39m[38;5;3m +0ms[39m
[32m[Nest] 21688  - [39m08/14/2026, 1:09:18 PM [32m    LOG[39m [38;5;3m[RouterExplorer] [39m[32mMapped {/api/v1/auth/tenant/login, POST} route[39m[38;5;3m +0ms[39m
[32m[Nest] 21688  - [39m08/14/2026, 1:09:18 PM [32m    LOG[39m [38;5;3m[RouterExplorer] [39m[32mMapped {/api/v1/auth/employee/login, POST} route[39m[38;5;3m +0ms[39m
[32m[Nest] 21688  - [39m08/14/2026, 1:09:18 PM [32m    LOG[39m [38;5;3m[RouterExplorer] [39m[32mMapped {/api/v1/auth/client/login, POST} route[39m[38;5;3m +0ms[39m
[32m[Nest] 21688  - [39m08/14/2026, 1:09:18 PM [32m    LOG[39m [38;5;3m[RouterExplorer] [39m[32mMapped {/api/v1/auth/super-admin/session, GET} route[39m[38;5;3m +0ms[39m
[32m[Nest] 21688  - [39m08/14/2026, 1:09:18 PM [32m    LOG[39m [38;5;3m[RouterExplorer] [39m[32mMapped {/api/v1/auth/tenant/session, GET} route[39m[38;5;3m +0ms[39m
[32m[Nest] 21688  - [39m08/14/2026, 1:09:18 PM [32m    LOG[39m [38;5;3m[RouterExplorer] [39m[32mMapped {/api/v1/auth/employee/session, GET} route[39m[38;5;3m +0ms[39m
[32m[Nest] 21688  - [39m08/14/2026, 1:09:18 PM [32m    LOG[39m [38;5;3m[RouterExplorer] [39m[32mMapped {/api/v1/auth/client/session, GET} route[39m[38;5;3m +0ms[39m
[32m[Nest] 21688  - [39m08/14/2026, 1:09:18 PM [32m    LOG[39m [38;5;3m[RouterExplorer] [39m[32mMapped {/api/v1/auth/super-admin/logout, POST} route[39m[38;5;3m +0ms[39m
[32m[Nest] 21688  - [39m08/14/2026, 1:09:18 PM [32m    LOG[39m [38;5;3m[RouterExplorer] [39m[32mMapped {/api/v1/auth/tenant/logout, POST} route[39m[38;5;3m +1ms[39m
[32m[Nest] 21688  - [39m08/14/2026, 1:09:18 PM [32m    LOG[39m [38;5;3m[RouterExplorer] [39m[32mMapped {/api/v1/auth/employee/logout, POST} route[39m[38;5;3m +0ms[39m
[32m[Nest] 21688  - [39m08/14/2026, 1:09:18 PM [32m    LOG[39m [38;5;3m[RouterExplorer] [39m[32mMapped {/api/v1/auth/client/logout, POST} route[39m[38;5;3m +0ms[39m
[32m[Nest] 21688  - [39m08/14/2026, 1:09:18 PM [32m    LOG[39m [38;5;3m[RoutesResolver] [39m[32mSuperAdminAuditLogController {/api/v1/super-admin/audit-log}:[39m[38;5;3m +0ms[39m
[32m[Nest] 21688  - [39m08/14/2026, 1:09:18 PM [32m    LOG[39m [38;5;3m[RouterExplorer] [39m[32mMapped {/api/v1/super-admin/audit-log, GET} route[39m[38;5;3m +0ms[39m
[32m[Nest] 21688  - [39m08/14/2026, 1:09:18 PM [32m    LOG[39m [38;5;3m[RoutesResolver] [39m[32mSuperAdminDashboardController {/api/v1/super-admin}:[39m[38;5;3m +0ms[39m
[32m[Nest] 21688  - [39m08/14/2026, 1:09:18 PM [32m    LOG[39m [38;5;3m[RouterExplorer] [39m[32mMapped {/api/v1/super-admin/dashboard, GET} route[39m[38;5;3m +0ms[39m
[32m[Nest] 21688  - [39m08/14/2026, 1:09:18 PM [32m    LOG[39m [38;5;3m[RouterExplorer] [39m[32mMapped {/api/v1/super-admin/alerts/:alertId/view, PATCH} route[39m[38;5;3m +0ms[39m
[32m[Nest] 21688  - [39m08/14/2026, 1:09:18 PM [32m    LOG[39m [38;5;3m[RouterExplorer] [39m[32mMapped {/api/v1/super-admin/alerts/:alertId/reviews, POST} route[39m[38;5;3m +0ms[39m
[32m[Nest] 21688  - [39m08/14/2026, 1:09:18 PM [32m    LOG[39m [38;5;3m[RouterExplorer] [39m[32mMapped {/api/v1/super-admin/tenant-reviews/:reviewId, PATCH} route[39m[38;5;3m +0ms[39m
[32m[Nest] 21688  - [39m08/14/2026, 1:09:18 PM [32m    LOG[39m [38;5;3m[RoutesResolver] [39m[32mSuperAdminSearchController {/api/v1/super-admin}:[39m[38;5;3m +0ms[39m
[32m[Nest] 21688  - [39m08/14/2026, 1:09:18 PM [32m    LOG[39m [38;5;3m[RouterExplorer] [39m[32mMapped {/api/v1/super-admin/search, GET} route[39m[38;5;3m +0ms[39m
[32m[Nest] 21688  - [39m08/14/2026, 1:09:18 PM [32m    LOG[39m [38;5;3m[RoutesResolver] [39m[32mSuperAdminNotificationsController {/api/v1/super-admin/notifications}:[39m[38;5;3m +0ms[39m
[32m[Nest] 21688  - [39m08/14/2026, 1:09:18 PM [32m    LOG[39m [38;5;3m[RouterExplorer] [39m[32mMapped {/api/v1/super-admin/notifications, GET} route[39m[38;5;3m +1ms[39m
[32m[Nest] 21688  - [39m08/14/2026, 1:09:18 PM [32m    LOG[39m [38;5;3m[RouterExplorer] [39m[32mMapped {/api/v1/super-admin/notifications/unread-count, GET} route[39m[38;5;3m +0ms[39m
[32m[Nest] 21688  - [39m08/14/2026, 1:09:18 PM [32m    LOG[39m [38;5;3m[RouterExplorer] [39m[32mMapped {/api/v1/super-admin/notifications/:notificationId/read, PATCH} route[39m[38;5;3m +0ms[39m
[32m[Nest] 21688  - [39m08/14/2026, 1:09:18 PM [32m    LOG[39m [38;5;3m[RouterExplorer] [39m[32mMapped {/api/v1/super-admin/notifications/read-all, PATCH} route[39m[38;5;3m +0ms[39m
[32m[Nest] 21688  - [39m08/14/2026, 1:09:18 PM [32m    LOG[39m [38;5;3m[RoutesResolver] [39m[32mSuperAdminPlatformConfigurationController {/api/v1/super-admin/platform-configuration}:[39m[38;5;3m +0ms[39m
[32m[Nest] 21688  - [39m08/14/2026, 1:09:18 PM [32m    LOG[39m [38;5;3m[RouterExplorer] [39m[32mMapped {/api/v1/super-admin/platform-configuration, GET} route[39m[38;5;3m +0ms[39m
[32m[Nest] 21688  - [39m08/14/2026, 1:09:18 PM [32m    LOG[39m [38;5;3m[RouterExplorer] [39m[32mMapped {/api/v1/super-admin/platform-configuration, PATCH} route[39m[38;5;3m +0ms[39m
[32m[Nest] 21688  - [39m08/14/2026, 1:09:18 PM [32m    LOG[39m [38;5;3m[RoutesResolver] [39m[32mClientPortalDashboardController {/api/v1/client-portal/dashboard}:[39m[38;5;3m +0ms[39m
[32m[Nest] 21688  - [39m08/14/2026, 1:09:18 PM [32m    LOG[39m [38;5;3m[RouterExplorer] [39m[32mMapped {/api/v1/client-portal/dashboard, GET} route[39m[38;5;3m +0ms[39m
[32m[Nest] 21688  - [39m08/14/2026, 1:09:18 PM [32m    LOG[39m [38;5;3m[RoutesResolver] [39m[32mClientPortalDeliverablesController {/api/v1/client-portal/deliverables}:[39m[38;5;3m +0ms[39m
[32m[Nest] 21688  - [39m08/14/2026, 1:09:18 PM [32m    LOG[39m [38;5;3m[RouterExplorer] [39m[32mMapped {/api/v1/client-portal/deliverables, GET} route[39m[38;5;3m +0ms[39m
[32m[Nest] 21688  - [39m08/14/2026, 1:09:18 PM [32m    LOG[39m [38;5;3m[RouterExplorer] [39m[32mMapped {/api/v1/client-portal/deliverables/:documentId/decision, POST} route[39m[38;5;3m +0ms[39m
[32m[Nest] 21688  - [39m08/14/2026, 1:09:18 PM [32m    LOG[39m [38;5;3m[RouterExplorer] [39m[32mMapped {/api/v1/client-portal/deliverables/:documentId/download, GET} route[39m[38;5;3m +0ms[39m
[32m[Nest] 21688  - [39m08/14/2026, 1:09:18 PM [32m    LOG[39m [38;5;3m[RoutesResolver] [39m[32mClientPortalNotificationsController {/api/v1/client-portal/notifications}:[39m[38;5;3m +0ms[39m
[32m[Nest] 21688  - [39m08/14/2026, 1:09:18 PM [32m    LOG[39m [38;5;3m[RouterExplorer] [39m[32mMapped {/api/v1/client-portal/notifications, GET} route[39m[38;5;3m +1ms[39m
[32m[Nest] 21688  - [39m08/14/2026, 1:09:18 PM [32m    LOG[39m [38;5;3m[RoutesResolver] [39m[32mClientPortalProfileController {/api/v1/client-portal/profile}:[39m[38;5;3m +0ms[39m
[32m[Nest] 21688  - [39m08/14/2026, 1:09:18 PM [32m    LOG[39m [38;5;3m[RouterExplorer] [39m[32mMapped {/api/v1/client-portal/profile, GET} route[39m[38;5;3m +0ms[39m
[32m[Nest] 21688  - [39m08/14/2026, 1:09:18 PM [32m    LOG[39m [38;5;3m[RouterExplorer] [39m[32mMapped {/api/v1/client-portal/profile, PATCH} route[39m[38;5;3m +0ms[39m
[32m[Nest] 21688  - [39m08/14/2026, 1:09:18 PM [32m    LOG[39m [38;5;3m[RoutesResolver] [39m[32mClientPortalRequestsController {/api/v1/client-portal/requests}:[39m[38;5;3m +0ms[39m
[32m[Nest] 21688  - [39m08/14/2026, 1:09:18 PM [32m    LOG[39m [38;5;3m[RouterExplorer] [39m[32mMapped {/api/v1/client-portal/requests/options, GET} route[39m[38;5;3m +0ms[39m
[32m[Nest] 21688  - [39m08/14/2026, 1:09:18 PM [32m    LOG[39m [38;5;3m[RouterExplorer] [39m[32mMapped {/api/v1/client-portal/requests, POST} route[39m[38;5;3m +0ms[39m
[32m[Nest] 21688  - [39m08/14/2026, 1:09:18 PM [32m    LOG[39m [38;5;3m[RoutesResolver] [39m[32mEmployeeDashboardController {/api/v1/employee/dashboard}:[39m[38;5;3m +0ms[39m
[32m[Nest] 21688  - [39m08/14/2026, 1:09:18 PM [32m    LOG[39m [38;5;3m[RouterExplorer] [39m[32mMapped {/api/v1/employee/dashboard, GET} route[39m[38;5;3m +0ms[39m
[32m[Nest] 21688  - [39m08/14/2026, 1:09:18 PM [32m    LOG[39m [38;5;3m[RoutesResolver] [39m[32mEmployeeDocumentsController {/api/v1/employee/documents}:[39m[38;5;3m +0ms[39m
[32m[Nest] 21688  - [39m08/14/2026, 1:09:18 PM [32m    LOG[39m [38;5;3m[RouterExplorer] [39m[32mMapped {/api/v1/employee/documents/options, GET} route[39m[38;5;3m +0ms[39m
[32m[Nest] 21688  - [39m08/14/2026, 1:09:18 PM [32m    LOG[39m [38;5;3m[RouterExplorer] [39m[32mMapped {/api/v1/employee/documents, GET} route[39m[38;5;3m +0ms[39m
[32m[Nest] 21688  - [39m08/14/2026, 1:09:18 PM [32m    LOG[39m [38;5;3m[RouterExplorer] [39m[32mMapped {/api/v1/employee/documents, POST} route[39m[38;5;3m +0ms[39m
[32m[Nest] 21688  - [39m08/14/2026, 1:09:18 PM [32m    LOG[39m [38;5;3m[RouterExplorer] [39m[32mMapped {/api/v1/employee/documents/upload-url, POST} route[39m[38;5;3m +1ms[39m
[32m[Nest] 21688  - [39m08/14/2026, 1:09:18 PM [32m    LOG[39m [38;5;3m[RouterExplorer] [39m[32mMapped {/api/v1/employee/documents/:documentId/download, GET} route[39m[38;5;3m +0ms[39m
[32m[Nest] 21688  - [39m08/14/2026, 1:09:18 PM [32m    LOG[39m [38;5;3m[RoutesResolver] [39m[32mEmployeeManagerController {/api/v1/employee/manager}:[39m[38;5;3m +0ms[39m
[32m[Nest] 21688  - [39m08/14/2026, 1:09:18 PM [32m    LOG[39m [38;5;3m[RouterExplorer] [39m[32mMapped {/api/v1/employee/manager/clients, GET} route[39m[38;5;3m +0ms[39m
[32m[Nest] 21688  - [39m08/14/2026, 1:09:18 PM [32m    LOG[39m [38;5;3m[RouterExplorer] [39m[32mMapped {/api/v1/employee/manager/task-options, GET} route[39m[38;5;3m +0ms[39m
[32m[Nest] 21688  - [39m08/14/2026, 1:09:18 PM [32m    LOG[39m [38;5;3m[RouterExplorer] [39m[32mMapped {/api/v1/employee/manager/reviews, GET} route[39m[38;5;3m +0ms[39m
[32m[Nest] 21688  - [39m08/14/2026, 1:09:18 PM [32m    LOG[39m [38;5;3m[RouterExplorer] [39m[32mMapped {/api/v1/employee/manager/tasks, POST} route[39m[38;5;3m +0ms[39m
[32m[Nest] 21688  - [39m08/14/2026, 1:09:18 PM [32m    LOG[39m [38;5;3m[RouterExplorer] [39m[32mMapped {/api/v1/employee/manager/reviews/:taskId, POST} route[39m[38;5;3m +0ms[39m
[32m[Nest] 21688  - [39m08/14/2026, 1:09:18 PM [32m    LOG[39m [38;5;3m[RoutesResolver] [39m[32mEmployeeNotificationsController {/api/v1/employee/notifications}:[39m[38;5;3m +0ms[39m
[32m[Nest] 21688  - [39m08/14/2026, 1:09:18 PM [32m    LOG[39m [38;5;3m[RouterExplorer] [39m[32mMapped {/api/v1/employee/notifications, GET} route[39m[38;5;3m +0ms[39m
[32m[Nest] 21688  - [39m08/14/2026, 1:09:18 PM [32m    LOG[39m [38;5;3m[RouterExplorer] [39m[32mMapped {/api/v1/employee/notifications/unread-count, GET} route[39m[38;5;3m +0ms[39m
[32m[Nest] 21688  - [39m08/14/2026, 1:09:18 PM [32m    LOG[39m [38;5;3m[RouterExplorer] [39m[32mMapped {/api/v1/employee/notifications/:notificationId/read, PATCH} route[39m[38;5;3m +0ms[39m
[32m[Nest] 21688  - [39m08/14/2026, 1:09:18 PM [32m    LOG[39m [38;5;3m[RouterExplorer] [39m[32mMapped {/api/v1/employee/notifications/read-all, PATCH} route[39m[38;5;3m +0ms[39m
[32m[Nest] 21688  - [39m08/14/2026, 1:09:18 PM [32m    LOG[39m [38;5;3m[RoutesResolver] [39m[32mEmployeeProfileController {/api/v1/employee/profile}:[39m[38;5;3m +1ms[39m
[32m[Nest] 21688  - [39m08/14/2026, 1:09:18 PM [32m    LOG[39m [38;5;3m[RouterExplorer] [39m[32mMapped {/api/v1/employee/profile, GET} route[39m[38;5;3m +0ms[39m
[32m[Nest] 21688  - [39m08/14/2026, 1:09:18 PM [32m    LOG[39m [38;5;3m[RoutesResolver] [39m[32mEmployeeTasksController {/api/v1/employee}:[39m[38;5;3m +0ms[39m
[32m[Nest] 21688  - [39m08/14/2026, 1:09:18 PM [32m    LOG[39m [38;5;3m[RouterExplorer] [39m[32mMapped {/api/v1/employee/tasks, GET} route[39m[38;5;3m +0ms[39m
[32m[Nest] 21688  - [39m08/14/2026, 1:09:18 PM [32m    LOG[39m [38;5;3m[RouterExplorer] [39m[32mMapped {/api/v1/employee/work-logs, GET} route[39m[38;5;3m +0ms[39m
[32m[Nest] 21688  - [39m08/14/2026, 1:09:18 PM [32m    LOG[39m [38;5;3m[RouterExplorer] [39m[32mMapped {/api/v1/employee/tasks/:taskId/start, POST} route[39m[38;5;3m +0ms[39m
[32m[Nest] 21688  - [39m08/14/2026, 1:09:18 PM [32m    LOG[39m [38;5;3m[RouterExplorer] [39m[32mMapped {/api/v1/employee/tasks/:taskId/pause, POST} route[39m[38;5;3m +0ms[39m
[32m[Nest] 21688  - [39m08/14/2026, 1:09:18 PM [32m    LOG[39m [38;5;3m[RouterExplorer] [39m[32mMapped {/api/v1/employee/tasks/:taskId/resume, POST} route[39m[38;5;3m +0ms[39m
[32m[Nest] 21688  - [39m08/14/2026, 1:09:18 PM [32m    LOG[39m [38;5;3m[RouterExplorer] [39m[32mMapped {/api/v1/employee/tasks/:taskId/submit, POST} route[39m[38;5;3m +0ms[39m
[32m[Nest] 21688  - [39m08/14/2026, 1:09:18 PM [32m    LOG[39m [38;5;3m[RoutesResolver] [39m[32mTenantAdminDashboardController {/api/v1/tenant-admin/dashboard}:[39m[38;5;3m +0ms[39m
[32m[Nest] 21688  - [39m08/14/2026, 1:09:18 PM [32m    LOG[39m [38;5;3m[RouterExplorer] [39m[32mMapped {/api/v1/tenant-admin/dashboard, GET} route[39m[38;5;3m +0ms[39m
[32m[Nest] 21688  - [39m08/14/2026, 1:09:18 PM [32m    LOG[39m [38;5;3m[RouterExplorer] [39m[32mMapped {/api/v1/tenant-admin/dashboard/profile, GET} route[39m[38;5;3m +0ms[39m
[32m[Nest] 21688  - [39m08/14/2026, 1:09:18 PM [32m    LOG[39m [38;5;3m[RouterExplorer] [39m[32mMapped {/api/v1/tenant-admin/dashboard/profile, PATCH} route[39m[38;5;3m +1ms[39m
[32m[Nest] 21688  - [39m08/14/2026, 1:09:18 PM [32m    LOG[39m [38;5;3m[RoutesResolver] [39m[32mTenantAdminClientsController {/api/v1/tenant-admin/clients}:[39m[38;5;3m +0ms[39m
[32m[Nest] 21688  - [39m08/14/2026, 1:09:18 PM [32m    LOG[39m [38;5;3m[RouterExplorer] [39m[32mMapped {/api/v1/tenant-admin/clients, GET} route[39m[38;5;3m +0ms[39m
[32m[Nest] 21688  - [39m08/14/2026, 1:09:18 PM [32m    LOG[39m [38;5;3m[RouterExplorer] [39m[32mMapped {/api/v1/tenant-admin/clients, POST} route[39m[38;5;3m +0ms[39m
[32m[Nest] 21688  - [39m08/14/2026, 1:09:18 PM [32m    LOG[39m [38;5;3m[RouterExplorer] [39m[32mMapped {/api/v1/tenant-admin/clients/:clientRef, GET} route[39m[38;5;3m +0ms[39m
[32m[Nest] 21688  - [39m08/14/2026, 1:09:18 PM [32m    LOG[39m [38;5;3m[RouterExplorer] [39m[32mMapped {/api/v1/tenant-admin/clients/:clientRef, DELETE} route[39m[38;5;3m +0ms[39m
[32m[Nest] 21688  - [39m08/14/2026, 1:09:18 PM [32m    LOG[39m [38;5;3m[RouterExplorer] [39m[32mMapped {/api/v1/tenant-admin/clients/:clientRef/contacts, POST} route[39m[38;5;3m +0ms[39m
[32m[Nest] 21688  - [39m08/14/2026, 1:09:18 PM [32m    LOG[39m [38;5;3m[RouterExplorer] [39m[32mMapped {/api/v1/tenant-admin/clients/:clientRef/contacts/:contactId, PATCH} route[39m[38;5;3m +0ms[39m
[32m[Nest] 21688  - [39m08/14/2026, 1:09:18 PM [32m    LOG[39m [38;5;3m[RoutesResolver] [39m[32mTenantAdminEmployeePerformanceController {/api/v1/tenant-admin/employee-performance}:[39m[38;5;3m +0ms[39m
[32m[Nest] 21688  - [39m08/14/2026, 1:09:18 PM [32m    LOG[39m [38;5;3m[RouterExplorer] [39m[32mMapped {/api/v1/tenant-admin/employee-performance, GET} route[39m[38;5;3m +0ms[39m
[32m[Nest] 21688  - [39m08/14/2026, 1:09:18 PM [32m    LOG[39m [38;5;3m[RouterExplorer] [39m[32mMapped {/api/v1/tenant-admin/employee-performance/:employeeId, GET} route[39m[38;5;3m +0ms[39m
[32m[Nest] 21688  - [39m08/14/2026, 1:09:18 PM [32m    LOG[39m [38;5;3m[RoutesResolver] [39m[32mTenantAdminFinanceController {/api/v1/tenant-admin/finance}:[39m[38;5;3m +0ms[39m
[32m[Nest] 21688  - [39m08/14/2026, 1:09:18 PM [32m    LOG[39m [38;5;3m[RouterExplorer] [39m[32mMapped {/api/v1/tenant-admin/finance/documents, GET} route[39m[38;5;3m +0ms[39m
[32m[Nest] 21688  - [39m08/14/2026, 1:09:18 PM [32m    LOG[39m [38;5;3m[RouterExplorer] [39m[32mMapped {/api/v1/tenant-admin/finance/documents, POST} route[39m[38;5;3m +1ms[39m
[32m[Nest] 21688  - [39m08/14/2026, 1:09:18 PM [32m    LOG[39m [38;5;3m[RouterExplorer] [39m[32mMapped {/api/v1/tenant-admin/finance/documents/upload-url, POST} route[39m[38;5;3m +0ms[39m
[32m[Nest] 21688  - [39m08/14/2026, 1:09:18 PM [32m    LOG[39m [38;5;3m[RouterExplorer] [39m[32mMapped {/api/v1/tenant-admin/finance/documents/:documentId/download, GET} route[39m[38;5;3m +0ms[39m
[32m[Nest] 21688  - [39m08/14/2026, 1:09:18 PM [32m    LOG[39m [38;5;3m[RouterExplorer] [39m[32mMapped {/api/v1/tenant-admin/finance/invoices, GET} route[39m[38;5;3m +0ms[39m
[32m[Nest] 21688  - [39m08/14/2026, 1:09:18 PM [32m    LOG[39m [38;5;3m[RouterExplorer] [39m[32mMapped {/api/v1/tenant-admin/finance/invoices, POST} route[39m[38;5;3m +0ms[39m
[32m[Nest] 21688  - [39m08/14/2026, 1:09:18 PM [32m    LOG[39m [38;5;3m[RouterExplorer] [39m[32mMapped {/api/v1/tenant-admin/finance/billable-tasks, GET} route[39m[38;5;3m +0ms[39m
[32m[Nest] 21688  - [39m08/14/2026, 1:09:18 PM [32m    LOG[39m [38;5;3m[RouterExplorer] [39m[32mMapped {/api/v1/tenant-admin/finance/invoices/from-task, POST} route[39m[38;5;3m +0ms[39m
[32m[Nest] 21688  - [39m08/14/2026, 1:09:18 PM [32m    LOG[39m [38;5;3m[RouterExplorer] [39m[32mMapped {/api/v1/tenant-admin/finance/invoices/:invoiceId/send, POST} route[39m[38;5;3m +0ms[39m
[32m[Nest] 21688  - [39m08/14/2026, 1:09:18 PM [32m    LOG[39m [38;5;3m[RoutesResolver] [39m[32mTenantAdminNotificationsController {/api/v1/tenant-admin/notifications}:[39m[38;5;3m +0ms[39m
[32m[Nest] 21688  - [39m08/14/2026, 1:09:18 PM [32m    LOG[39m [38;5;3m[RouterExplorer] [39m[32mMapped {/api/v1/tenant-admin/notifications, GET} route[39m[38;5;3m +0ms[39m
[32m[Nest] 21688  - [39m08/14/2026, 1:09:18 PM [32m    LOG[39m [38;5;3m[RouterExplorer] [39m[32mMapped {/api/v1/tenant-admin/notifications/unread-count, GET} route[39m[38;5;3m +0ms[39m
[32m[Nest] 21688  - [39m08/14/2026, 1:09:18 PM [32m    LOG[39m [38;5;3m[RouterExplorer] [39m[32mMapped {/api/v1/tenant-admin/notifications/:notificationId/read, PATCH} route[39m[38;5;3m +0ms[39m
[32m[Nest] 21688  - [39m08/14/2026, 1:09:18 PM [32m    LOG[39m [38;5;3m[RouterExplorer] [39m[32mMapped {/api/v1/tenant-admin/notifications/read-all, PATCH} route[39m[38;5;3m +1ms[39m
[32m[Nest] 21688  - [39m08/14/2026, 1:09:18 PM [32m    LOG[39m [38;5;3m[RoutesResolver] [39m[32mTenantAdminServicesController {/api/v1/tenant-admin/services}:[39m[38;5;3m +0ms[39m
[32m[Nest] 21688  - [39m08/14/2026, 1:09:18 PM [32m    LOG[39m [38;5;3m[RouterExplorer] [39m[32mMapped {/api/v1/tenant-admin/services, GET} route[39m[38;5;3m +0ms[39m
[32m[Nest] 21688  - [39m08/14/2026, 1:09:18 PM [32m    LOG[39m [38;5;3m[RouterExplorer] [39m[32mMapped {/api/v1/tenant-admin/services, POST} route[39m[38;5;3m +0ms[39m
[32m[Nest] 21688  - [39m08/14/2026, 1:09:18 PM [32m    LOG[39m [38;5;3m[RoutesResolver] [39m[32mTenantAdminTasksController {/api/v1/tenant-admin/tasks}:[39m[38;5;3m +0ms[39m
[32m[Nest] 21688  - [39m08/14/2026, 1:09:18 PM [32m    LOG[39m [38;5;3m[RouterExplorer] [39m[32mMapped {/api/v1/tenant-admin/tasks/options, GET} route[39m[38;5;3m +0ms[39m
[32m[Nest] 21688  - [39m08/14/2026, 1:09:18 PM [32m    LOG[39m [38;5;3m[RouterExplorer] [39m[32mMapped {/api/v1/tenant-admin/tasks, GET} route[39m[38;5;3m +0ms[39m
[32m[Nest] 21688  - [39m08/14/2026, 1:09:18 PM [32m    LOG[39m [38;5;3m[RouterExplorer] [39m[32mMapped {/api/v1/tenant-admin/tasks, POST} route[39m[38;5;3m +0ms[39m
[32m[Nest] 21688  - [39m08/14/2026, 1:09:18 PM [32m    LOG[39m [38;5;3m[RouterExplorer] [39m[32mMapped {/api/v1/tenant-admin/tasks/:taskId/approval, POST} route[39m[38;5;3m +0ms[39m
[32m[Nest] 21688  - [39m08/14/2026, 1:09:18 PM [32m    LOG[39m [38;5;3m[RouterExplorer] [39m[32mMapped {/api/v1/tenant-admin/tasks/employees, POST} route[39m[38;5;3m +0ms[39m
[32m[Nest] 21688  - [39m08/14/2026, 1:09:18 PM [32m    LOG[39m [38;5;3m[RouterExplorer] [39m[32mMapped {/api/v1/tenant-admin/tasks/employees/email-availability, GET} route[39m[38;5;3m +0ms[39m
[32m[Nest] 21688  - [39m08/14/2026, 1:09:18 PM [32m    LOG[39m [38;5;3m[RouterExplorer] [39m[32mMapped {/api/v1/tenant-admin/tasks/employees, GET} route[39m[38;5;3m +0ms[39m
[32m[Nest] 21688  - [39m08/14/2026, 1:09:18 PM [32m    LOG[39m [38;5;3m[RouterExplorer] [39m[32mMapped {/api/v1/tenant-admin/tasks/departments, GET} route[39m[38;5;3m +1ms[39m
[32m[Nest] 21688  - [39m08/14/2026, 1:09:18 PM [32m    LOG[39m [38;5;3m[RouterExplorer] [39m[32mMapped {/api/v1/tenant-admin/tasks/departments, POST} route[39m[38;5;3m +0ms[39m
[32m[Nest] 21688  - [39m08/14/2026, 1:09:18 PM [32m    LOG[39m [38;5;3m[RouterExplorer] [39m[32mMapped {/api/v1/tenant-admin/tasks/employees/:employeeId/assignment, PATCH} route[39m[38;5;3m +0ms[39m
[32m[Nest] 21688  - [39m08/14/2026, 1:09:18 PM [32m    LOG[39m [38;5;3m[RouterExplorer] [39m[32mMapped {/api/v1/tenant-admin/tasks/employees/:employeeId/manager, PATCH} route[39m[38;5;3m +0ms[39m
[32m[Nest] 21688  - [39m08/14/2026, 1:09:18 PM [32m    LOG[39m [38;5;3m[RouterExplorer] [39m[32mMapped {/api/v1/tenant-admin/tasks/employees/:employeeId/manager, DELETE} route[39m[38;5;3m +0ms[39m
[32m[Nest] 21688  - [39m08/14/2026, 1:09:18 PM [32m    LOG[39m [38;5;3m[RouterExplorer] [39m[32mMapped {/api/v1/tenant-admin/tasks/employees/:employeeId/capacity, PATCH} route[39m[38;5;3m +0ms[39m
[32m[Nest] 21688  - [39m08/14/2026, 1:09:18 PM [32m    LOG[39m [38;5;3m[RouterExplorer] [39m[32mMapped {/api/v1/tenant-admin/tasks/work-groups, GET} route[39m[38;5;3m +0ms[39m
[32m[Nest] 21688  - [39m08/14/2026, 1:09:18 PM [32m    LOG[39m [38;5;3m[RouterExplorer] [39m[32mMapped {/api/v1/tenant-admin/tasks/work-groups, POST} route[39m[38;5;3m +0ms[39m
[32m[Nest] 21688  - [39m08/14/2026, 1:09:18 PM [32m    LOG[39m [38;5;3m[RouterExplorer] [39m[32mMapped {/api/v1/tenant-admin/tasks/work-groups/:workGroupId, PATCH} route[39m[38;5;3m +0ms[39m
[32m[Nest] 21688  - [39m08/14/2026, 1:09:18 PM [32m    LOG[39m [38;5;3m[RoutesResolver] [39m[32mTenantAnalyticsController {/api/v1/super-admin/tenant-analytics}:[39m[38;5;3m +0ms[39m
[32m[Nest] 21688  - [39m08/14/2026, 1:09:18 PM [32m    LOG[39m [38;5;3m[RouterExplorer] [39m[32mMapped {/api/v1/super-admin/tenant-analytics, GET} route[39m[38;5;3m +1ms[39m
[32m[Nest] 21688  - [39m08/14/2026, 1:09:18 PM [32m    LOG[39m [38;5;3m[TaskNotificationOutboxWorker] [39m[32m[Notifications] Task notification worker is running. It checks committed notifications every 500ms.[39m
[32m[Nest] 21688  - [39m08/14/2026, 1:09:18 PM [32m    LOG[39m [38;5;3m[NestApplication] [39m[32mNest application successfully started[39m[38;5;3m +0ms[39m
1:09:50 PM [tsx] change in ./src\platform\client-portal-deliverables.repository.ts Restarting...
1:09:50 PM [tsx] change in ./src\platform\client-portal-notifications.repository.ts Restarting...
1:09:51 PM [tsx] change in ./src\platform\client-portal-requests.repository.ts Restarting...
[32m[Nest] 25440  - [39m08/14/2026, 1:09:57 PM [32m    LOG[39m [38;5;3m[NestFactory] [39m[32mStarting Nest application...[39m
[32m[Nest] 25440  - [39m08/14/2026, 1:09:57 PM [32m    LOG[39m [38;5;3m[InstanceLoader] [39m[32mAppConfigModule dependencies initialized[39m[38;5;3m +3ms[39m
[32m[Nest] 25440  - [39m08/14/2026, 1:09:57 PM [32m    LOG[39m [38;5;3m[InstanceLoader] [39m[32mAppConfigModule dependencies initialized[39m[38;5;3m +0ms[39m
[32m[Nest] 25440  - [39m08/14/2026, 1:09:57 PM [32m    LOG[39m [38;5;3m[InstanceLoader] [39m[32mCommonModule dependencies initialized[39m[38;5;3m +1ms[39m
[32m[Nest] 25440  - [39m08/14/2026, 1:09:57 PM [32m    LOG[39m [38;5;3m[InstanceLoader] [39m[32mAppModule dependencies initialized[39m[38;5;3m +0ms[39m
[32m[Nest] 25440  - [39m08/14/2026, 1:09:57 PM [32m    LOG[39m [38;5;3m[InstanceLoader] [39m[32mDatabaseModule dependencies initialized[39m[38;5;3m +1ms[39m
[32m[Nest] 25440  - [39m08/14/2026, 1:09:57 PM [32m    LOG[39m [38;5;3m[InstanceLoader] [39m[32mHealthModule dependencies initialized[39m[38;5;3m +0ms[39m
[32m[Nest] 25440  - [39m08/14/2026, 1:09:57 PM [32m    LOG[39m [38;5;3m[InstanceLoader] [39m[32mAuthModule dependencies initialized[39m[38;5;3m +0ms[39m
[32m[Nest] 25440  - [39m08/14/2026, 1:09:57 PM [32m    LOG[39m [38;5;3m[InstanceLoader] [39m[32mPlatformModule dependencies initialized[39m[38;5;3m +1ms[39m
[32m[Nest] 25440  - [39m08/14/2026, 1:09:57 PM [32m    LOG[39m [38;5;3m[RoutesResolver] [39m[32mHealthController {/api/v1/health}:[39m[38;5;3m +0ms[39m
[32m[Nest] 25440  - [39m08/14/2026, 1:09:57 PM [32m    LOG[39m [38;5;3m[RouterExplorer] [39m[32mMapped {/api/v1/health/live, GET} route[39m[38;5;3m +0ms[39m
[32m[Nest] 25440  - [39m08/14/2026, 1:09:57 PM [32m    LOG[39m [38;5;3m[RouterExplorer] [39m[32mMapped {/api/v1/health/ready, GET} route[39m[38;5;3m +0ms[39m
[32m[Nest] 25440  - [39m08/14/2026, 1:09:57 PM [32m    LOG[39m [38;5;3m[RoutesResolver] [39m[32mMeController {/api/v1/me}:[39m[38;5;3m +1ms[39m
[32m[Nest] 25440  - [39m08/14/2026, 1:09:57 PM [32m    LOG[39m [38;5;3m[RouterExplorer] [39m[32mMapped {/api/v1/me, GET} route[39m[38;5;3m +0ms[39m
[32m[Nest] 25440  - [39m08/14/2026, 1:09:57 PM [32m    LOG[39m [38;5;3m[RouterExplorer] [39m[32mMapped {/api/v1/me/profile, PATCH} route[39m[38;5;3m +0ms[39m
[32m[Nest] 25440  - [39m08/14/2026, 1:09:57 PM [32m    LOG[39m [38;5;3m[RouterExplorer] [39m[32mMapped {/api/v1/me/preferences, PATCH} route[39m[38;5;3m +0ms[39m
[32m[Nest] 25440  - [39m08/14/2026, 1:09:57 PM [32m    LOG[39m [38;5;3m[RoutesResolver] [39m[32mAccessAdminController {/api/v1}:[39m[38;5;3m +0ms[39m
[32m[Nest] 25440  - [39m08/14/2026, 1:09:57 PM [32m    LOG[39m [38;5;3m[RouterExplorer] [39m[32mMapped {/api/v1/super-admin/tenant-creation-options, GET} route[39m[38;5;3m +1ms[39m
[32m[Nest] 25440  - [39m08/14/2026, 1:09:57 PM [32m    LOG[39m [38;5;3m[RouterExplorer] [39m[32mMapped {/api/v1/super-admin/tenants, GET} route[39m[38;5;3m +0ms[39m
[32m[Nest] 25440  - [39m08/14/2026, 1:09:57 PM [32m    LOG[39m [38;5;3m[RouterExplorer] [39m[32mMapped {/api/v1/super-admin/users/email-availability, GET} route[39m[38;5;3m +0ms[39m
[32m[Nest] 25440  - [39m08/14/2026, 1:09:57 PM [32m    LOG[39m [38;5;3m[RouterExplorer] [39m[32mMapped {/api/v1/super-admin/tenant-list-filters, GET} route[39m[38;5;3m +0ms[39m
[32m[Nest] 25440  - [39m08/14/2026, 1:09:57 PM [32m    LOG[39m [38;5;3m[RouterExplorer] [39m[32mMapped {/api/v1/super-admin/tenants/:tenantId, GET} route[39m[38;5;3m +0ms[39m
[32m[Nest] 25440  - [39m08/14/2026, 1:09:57 PM [32m    LOG[39m [38;5;3m[RouterExplorer] [39m[32mMapped {/api/v1/super-admin/tenants/:tenantId/status, PATCH} route[39m[38;5;3m +1ms[39m
[32m[Nest] 25440  - [39m08/14/2026, 1:09:57 PM [32m    LOG[39m [38;5;3m[RouterExplorer] [39m[32mMapped {/api/v1/super-admin/tenants/:tenantId/password, POST} route[39m[38;5;3m +0ms[39m
[32m[Nest] 25440  - [39m08/14/2026, 1:09:57 PM [32m    LOG[39m [38;5;3m[RouterExplorer] [39m[32mMapped {/api/v1/super-admin/tenants, POST} route[39m[38;5;3m +0ms[39m
[32m[Nest] 25440  - [39m08/14/2026, 1:09:57 PM [32m    LOG[39m [38;5;3m[RouterExplorer] [39m[32mMapped {/api/v1/invitations, POST} route[39m[38;5;3m +0ms[39m
[32m[Nest] 25440  - [39m08/14/2026, 1:09:57 PM [32m    LOG[39m [38;5;3m[RouterExplorer] [39m[32mMapped {/api/v1/invitations/:invitationId/cancel, POST} route[39m[38;5;3m +1ms[39m
[32m[Nest] 25440  - [39m08/14/2026, 1:09:57 PM [32m    LOG[39m [38;5;3m[RouterExplorer] [39m[32mMapped {/api/v1/invitations/:invitationId/revoke, POST} route[39m[38;5;3m +0ms[39m
[32m[Nest] 25440  - [39m08/14/2026, 1:09:57 PM [32m    LOG[39m [38;5;3m[RouterExplorer] [39m[32mMapped {/api/v1/invitations/:invitationId/accept, POST} route[39m[38;5;3m +0ms[39m
[32m[Nest] 25440  - [39m08/14/2026, 1:09:57 PM [32m    LOG[39m [38;5;3m[RouterExplorer] [39m[32mMapped {/api/v1/memberships/:membershipId/revoke, POST} route[39m[38;5;3m +0ms[39m
[32m[Nest] 25440  - [39m08/14/2026, 1:09:57 PM [32m    LOG[39m [38;5;3m[RouterExplorer] [39m[32mMapped {/api/v1/memberships/:membershipId/reactivate, POST} route[39m[38;5;3m +0ms[39m
[32m[Nest] 25440  - [39m08/14/2026, 1:09:57 PM [32m    LOG[39m [38;5;3m[RoutesResolver] [39m[32mPortalAuthController {/api/v1/auth}:[39m[38;5;3m +1ms[39m
[32m[Nest] 25440  - [39m08/14/2026, 1:09:57 PM [32m    LOG[39m [38;5;3m[RouterExplorer] [39m[32mMapped {/api/v1/auth/super-admin/login, POST} route[39m[38;5;3m +0ms[39m
[32m[Nest] 25440  - [39m08/14/2026, 1:09:57 PM [32m    LOG[39m [38;5;3m[RouterExplorer] [39m[32mMapped {/api/v1/auth/tenant/login, POST} route[39m[38;5;3m +2ms[39m
[32m[Nest] 25440  - [39m08/14/2026, 1:09:57 PM [32m    LOG[39m [38;5;3m[RouterExplorer] [39m[32mMapped {/api/v1/auth/employee/login, POST} route[39m[38;5;3m +2ms[39m
[32m[Nest] 25440  - [39m08/14/2026, 1:09:57 PM [32m    LOG[39m [38;5;3m[RouterExplorer] [39m[32mMapped {/api/v1/auth/client/login, POST} route[39m[38;5;3m +1ms[39m
[32m[Nest] 25440  - [39m08/14/2026, 1:09:57 PM [32m    LOG[39m [38;5;3m[RouterExplorer] [39m[32mMapped {/api/v1/auth/super-admin/session, GET} route[39m[38;5;3m +0ms[39m
[32m[Nest] 25440  - [39m08/14/2026, 1:09:57 PM [32m    LOG[39m [38;5;3m[RouterExplorer] [39m[32mMapped {/api/v1/auth/tenant/session, GET} route[39m[38;5;3m +1ms[39m
[32m[Nest] 25440  - [39m08/14/2026, 1:09:57 PM [32m    LOG[39m [38;5;3m[RouterExplorer] [39m[32mMapped {/api/v1/auth/employee/session, GET} route[39m[38;5;3m +0ms[39m
[32m[Nest] 25440  - [39m08/14/2026, 1:09:57 PM [32m    LOG[39m [38;5;3m[RouterExplorer] [39m[32mMapped {/api/v1/auth/client/session, GET} route[39m[38;5;3m +0ms[39m
[32m[Nest] 25440  - [39m08/14/2026, 1:09:57 PM [32m    LOG[39m [38;5;3m[RouterExplorer] [39m[32mMapped {/api/v1/auth/super-admin/logout, POST} route[39m[38;5;3m +0ms[39m
[32m[Nest] 25440  - [39m08/14/2026, 1:09:57 PM [32m    LOG[39m [38;5;3m[RouterExplorer] [39m[32mMapped {/api/v1/auth/tenant/logout, POST} route[39m[38;5;3m +1ms[39m
[32m[Nest] 25440  - [39m08/14/2026, 1:09:57 PM [32m    LOG[39m [38;5;3m[RouterExplorer] [39m[32mMapped {/api/v1/auth/employee/logout, POST} route[39m[38;5;3m +0ms[39m
[32m[Nest] 25440  - [39m08/14/2026, 1:09:57 PM [32m    LOG[39m [38;5;3m[RouterExplorer] [39m[32mMapped {/api/v1/auth/client/logout, POST} route[39m[38;5;3m +0ms[39m
[32m[Nest] 25440  - [39m08/14/2026, 1:09:57 PM [32m    LOG[39m [38;5;3m[RoutesResolver] [39m[32mSuperAdminAuditLogController {/api/v1/super-admin/audit-log}:[39m[38;5;3m +0ms[39m
[32m[Nest] 25440  - [39m08/14/2026, 1:09:57 PM [32m    LOG[39m [38;5;3m[RouterExplorer] [39m[32mMapped {/api/v1/super-admin/audit-log, GET} route[39m[38;5;3m +0ms[39m
[32m[Nest] 25440  - [39m08/14/2026, 1:09:57 PM [32m    LOG[39m [38;5;3m[RoutesResolver] [39m[32mSuperAdminDashboardController {/api/v1/super-admin}:[39m[38;5;3m +0ms[39m
[32m[Nest] 25440  - [39m08/14/2026, 1:09:57 PM [32m    LOG[39m [38;5;3m[RouterExplorer] [39m[32mMapped {/api/v1/super-admin/dashboard, GET} route[39m[38;5;3m +0ms[39m
[32m[Nest] 25440  - [39m08/14/2026, 1:09:57 PM [32m    LOG[39m [38;5;3m[RouterExplorer] [39m[32mMapped {/api/v1/super-admin/alerts/:alertId/view, PATCH} route[39m[38;5;3m +1ms[39m
[32m[Nest] 25440  - [39m08/14/2026, 1:09:57 PM [32m    LOG[39m [38;5;3m[RouterExplorer] [39m[32mMapped {/api/v1/super-admin/alerts/:alertId/reviews, POST} route[39m[38;5;3m +0ms[39m
[32m[Nest] 25440  - [39m08/14/2026, 1:09:57 PM [32m    LOG[39m [38;5;3m[RouterExplorer] [39m[32mMapped {/api/v1/super-admin/tenant-reviews/:reviewId, PATCH} route[39m[38;5;3m +0ms[39m
[32m[Nest] 25440  - [39m08/14/2026, 1:09:57 PM [32m    LOG[39m [38;5;3m[RoutesResolver] [39m[32mSuperAdminSearchController {/api/v1/super-admin}:[39m[38;5;3m +1ms[39m
[32m[Nest] 25440  - [39m08/14/2026, 1:09:57 PM [32m    LOG[39m [38;5;3m[RouterExplorer] [39m[32mMapped {/api/v1/super-admin/search, GET} route[39m[38;5;3m +0ms[39m
[32m[Nest] 25440  - [39m08/14/2026, 1:09:57 PM [32m    LOG[39m [38;5;3m[RoutesResolver] [39m[32mSuperAdminNotificationsController {/api/v1/super-admin/notifications}:[39m[38;5;3m +0ms[39m
[32m[Nest] 25440  - [39m08/14/2026, 1:09:57 PM [32m    LOG[39m [38;5;3m[RouterExplorer] [39m[32mMapped {/api/v1/super-admin/notifications, GET} route[39m[38;5;3m +0ms[39m
[32m[Nest] 25440  - [39m08/14/2026, 1:09:57 PM [32m    LOG[39m [38;5;3m[RouterExplorer] [39m[32mMapped {/api/v1/super-admin/notifications/unread-count, GET} route[39m[38;5;3m +0ms[39m
[32m[Nest] 25440  - [39m08/14/2026, 1:09:57 PM [32m    LOG[39m [38;5;3m[RouterExplorer] [39m[32mMapped {/api/v1/super-admin/notifications/:notificationId/read, PATCH} route[39m[38;5;3m +0ms[39m
[32m[Nest] 25440  - [39m08/14/2026, 1:09:57 PM [32m    LOG[39m [38;5;3m[RouterExplorer] [39m[32mMapped {/api/v1/super-admin/notifications/read-all, PATCH} route[39m[38;5;3m +0ms[39m
[32m[Nest] 25440  - [39m08/14/2026, 1:09:57 PM [32m    LOG[39m [38;5;3m[RoutesResolver] [39m[32mSuperAdminPlatformConfigurationController {/api/v1/super-admin/platform-configuration}:[39m[38;5;3m +0ms[39m
[32m[Nest] 25440  - [39m08/14/2026, 1:09:57 PM [32m    LOG[39m [38;5;3m[RouterExplorer] [39m[32mMapped {/api/v1/super-admin/platform-configuration, GET} route[39m[38;5;3m +0ms[39m
[32m[Nest] 25440  - [39m08/14/2026, 1:09:57 PM [32m    LOG[39m [38;5;3m[RouterExplorer] [39m[32mMapped {/api/v1/super-admin/platform-configuration, PATCH} route[39m[38;5;3m +1ms[39m
[32m[Nest] 25440  - [39m08/14/2026, 1:09:57 PM [32m    LOG[39m [38;5;3m[RoutesResolver] [39m[32mClientPortalDashboardController {/api/v1/client-portal/dashboard}:[39m[38;5;3m +0ms[39m
[32m[Nest] 25440  - [39m08/14/2026, 1:09:57 PM [32m    LOG[39m [38;5;3m[RouterExplorer] [39m[32mMapped {/api/v1/client-portal/dashboard, GET} route[39m[38;5;3m +0ms[39m
[32m[Nest] 25440  - [39m08/14/2026, 1:09:57 PM [32m    LOG[39m [38;5;3m[RoutesResolver] [39m[32mClientPortalDeliverablesController {/api/v1/client-portal/deliverables}:[39m[38;5;3m +0ms[39m
[32m[Nest] 25440  - [39m08/14/2026, 1:09:57 PM [32m    LOG[39m [38;5;3m[RouterExplorer] [39m[32mMapped {/api/v1/client-portal/deliverables, GET} route[39m[38;5;3m +0ms[39m
[32m[Nest] 25440  - [39m08/14/2026, 1:09:57 PM [32m    LOG[39m [38;5;3m[RouterExplorer] [39m[32mMapped {/api/v1/client-portal/deliverables/:documentId/decision, POST} route[39m[38;5;3m +0ms[39m
[32m[Nest] 25440  - [39m08/14/2026, 1:09:57 PM [32m    LOG[39m [38;5;3m[RouterExplorer] [39m[32mMapped {/api/v1/client-portal/deliverables/:documentId/download, GET} route[39m[38;5;3m +0ms[39m
[32m[Nest] 25440  - [39m08/14/2026, 1:09:57 PM [32m    LOG[39m [38;5;3m[RoutesResolver] [39m[32mClientPortalNotificationsController {/api/v1/client-portal/notifications}:[39m[38;5;3m +1ms[39m
[32m[Nest] 25440  - [39m08/14/2026, 1:09:57 PM [32m    LOG[39m [38;5;3m[RouterExplorer] [39m[32mMapped {/api/v1/client-portal/notifications, GET} route[39m[38;5;3m +0ms[39m
[32m[Nest] 25440  - [39m08/14/2026, 1:09:57 PM [32m    LOG[39m [38;5;3m[RoutesResolver] [39m[32mClientPortalProfileController {/api/v1/client-portal/profile}:[39m[38;5;3m +0ms[39m
[32m[Nest] 25440  - [39m08/14/2026, 1:09:57 PM [32m    LOG[39m [38;5;3m[RouterExplorer] [39m[32mMapped {/api/v1/client-portal/profile, GET} route[39m[38;5;3m +0ms[39m
[32m[Nest] 25440  - [39m08/14/2026, 1:09:57 PM [32m    LOG[39m [38;5;3m[RouterExplorer] [39m[32mMapped {/api/v1/client-portal/profile, PATCH} route[39m[38;5;3m +0ms[39m
[32m[Nest] 25440  - [39m08/14/2026, 1:09:57 PM [32m    LOG[39m [38;5;3m[RoutesResolver] [39m[32mClientPortalRequestsController {/api/v1/client-portal/requests}:[39m[38;5;3m +0ms[39m
[32m[Nest] 25440  - [39m08/14/2026, 1:09:57 PM [32m    LOG[39m [38;5;3m[RouterExplorer] [39m[32mMapped {/api/v1/client-portal/requests/options, GET} route[39m[38;5;3m +0ms[39m
[32m[Nest] 25440  - [39m08/14/2026, 1:09:57 PM [32m    LOG[39m [38;5;3m[RouterExplorer] [39m[32mMapped {/api/v1/client-portal/requests, POST} route[39m[38;5;3m +1ms[39m
[32m[Nest] 25440  - [39m08/14/2026, 1:09:57 PM [32m    LOG[39m [38;5;3m[RoutesResolver] [39m[32mEmployeeDashboardController {/api/v1/employee/dashboard}:[39m[38;5;3m +0ms[39m
[32m[Nest] 25440  - [39m08/14/2026, 1:09:57 PM [32m    LOG[39m [38;5;3m[RouterExplorer] [39m[32mMapped {/api/v1/employee/dashboard, GET} route[39m[38;5;3m +0ms[39m
[32m[Nest] 25440  - [39m08/14/2026, 1:09:57 PM [32m    LOG[39m [38;5;3m[RoutesResolver] [39m[32mEmployeeDocumentsController {/api/v1/employee/documents}:[39m[38;5;3m +0ms[39m
[32m[Nest] 25440  - [39m08/14/2026, 1:09:57 PM [32m    LOG[39m [38;5;3m[RouterExplorer] [39m[32mMapped {/api/v1/employee/documents/options, GET} route[39m[38;5;3m +1ms[39m
[32m[Nest] 25440  - [39m08/14/2026, 1:09:57 PM [32m    LOG[39m [38;5;3m[RouterExplorer] [39m[32mMapped {/api/v1/employee/documents, GET} route[39m[38;5;3m +0ms[39m
[32m[Nest] 25440  - [39m08/14/2026, 1:09:57 PM [32m    LOG[39m [38;5;3m[RouterExplorer] [39m[32mMapped {/api/v1/employee/documents, POST} route[39m[38;5;3m +0ms[39m
[32m[Nest] 25440  - [39m08/14/2026, 1:09:57 PM [32m    LOG[39m [38;5;3m[RouterExplorer] [39m[32mMapped {/api/v1/employee/documents/upload-url, POST} route[39m[38;5;3m +0ms[39m
[32m[Nest] 25440  - [39m08/14/2026, 1:09:57 PM [32m    LOG[39m [38;5;3m[RouterExplorer] [39m[32mMapped {/api/v1/employee/documents/:documentId/download, GET} route[39m[38;5;3m +0ms[39m
[32m[Nest] 25440  - [39m08/14/2026, 1:09:57 PM [32m    LOG[39m [38;5;3m[RoutesResolver] [39m[32mEmployeeManagerController {/api/v1/employee/manager}:[39m[38;5;3m +1ms[39m
[32m[Nest] 25440  - [39m08/14/2026, 1:09:57 PM [32m    LOG[39m [38;5;3m[RouterExplorer] [39m[32mMapped {/api/v1/employee/manager/clients, GET} route[39m[38;5;3m +0ms[39m
[32m[Nest] 25440  - [39m08/14/2026, 1:09:57 PM [32m    LOG[39m [38;5;3m[RouterExplorer] [39m[32mMapped {/api/v1/employee/manager/task-options, GET} route[39m[38;5;3m +0ms[39m
[32m[Nest] 25440  - [39m08/14/2026, 1:09:57 PM [32m    LOG[39m [38;5;3m[RouterExplorer] [39m[32mMapped {/api/v1/employee/manager/reviews, GET} route[39m[38;5;3m +0ms[39m
[32m[Nest] 25440  - [39m08/14/2026, 1:09:57 PM [32m    LOG[39m [38;5;3m[RouterExplorer] [39m[32mMapped {/api/v1/employee/manager/tasks, POST} route[39m[38;5;3m +1ms[39m
[32m[Nest] 25440  - [39m08/14/2026, 1:09:57 PM [32m    LOG[39m [38;5;3m[RouterExplorer] [39m[32mMapped {/api/v1/employee/manager/reviews/:taskId, POST} route[39m[38;5;3m +0ms[39m
[32m[Nest] 25440  - [39m08/14/2026, 1:09:57 PM [32m    LOG[39m [38;5;3m[RoutesResolver] [39m[32mEmployeeNotificationsController {/api/v1/employee/notifications}:[39m[38;5;3m +0ms[39m
[32m[Nest] 25440  - [39m08/14/2026, 1:09:57 PM [32m    LOG[39m [38;5;3m[RouterExplorer] [39m[32mMapped {/api/v1/employee/notifications, GET} route[39m[38;5;3m +0ms[39m
[32m[Nest] 25440  - [39m08/14/2026, 1:09:57 PM [32m    LOG[39m [38;5;3m[RouterExplorer] [39m[32mMapped {/api/v1/employee/notifications/unread-count, GET} route[39m[38;5;3m +0ms[39m
[32m[Nest] 25440  - [39m08/14/2026, 1:09:57 PM [32m    LOG[39m [38;5;3m[RouterExplorer] [39m[32mMapped {/api/v1/employee/notifications/:notificationId/read, PATCH} route[39m[38;5;3m +1ms[39m
[32m[Nest] 25440  - [39m08/14/2026, 1:09:57 PM [32m    LOG[39m [38;5;3m[RouterExplorer] [39m[32mMapped {/api/v1/employee/notifications/read-all, PATCH} route[39m[38;5;3m +0ms[39m
[32m[Nest] 25440  - [39m08/14/2026, 1:09:57 PM [32m    LOG[39m [38;5;3m[RoutesResolver] [39m[32mEmployeeProfileController {/api/v1/employee/profile}:[39m[38;5;3m +0ms[39m
[32m[Nest] 25440  - [39m08/14/2026, 1:09:57 PM [32m    LOG[39m [38;5;3m[RouterExplorer] [39m[32mMapped {/api/v1/employee/profile, GET} route[39m[38;5;3m +1ms[39m
[32m[Nest] 25440  - [39m08/14/2026, 1:09:57 PM [32m    LOG[39m [38;5;3m[RoutesResolver] [39m[32mEmployeeTasksController {/api/v1/employee}:[39m[38;5;3m +1ms[39m
[32m[Nest] 25440  - [39m08/14/2026, 1:09:57 PM [32m    LOG[39m [38;5;3m[RouterExplorer] [39m[32mMapped {/api/v1/employee/tasks, GET} route[39m[38;5;3m +1ms[39m
[32m[Nest] 25440  - [39m08/14/2026, 1:09:57 PM [32m    LOG[39m [38;5;3m[RouterExplorer] [39m[32mMapped {/api/v1/employee/work-logs, GET} route[39m[38;5;3m +0ms[39m
[32m[Nest] 25440  - [39m08/14/2026, 1:09:57 PM [32m    LOG[39m [38;5;3m[RouterExplorer] [39m[32mMapped {/api/v1/employee/tasks/:taskId/start, POST} route[39m[38;5;3m +0ms[39m
[32m[Nest] 25440  - [39m08/14/2026, 1:09:57 PM [32m    LOG[39m [38;5;3m[RouterExplorer] [39m[32mMapped {/api/v1/employee/tasks/:taskId/pause, POST} route[39m[38;5;3m +1ms[39m
[32m[Nest] 25440  - [39m08/14/2026, 1:09:57 PM [32m    LOG[39m [38;5;3m[RouterExplorer] [39m[32mMapped {/api/v1/employee/tasks/:taskId/resume, POST} route[39m[38;5;3m +0ms[39m
[32m[Nest] 25440  - [39m08/14/2026, 1:09:57 PM [32m    LOG[39m [38;5;3m[RouterExplorer] [39m[32mMapped {/api/v1/employee/tasks/:taskId/submit, POST} route[39m[38;5;3m +1ms[39m
[32m[Nest] 25440  - [39m08/14/2026, 1:09:57 PM [32m    LOG[39m [38;5;3m[RoutesResolver] [39m[32mTenantAdminDashboardController {/api/v1/tenant-admin/dashboard}:[39m[38;5;3m +0ms[39m
[32m[Nest] 25440  - [39m08/14/2026, 1:09:57 PM [32m    LOG[39m [38;5;3m[RouterExplorer] [39m[32mMapped {/api/v1/tenant-admin/dashboard, GET} route[39m[38;5;3m +1ms[39m
[32m[Nest] 25440  - [39m08/14/2026, 1:09:57 PM [32m    LOG[39m [38;5;3m[RouterExplorer] [39m[32mMapped {/api/v1/tenant-admin/dashboard/profile, GET} route[39m[38;5;3m +0ms[39m
[32m[Nest] 25440  - [39m08/14/2026, 1:09:57 PM [32m    LOG[39m [38;5;3m[RouterExplorer] [39m[32mMapped {/api/v1/tenant-admin/dashboard/profile, PATCH} route[39m[38;5;3m +0ms[39m
[32m[Nest] 25440  - [39m08/14/2026, 1:09:57 PM [32m    LOG[39m [38;5;3m[RoutesResolver] [39m[32mTenantAdminClientsController {/api/v1/tenant-admin/clients}:[39m[38;5;3m +1ms[39m
[32m[Nest] 25440  - [39m08/14/2026, 1:09:57 PM [32m    LOG[39m [38;5;3m[RouterExplorer] [39m[32mMapped {/api/v1/tenant-admin/clients, GET} route[39m[38;5;3m +0ms[39m
[32m[Nest] 25440  - [39m08/14/2026, 1:09:57 PM [32m    LOG[39m [38;5;3m[RouterExplorer] [39m[32mMapped {/api/v1/tenant-admin/clients, POST} route[39m[38;5;3m +0ms[39m
[32m[Nest] 25440  - [39m08/14/2026, 1:09:57 PM [32m    LOG[39m [38;5;3m[RouterExplorer] [39m[32mMapped {/api/v1/tenant-admin/clients/:clientRef, GET} route[39m[38;5;3m +0ms[39m
[32m[Nest] 25440  - [39m08/14/2026, 1:09:57 PM [32m    LOG[39m [38;5;3m[RouterExplorer] [39m[32mMapped {/api/v1/tenant-admin/clients/:clientRef, DELETE} route[39m[38;5;3m +1ms[39m
[32m[Nest] 25440  - [39m08/14/2026, 1:09:57 PM [32m    LOG[39m [38;5;3m[RouterExplorer] [39m[32mMapped {/api/v1/tenant-admin/clients/:clientRef/contacts, POST} route[39m[38;5;3m +0ms[39m
[32m[Nest] 25440  - [39m08/14/2026, 1:09:57 PM [32m    LOG[39m [38;5;3m[RouterExplorer] [39m[32mMapped {/api/v1/tenant-admin/clients/:clientRef/contacts/:contactId, PATCH} route[39m[38;5;3m +0ms[39m
[32m[Nest] 25440  - [39m08/14/2026, 1:09:57 PM [32m    LOG[39m [38;5;3m[RoutesResolver] [39m[32mTenantAdminEmployeePerformanceController {/api/v1/tenant-admin/employee-performance}:[39m[38;5;3m +0ms[39m
[32m[Nest] 25440  - [39m08/14/2026, 1:09:57 PM [32m    LOG[39m [38;5;3m[RouterExplorer] [39m[32mMapped {/api/v1/tenant-admin/employee-performance, GET} route[39m[38;5;3m +1ms[39m
[32m[Nest] 25440  - [39m08/14/2026, 1:09:57 PM [32m    LOG[39m [38;5;3m[RouterExplorer] [39m[32mMapped {/api/v1/tenant-admin/employee-performance/:employeeId, GET} route[39m[38;5;3m +0ms[39m
[32m[Nest] 25440  - [39m08/14/2026, 1:09:57 PM [32m    LOG[39m [38;5;3m[RoutesResolver] [39m[32mTenantAdminFinanceController {/api/v1/tenant-admin/finance}:[39m[38;5;3m +0ms[39m
[32m[Nest] 25440  - [39m08/14/2026, 1:09:57 PM [32m    LOG[39m [38;5;3m[RouterExplorer] [39m[32mMapped {/api/v1/tenant-admin/finance/documents, GET} route[39m[38;5;3m +0ms[39m
[32m[Nest] 25440  - [39m08/14/2026, 1:09:57 PM [32m    LOG[39m [38;5;3m[RouterExplorer] [39m[32mMapped {/api/v1/tenant-admin/finance/documents, POST} route[39m[38;5;3m +0ms[39m
[32m[Nest] 25440  - [39m08/14/2026, 1:09:57 PM [32m    LOG[39m [38;5;3m[RouterExplorer] [39m[32mMapped {/api/v1/tenant-admin/finance/documents/upload-url, POST} route[39m[38;5;3m +1ms[39m
[32m[Nest] 25440  - [39m08/14/2026, 1:09:57 PM [32m    LOG[39m [38;5;3m[RouterExplorer] [39m[32mMapped {/api/v1/tenant-admin/finance/documents/:documentId/download, GET} route[39m[38;5;3m +0ms[39m
[32m[Nest] 25440  - [39m08/14/2026, 1:09:57 PM [32m    LOG[39m [38;5;3m[RouterExplorer] [39m[32mMapped {/api/v1/tenant-admin/finance/invoices, GET} route[39m[38;5;3m +0ms[39m
[32m[Nest] 25440  - [39m08/14/2026, 1:09:57 PM [32m    LOG[39m [38;5;3m[RouterExplorer] [39m[32mMapped {/api/v1/tenant-admin/finance/invoices, POST} route[39m[38;5;3m +0ms[39m
[32m[Nest] 25440  - [39m08/14/2026, 1:09:57 PM [32m    LOG[39m [38;5;3m[RouterExplorer] [39m[32mMapped {/api/v1/tenant-admin/finance/billable-tasks, GET} route[39m[38;5;3m +0ms[39m
[32m[Nest] 25440  - [39m08/14/2026, 1:09:57 PM [32m    LOG[39m [38;5;3m[RouterExplorer] [39m[32mMapped {/api/v1/tenant-admin/finance/invoices/from-task, POST} route[39m[38;5;3m +0ms[39m
[32m[Nest] 25440  - [39m08/14/2026, 1:09:57 PM [32m    LOG[39m [38;5;3m[RouterExplorer] [39m[32mMapped {/api/v1/tenant-admin/finance/invoices/:invoiceId/send, POST} route[39m[38;5;3m +0ms[39m
[32m[Nest] 25440  - [39m08/14/2026, 1:09:57 PM [32m    LOG[39m [38;5;3m[RoutesResolver] [39m[32mTenantAdminNotificationsController {/api/v1/tenant-admin/notifications}:[39m[38;5;3m +1ms[39m
[32m[Nest] 25440  - [39m08/14/2026, 1:09:57 PM [32m    LOG[39m [38;5;3m[RouterExplorer] [39m[32mMapped {/api/v1/tenant-admin/notifications, GET} route[39m[38;5;3m +0ms[39m
[32m[Nest] 25440  - [39m08/14/2026, 1:09:57 PM [32m    LOG[39m [38;5;3m[RouterExplorer] [39m[32mMapped {/api/v1/tenant-admin/notifications/unread-count, GET} route[39m[38;5;3m +0ms[39m
[32m[Nest] 25440  - [39m08/14/2026, 1:09:57 PM [32m    LOG[39m [38;5;3m[RouterExplorer] [39m[32mMapped {/api/v1/tenant-admin/notifications/:notificationId/read, PATCH} route[39m[38;5;3m +0ms[39m
[32m[Nest] 25440  - [39m08/14/2026, 1:09:57 PM [32m    LOG[39m [38;5;3m[RouterExplorer] [39m[32mMapped {/api/v1/tenant-admin/notifications/read-all, PATCH} route[39m[38;5;3m +0ms[39m
[32m[Nest] 25440  - [39m08/14/2026, 1:09:57 PM [32m    LOG[39m [38;5;3m[RoutesResolver] [39m[32mTenantAdminServicesController {/api/v1/tenant-admin/services}:[39m[38;5;3m +0ms[39m
[32m[Nest] 25440  - [39m08/14/2026, 1:09:57 PM [32m    LOG[39m [38;5;3m[RouterExplorer] [39m[32mMapped {/api/v1/tenant-admin/services, GET} route[39m[38;5;3m +1ms[39m
[32m[Nest] 25440  - [39m08/14/2026, 1:09:57 PM [32m    LOG[39m [38;5;3m[RouterExplorer] [39m[32mMapped {/api/v1/tenant-admin/services, POST} route[39m[38;5;3m +0ms[39m
[32m[Nest] 25440  - [39m08/14/2026, 1:09:57 PM [32m    LOG[39m [38;5;3m[RoutesResolver] [39m[32mTenantAdminTasksController {/api/v1/tenant-admin/tasks}:[39m[38;5;3m +0ms[39m
[32m[Nest] 25440  - [39m08/14/2026, 1:09:57 PM [32m    LOG[39m [38;5;3m[RouterExplorer] [39m[32mMapped {/api/v1/tenant-admin/tasks/options, GET} route[39m[38;5;3m +0ms[39m
[32m[Nest] 25440  - [39m08/14/2026, 1:09:57 PM [32m    LOG[39m [38;5;3m[RouterExplorer] [39m[32mMapped {/api/v1/tenant-admin/tasks, GET} route[39m[38;5;3m +0ms[39m
[32m[Nest] 25440  - [39m08/14/2026, 1:09:57 PM [32m    LOG[39m [38;5;3m[RouterExplorer] [39m[32mMapped {/api/v1/tenant-admin/tasks, POST} route[39m[38;5;3m +0ms[39m
[32m[Nest] 25440  - [39m08/14/2026, 1:09:57 PM [32m    LOG[39m [38;5;3m[RouterExplorer] [39m[32mMapped {/api/v1/tenant-admin/tasks/:taskId/approval, POST} route[39m[38;5;3m +1ms[39m
[32m[Nest] 25440  - [39m08/14/2026, 1:09:57 PM [32m    LOG[39m [38;5;3m[RouterExplorer] [39m[32mMapped {/api/v1/tenant-admin/tasks/employees, POST} route[39m[38;5;3m +0ms[39m
[32m[Nest] 25440  - [39m08/14/2026, 1:09:57 PM [32m    LOG[39m [38;5;3m[RouterExplorer] [39m[32mMapped {/api/v1/tenant-admin/tasks/employees/email-availability, GET} route[39m[38;5;3m +0ms[39m
[32m[Nest] 25440  - [39m08/14/2026, 1:09:57 PM [32m    LOG[39m [38;5;3m[RouterExplorer] [39m[32mMapped {/api/v1/tenant-admin/tasks/employees, GET} route[39m[38;5;3m +0ms[39m
[32m[Nest] 25440  - [39m08/14/2026, 1:09:57 PM [32m    LOG[39m [38;5;3m[RouterExplorer] [39m[32mMapped {/api/v1/tenant-admin/tasks/departments, GET} route[39m[38;5;3m +1ms[39m
[32m[Nest] 25440  - [39m08/14/2026, 1:09:57 PM [32m    LOG[39m [38;5;3m[RouterExplorer] [39m[32mMapped {/api/v1/tenant-admin/tasks/departments, POST} route[39m[38;5;3m +0ms[39m
[32m[Nest] 25440  - [39m08/14/2026, 1:09:57 PM [32m    LOG[39m [38;5;3m[RouterExplorer] [39m[32mMapped {/api/v1/tenant-admin/tasks/employees/:employeeId/assignment, PATCH} route[39m[38;5;3m +0ms[39m
[32m[Nest] 25440  - [39m08/14/2026, 1:09:57 PM [32m    LOG[39m [38;5;3m[RouterExplorer] [39m[32mMapped {/api/v1/tenant-admin/tasks/employees/:employeeId/manager, PATCH} route[39m[38;5;3m +0ms[39m
[32m[Nest] 25440  - [39m08/14/2026, 1:09:57 PM [32m    LOG[39m [38;5;3m[RouterExplorer] [39m[32mMapped {/api/v1/tenant-admin/tasks/employees/:employeeId/manager, DELETE} route[39m[38;5;3m +1ms[39m
[32m[Nest] 25440  - [39m08/14/2026, 1:09:57 PM [32m    LOG[39m [38;5;3m[RouterExplorer] [39m[32mMapped {/api/v1/tenant-admin/tasks/employees/:employeeId/capacity, PATCH} route[39m[38;5;3m +0ms[39m
[32m[Nest] 25440  - [39m08/14/2026, 1:09:57 PM [32m    LOG[39m [38;5;3m[RouterExplorer] [39m[32mMapped {/api/v1/tenant-admin/tasks/work-groups, GET} route[39m[38;5;3m +0ms[39m
[32m[Nest] 25440  - [39m08/14/2026, 1:09:57 PM [32m    LOG[39m [38;5;3m[RouterExplorer] [39m[32mMapped {/api/v1/tenant-admin/tasks/work-groups, POST} route[39m[38;5;3m +0ms[39m
[32m[Nest] 25440  - [39m08/14/2026, 1:09:57 PM [32m    LOG[39m [38;5;3m[RouterExplorer] [39m[32mMapped {/api/v1/tenant-admin/tasks/work-groups/:workGroupId, PATCH} route[39m[38;5;3m +1ms[39m
[32m[Nest] 25440  - [39m08/14/2026, 1:09:57 PM [32m    LOG[39m [38;5;3m[RoutesResolver] [39m[32mTenantAnalyticsController {/api/v1/super-admin/tenant-analytics}:[39m[38;5;3m +0ms[39m
[32m[Nest] 25440  - [39m08/14/2026, 1:09:57 PM [32m    LOG[39m [38;5;3m[RouterExplorer] [39m[32mMapped {/api/v1/super-admin/tenant-analytics, GET} route[39m[38;5;3m +0ms[39m
[32m[Nest] 25440  - [39m08/14/2026, 1:09:57 PM [32m    LOG[39m [38;5;3m[TaskNotificationOutboxWorker] [39m[32m[Notifications] Task notification worker is running. It checks committed notifications every 500ms.[39m
[32m[Nest] 25440  - [39m08/14/2026, 1:09:57 PM [32m    LOG[39m [38;5;3m[NestApplication] [39m[32mNest application successfully started[39m[38;5;3m +1ms[39m
1:10:10 PM [tsx] change in ./src\platform\client-portal-profile.repository.ts Restarting...
[32m[Nest] 452  - [39m08/14/2026, 1:10:15 PM [32m    LOG[39m [38;5;3m[NestFactory] [39m[32mStarting Nest application...[39m
[32m[Nest] 452  - [39m08/14/2026, 1:10:15 PM [32m    LOG[39m [38;5;3m[InstanceLoader] [39m[32mAppConfigModule dependencies initialized[39m[38;5;3m +1ms[39m
[32m[Nest] 452  - [39m08/14/2026, 1:10:15 PM [32m    LOG[39m [38;5;3m[InstanceLoader] [39m[32mAppConfigModule dependencies initialized[39m[38;5;3m +1ms[39m
[32m[Nest] 452  - [39m08/14/2026, 1:10:15 PM [32m    LOG[39m [38;5;3m[InstanceLoader] [39m[32mCommonModule dependencies initialized[39m[38;5;3m +0ms[39m
[32m[Nest] 452  - [39m08/14/2026, 1:10:15 PM [32m    LOG[39m [38;5;3m[InstanceLoader] [39m[32mAppModule dependencies initialized[39m[38;5;3m +1ms[39m
[32m[Nest] 452  - [39m08/14/2026, 1:10:15 PM [32m    LOG[39m [38;5;3m[InstanceLoader] [39m[32mDatabaseModule dependencies initialized[39m[38;5;3m +0ms[39m
[32m[Nest] 452  - [39m08/14/2026, 1:10:15 PM [32m    LOG[39m [38;5;3m[InstanceLoader] [39m[32mHealthModule dependencies initialized[39m[38;5;3m +0ms[39m
[32m[Nest] 452  - [39m08/14/2026, 1:10:15 PM [32m    LOG[39m [38;5;3m[InstanceLoader] [39m[32mAuthModule dependencies initialized[39m[38;5;3m +1ms[39m
[32m[Nest] 452  - [39m08/14/2026, 1:10:15 PM [32m    LOG[39m [38;5;3m[InstanceLoader] [39m[32mPlatformModule dependencies initialized[39m[38;5;3m +0ms[39m
[32m[Nest] 452  - [39m08/14/2026, 1:10:15 PM [32m    LOG[39m [38;5;3m[RoutesResolver] [39m[32mHealthController {/api/v1/health}:[39m[38;5;3m +0ms[39m
[32m[Nest] 452  - [39m08/14/2026, 1:10:15 PM [32m    LOG[39m [38;5;3m[RouterExplorer] [39m[32mMapped {/api/v1/health/live, GET} route[39m[38;5;3m +1ms[39m
[32m[Nest] 452  - [39m08/14/2026, 1:10:15 PM [32m    LOG[39m [38;5;3m[RouterExplorer] [39m[32mMapped {/api/v1/health/ready, GET} route[39m[38;5;3m +0ms[39m
[32m[Nest] 452  - [39m08/14/2026, 1:10:15 PM [32m    LOG[39m [38;5;3m[RoutesResolver] [39m[32mMeController {/api/v1/me}:[39m[38;5;3m +1ms[39m
[32m[Nest] 452  - [39m08/14/2026, 1:10:15 PM [32m    LOG[39m [38;5;3m[RouterExplorer] [39m[32mMapped {/api/v1/me, GET} route[39m[38;5;3m +0ms[39m
[32m[Nest] 452  - [39m08/14/2026, 1:10:15 PM [32m    LOG[39m [38;5;3m[RouterExplorer] [39m[32mMapped {/api/v1/me/profile, PATCH} route[39m[38;5;3m +0ms[39m
[32m[Nest] 452  - [39m08/14/2026, 1:10:15 PM [32m    LOG[39m [38;5;3m[RouterExplorer] [39m[32mMapped {/api/v1/me/preferences, PATCH} route[39m[38;5;3m +1ms[39m
[32m[Nest] 452  - [39m08/14/2026, 1:10:15 PM [32m    LOG[39m [38;5;3m[RoutesResolver] [39m[32mAccessAdminController {/api/v1}:[39m[38;5;3m +0ms[39m
[32m[Nest] 452  - [39m08/14/2026, 1:10:15 PM [32m    LOG[39m [38;5;3m[RouterExplorer] [39m[32mMapped {/api/v1/super-admin/tenant-creation-options, GET} route[39m[38;5;3m +0ms[39m
[32m[Nest] 452  - [39m08/14/2026, 1:10:15 PM [32m    LOG[39m [38;5;3m[RouterExplorer] [39m[32mMapped {/api/v1/super-admin/tenants, GET} route[39m[38;5;3m +1ms[39m
[32m[Nest] 452  - [39m08/14/2026, 1:10:15 PM [32m    LOG[39m [38;5;3m[RouterExplorer] [39m[32mMapped {/api/v1/super-admin/users/email-availability, GET} route[39m[38;5;3m +0ms[39m
[32m[Nest] 452  - [39m08/14/2026, 1:10:15 PM [32m    LOG[39m [38;5;3m[RouterExplorer] [39m[32mMapped {/api/v1/super-admin/tenant-list-filters, GET} route[39m[38;5;3m +0ms[39m
[32m[Nest] 452  - [39m08/14/2026, 1:10:15 PM [32m    LOG[39m [38;5;3m[RouterExplorer] [39m[32mMapped {/api/v1/super-admin/tenants/:tenantId, GET} route[39m[38;5;3m +0ms[39m
[32m[Nest] 452  - [39m08/14/2026, 1:10:15 PM [32m    LOG[39m [38;5;3m[RouterExplorer] [39m[32mMapped {/api/v1/super-admin/tenants/:tenantId/status, PATCH} route[39m[38;5;3m +0ms[39m
[32m[Nest] 452  - [39m08/14/2026, 1:10:15 PM [32m    LOG[39m [38;5;3m[RouterExplorer] [39m[32mMapped {/api/v1/super-admin/tenants/:tenantId/password, POST} route[39m[38;5;3m +1ms[39m
[32m[Nest] 452  - [39m08/14/2026, 1:10:15 PM [32m    LOG[39m [38;5;3m[RouterExplorer] [39m[32mMapped {/api/v1/super-admin/tenants, POST} route[39m[38;5;3m +0ms[39m
[32m[Nest] 452  - [39m08/14/2026, 1:10:15 PM [32m    LOG[39m [38;5;3m[RouterExplorer] [39m[32mMapped {/api/v1/invitations, POST} route[39m[38;5;3m +1ms[39m
[32m[Nest] 452  - [39m08/14/2026, 1:10:15 PM [32m    LOG[39m [38;5;3m[RouterExplorer] [39m[32mMapped {/api/v1/invitations/:invitationId/cancel, POST} route[39m[38;5;3m +0ms[39m
[32m[Nest] 452  - [39m08/14/2026, 1:10:15 PM [32m    LOG[39m [38;5;3m[RouterExplorer] [39m[32mMapped {/api/v1/invitations/:invitationId/revoke, POST} route[39m[38;5;3m +0ms[39m
[32m[Nest] 452  - [39m08/14/2026, 1:10:15 PM [32m    LOG[39m [38;5;3m[RouterExplorer] [39m[32mMapped {/api/v1/invitations/:invitationId/accept, POST} route[39m[38;5;3m +1ms[39m
[32m[Nest] 452  - [39m08/14/2026, 1:10:15 PM [32m    LOG[39m [38;5;3m[RouterExplorer] [39m[32mMapped {/api/v1/memberships/:membershipId/revoke, POST} route[39m[38;5;3m +0ms[39m
[32m[Nest] 452  - [39m08/14/2026, 1:10:15 PM [32m    LOG[39m [38;5;3m[RouterExplorer] [39m[32mMapped {/api/v1/memberships/:membershipId/reactivate, POST} route[39m[38;5;3m +0ms[39m
[32m[Nest] 452  - [39m08/14/2026, 1:10:15 PM [32m    LOG[39m [38;5;3m[RoutesResolver] [39m[32mPortalAuthController {/api/v1/auth}:[39m[38;5;3m +1ms[39m
[32m[Nest] 452  - [39m08/14/2026, 1:10:15 PM [32m    LOG[39m [38;5;3m[RouterExplorer] [39m[32mMapped {/api/v1/auth/super-admin/login, POST} route[39m[38;5;3m +0ms[39m
[32m[Nest] 452  - [39m08/14/2026, 1:10:15 PM [32m    LOG[39m [38;5;3m[RouterExplorer] [39m[32mMapped {/api/v1/auth/tenant/login, POST} route[39m[38;5;3m +0ms[39m
[32m[Nest] 452  - [39m08/14/2026, 1:10:15 PM [32m    LOG[39m [38;5;3m[RouterExplorer] [39m[32mMapped {/api/v1/auth/employee/login, POST} route[39m[38;5;3m +1ms[39m
[32m[Nest] 452  - [39m08/14/2026, 1:10:15 PM [32m    LOG[39m [38;5;3m[RouterExplorer] [39m[32mMapped {/api/v1/auth/client/login, POST} route[39m[38;5;3m +0ms[39m
[32m[Nest] 452  - [39m08/14/2026, 1:10:15 PM [32m    LOG[39m [38;5;3m[RouterExplorer] [39m[32mMapped {/api/v1/auth/super-admin/session, GET} route[39m[38;5;3m +0ms[39m
[32m[Nest] 452  - [39m08/14/2026, 1:10:15 PM [32m    LOG[39m [38;5;3m[RouterExplorer] [39m[32mMapped {/api/v1/auth/tenant/session, GET} route[39m[38;5;3m +1ms[39m
[32m[Nest] 452  - [39m08/14/2026, 1:10:15 PM [32m    LOG[39m [38;5;3m[RouterExplorer] [39m[32mMapped {/api/v1/auth/employee/session, GET} route[39m[38;5;3m +0ms[39m
[32m[Nest] 452  - [39m08/14/2026, 1:10:15 PM [32m    LOG[39m [38;5;3m[RouterExplorer] [39m[32mMapped {/api/v1/auth/client/session, GET} route[39m[38;5;3m +0ms[39m
[32m[Nest] 452  - [39m08/14/2026, 1:10:15 PM [32m    LOG[39m [38;5;3m[RouterExplorer] [39m[32mMapped {/api/v1/auth/super-admin/logout, POST} route[39m[38;5;3m +0ms[39m
[32m[Nest] 452  - [39m08/14/2026, 1:10:15 PM [32m    LOG[39m [38;5;3m[RouterExplorer] [39m[32mMapped {/api/v1/auth/tenant/logout, POST} route[39m[38;5;3m +1ms[39m
[32m[Nest] 452  - [39m08/14/2026, 1:10:15 PM [32m    LOG[39m [38;5;3m[RouterExplorer] [39m[32mMapped {/api/v1/auth/employee/logout, POST} route[39m[38;5;3m +0ms[39m
[32m[Nest] 452  - [39m08/14/2026, 1:10:15 PM [32m    LOG[39m [38;5;3m[RouterExplorer] [39m[32mMapped {/api/v1/auth/client/logout, POST} route[39m[38;5;3m +0ms[39m
[32m[Nest] 452  - [39m08/14/2026, 1:10:15 PM [32m    LOG[39m [38;5;3m[RoutesResolver] [39m[32mSuperAdminAuditLogController {/api/v1/super-admin/audit-log}:[39m[38;5;3m +0ms[39m
[32m[Nest] 452  - [39m08/14/2026, 1:10:15 PM [32m    LOG[39m [38;5;3m[RouterExplorer] [39m[32mMapped {/api/v1/super-admin/audit-log, GET} route[39m[38;5;3m +0ms[39m
[32m[Nest] 452  - [39m08/14/2026, 1:10:15 PM [32m    LOG[39m [38;5;3m[RoutesResolver] [39m[32mSuperAdminDashboardController {/api/v1/super-admin}:[39m[38;5;3m +1ms[39m
[32m[Nest] 452  - [39m08/14/2026, 1:10:15 PM [32m    LOG[39m [38;5;3m[RouterExplorer] [39m[32mMapped {/api/v1/super-admin/dashboard, GET} route[39m[38;5;3m +0ms[39m
[32m[Nest] 452  - [39m08/14/2026, 1:10:15 PM [32m    LOG[39m [38;5;3m[RouterExplorer] [39m[32mMapped {/api/v1/super-admin/alerts/:alertId/view, PATCH} route[39m[38;5;3m +0ms[39m
[32m[Nest] 452  - [39m08/14/2026, 1:10:15 PM [32m    LOG[39m [38;5;3m[RouterExplorer] [39m[32mMapped {/api/v1/super-admin/alerts/:alertId/reviews, POST} route[39m[38;5;3m +0ms[39m
[32m[Nest] 452  - [39m08/14/2026, 1:10:15 PM [32m    LOG[39m [38;5;3m[RouterExplorer] [39m[32mMapped {/api/v1/super-admin/tenant-reviews/:reviewId, PATCH} route[39m[38;5;3m +0ms[39m
[32m[Nest] 452  - [39m08/14/2026, 1:10:15 PM [32m    LOG[39m [38;5;3m[RoutesResolver] [39m[32mSuperAdminSearchController {/api/v1/super-admin}:[39m[38;5;3m +0ms[39m
[32m[Nest] 452  - [39m08/14/2026, 1:10:15 PM [32m    LOG[39m [38;5;3m[RouterExplorer] [39m[32mMapped {/api/v1/super-admin/search, GET} route[39m[38;5;3m +0ms[39m
[32m[Nest] 452  - [39m08/14/2026, 1:10:15 PM [32m    LOG[39m [38;5;3m[RoutesResolver] [39m[32mSuperAdminNotificationsController {/api/v1/super-admin/notifications}:[39m[38;5;3m +0ms[39m
[32m[Nest] 452  - [39m08/14/2026, 1:10:15 PM [32m    LOG[39m [38;5;3m[RouterExplorer] [39m[32mMapped {/api/v1/super-admin/notifications, GET} route[39m[38;5;3m +0ms[39m
[32m[Nest] 452  - [39m08/14/2026, 1:10:15 PM [32m    LOG[39m [38;5;3m[RouterExplorer] [39m[32mMapped {/api/v1/super-admin/notifications/unread-count, GET} route[39m[38;5;3m +0ms[39m
[32m[Nest] 452  - [39m08/14/2026, 1:10:15 PM [32m    LOG[39m [38;5;3m[RouterExplorer] [39m[32mMapped {/api/v1/super-admin/notifications/:notificationId/read, PATCH} route[39m[38;5;3m +0ms[39m
[32m[Nest] 452  - [39m08/14/2026, 1:10:15 PM [32m    LOG[39m [38;5;3m[RouterExplorer] [39m[32mMapped {/api/v1/super-admin/notifications/read-all, PATCH} route[39m[38;5;3m +1ms[39m
[32m[Nest] 452  - [39m08/14/2026, 1:10:15 PM [32m    LOG[39m [38;5;3m[RoutesResolver] [39m[32mSuperAdminPlatformConfigurationController {/api/v1/super-admin/platform-configuration}:[39m[38;5;3m +0ms[39m
[32m[Nest] 452  - [39m08/14/2026, 1:10:15 PM [32m    LOG[39m [38;5;3m[RouterExplorer] [39m[32mMapped {/api/v1/super-admin/platform-configuration, GET} route[39m[38;5;3m +0ms[39m
[32m[Nest] 452  - [39m08/14/2026, 1:10:15 PM [32m    LOG[39m [38;5;3m[RouterExplorer] [39m[32mMapped {/api/v1/super-admin/platform-configuration, PATCH} route[39m[38;5;3m +0ms[39m
[32m[Nest] 452  - [39m08/14/2026, 1:10:15 PM [32m    LOG[39m [38;5;3m[RoutesResolver] [39m[32mClientPortalDashboardController {/api/v1/client-portal/dashboard}:[39m[38;5;3m +0ms[39m
[32m[Nest] 452  - [39m08/14/2026, 1:10:15 PM [32m    LOG[39m [38;5;3m[RouterExplorer] [39m[32mMapped {/api/v1/client-portal/dashboard, GET} route[39m[38;5;3m +0ms[39m
[32m[Nest] 452  - [39m08/14/2026, 1:10:15 PM [32m    LOG[39m [38;5;3m[RoutesResolver] [39m[32mClientPortalDeliverablesController {/api/v1/client-portal/deliverables}:[39m[38;5;3m +0ms[39m
[32m[Nest] 452  - [39m08/14/2026, 1:10:15 PM [32m    LOG[39m [38;5;3m[RouterExplorer] [39m[32mMapped {/api/v1/client-portal/deliverables, GET} route[39m[38;5;3m +0ms[39m
[32m[Nest] 452  - [39m08/14/2026, 1:10:15 PM [32m    LOG[39m [38;5;3m[RouterExplorer] [39m[32mMapped {/api/v1/client-portal/deliverables/:documentId/decision, POST} route[39m[38;5;3m +0ms[39m
[32m[Nest] 452  - [39m08/14/2026, 1:10:15 PM [32m    LOG[39m [38;5;3m[RouterExplorer] [39m[32mMapped {/api/v1/client-portal/deliverables/:documentId/download, GET} route[39m[38;5;3m +0ms[39m
[32m[Nest] 452  - [39m08/14/2026, 1:10:15 PM [32m    LOG[39m [38;5;3m[RoutesResolver] [39m[32mClientPortalNotificationsController {/api/v1/client-portal/notifications}:[39m[38;5;3m +0ms[39m
[32m[Nest] 452  - [39m08/14/2026, 1:10:15 PM [32m    LOG[39m [38;5;3m[RouterExplorer] [39m[32mMapped {/api/v1/client-portal/notifications, GET} route[39m[38;5;3m +0ms[39m
[32m[Nest] 452  - [39m08/14/2026, 1:10:15 PM [32m    LOG[39m [38;5;3m[RoutesResolver] [39m[32mClientPortalProfileController {/api/v1/client-portal/profile}:[39m[38;5;3m +0ms[39m
[32m[Nest] 452  - [39m08/14/2026, 1:10:15 PM [32m    LOG[39m [38;5;3m[RouterExplorer] [39m[32mMapped {/api/v1/client-portal/profile, GET} route[39m[38;5;3m +1ms[39m
[32m[Nest] 452  - [39m08/14/2026, 1:10:15 PM [32m    LOG[39m [38;5;3m[RouterExplorer] [39m[32mMapped {/api/v1/client-portal/profile, PATCH} route[39m[38;5;3m +0ms[39m
[32m[Nest] 452  - [39m08/14/2026, 1:10:15 PM [32m    LOG[39m [38;5;3m[RoutesResolver] [39m[32mClientPortalRequestsController {/api/v1/client-portal/requests}:[39m[38;5;3m +0ms[39m
[32m[Nest] 452  - [39m08/14/2026, 1:10:15 PM [32m    LOG[39m [38;5;3m[RouterExplorer] [39m[32mMapped {/api/v1/client-portal/requests/options, GET} route[39m[38;5;3m +0ms[39m
[32m[Nest] 452  - [39m08/14/2026, 1:10:15 PM [32m    LOG[39m [38;5;3m[RouterExplorer] [39m[32mMapped {/api/v1/client-portal/requests, POST} route[39m[38;5;3m +0ms[39m
[32m[Nest] 452  - [39m08/14/2026, 1:10:15 PM [32m    LOG[39m [38;5;3m[RoutesResolver] [39m[32mEmployeeDashboardController {/api/v1/employee/dashboard}:[39m[38;5;3m +0ms[39m
[32m[Nest] 452  - [39m08/14/2026, 1:10:15 PM [32m    LOG[39m [38;5;3m[RouterExplorer] [39m[32mMapped {/api/v1/employee/dashboard, GET} route[39m[38;5;3m +0ms[39m
[32m[Nest] 452  - [39m08/14/2026, 1:10:15 PM [32m    LOG[39m [38;5;3m[RoutesResolver] [39m[32mEmployeeDocumentsController {/api/v1/employee/documents}:[39m[38;5;3m +0ms[39m
[32m[Nest] 452  - [39m08/14/2026, 1:10:15 PM [32m    LOG[39m [38;5;3m[RouterExplorer] [39m[32mMapped {/api/v1/employee/documents/options, GET} route[39m[38;5;3m +0ms[39m
[32m[Nest] 452  - [39m08/14/2026, 1:10:15 PM [32m    LOG[39m [38;5;3m[RouterExplorer] [39m[32mMapped {/api/v1/employee/documents, GET} route[39m[38;5;3m +0ms[39m
[32m[Nest] 452  - [39m08/14/2026, 1:10:15 PM [32m    LOG[39m [38;5;3m[RouterExplorer] [39m[32mMapped {/api/v1/employee/documents, POST} route[39m[38;5;3m +0ms[39m
[32m[Nest] 452  - [39m08/14/2026, 1:10:15 PM [32m    LOG[39m [38;5;3m[RouterExplorer] [39m[32mMapped {/api/v1/employee/documents/upload-url, POST} route[39m[38;5;3m +0ms[39m
[32m[Nest] 452  - [39m08/14/2026, 1:10:15 PM [32m    LOG[39m [38;5;3m[RouterExplorer] [39m[32mMapped {/api/v1/employee/documents/:documentId/download, GET} route[39m[38;5;3m +1ms[39m
[32m[Nest] 452  - [39m08/14/2026, 1:10:15 PM [32m    LOG[39m [38;5;3m[RoutesResolver] [39m[32mEmployeeManagerController {/api/v1/employee/manager}:[39m[38;5;3m +0ms[39m
[32m[Nest] 452  - [39m08/14/2026, 1:10:15 PM [32m    LOG[39m [38;5;3m[RouterExplorer] [39m[32mMapped {/api/v1/employee/manager/clients, GET} route[39m[38;5;3m +0ms[39m
[32m[Nest] 452  - [39m08/14/2026, 1:10:15 PM [32m    LOG[39m [38;5;3m[RouterExplorer] [39m[32mMapped {/api/v1/employee/manager/task-options, GET} route[39m[38;5;3m +0ms[39m
[32m[Nest] 452  - [39m08/14/2026, 1:10:15 PM [32m    LOG[39m [38;5;3m[RouterExplorer] [39m[32mMapped {/api/v1/employee/manager/reviews, GET} route[39m[38;5;3m +0ms[39m
[32m[Nest] 452  - [39m08/14/2026, 1:10:15 PM [32m    LOG[39m [38;5;3m[RouterExplorer] [39m[32mMapped {/api/v1/employee/manager/tasks, POST} route[39m[38;5;3m +0ms[39m
[32m[Nest] 452  - [39m08/14/2026, 1:10:15 PM [32m    LOG[39m [38;5;3m[RouterExplorer] [39m[32mMapped {/api/v1/employee/manager/reviews/:taskId, POST} route[39m[38;5;3m +0ms[39m
[32m[Nest] 452  - [39m08/14/2026, 1:10:15 PM [32m    LOG[39m [38;5;3m[RoutesResolver] [39m[32mEmployeeNotificationsController {/api/v1/employee/notifications}:[39m[38;5;3m +0ms[39m
[32m[Nest] 452  - [39m08/14/2026, 1:10:15 PM [32m    LOG[39m [38;5;3m[RouterExplorer] [39m[32mMapped {/api/v1/employee/notifications, GET} route[39m[38;5;3m +0ms[39m
[32m[Nest] 452  - [39m08/14/2026, 1:10:15 PM [32m    LOG[39m [38;5;3m[RouterExplorer] [39m[32mMapped {/api/v1/employee/notifications/unread-count, GET} route[39m[38;5;3m +0ms[39m
[32m[Nest] 452  - [39m08/14/2026, 1:10:15 PM [32m    LOG[39m [38;5;3m[RouterExplorer] [39m[32mMapped {/api/v1/employee/notifications/:notificationId/read, PATCH} route[39m[38;5;3m +0ms[39m
[32m[Nest] 452  - [39m08/14/2026, 1:10:15 PM [32m    LOG[39m [38;5;3m[RouterExplorer] [39m[32mMapped {/api/v1/employee/notifications/read-all, PATCH} route[39m[38;5;3m +0ms[39m
[32m[Nest] 452  - [39m08/14/2026, 1:10:15 PM [32m    LOG[39m [38;5;3m[RoutesResolver] [39m[32mEmployeeProfileController {/api/v1/employee/profile}:[39m[38;5;3m +1ms[39m
[32m[Nest] 452  - [39m08/14/2026, 1:10:15 PM [32m    LOG[39m [38;5;3m[RouterExplorer] [39m[32mMapped {/api/v1/employee/profile, GET} route[39m[38;5;3m +0ms[39m
[32m[Nest] 452  - [39m08/14/2026, 1:10:15 PM [32m    LOG[39m [38;5;3m[RoutesResolver] [39m[32mEmployeeTasksController {/api/v1/employee}:[39m[38;5;3m +0ms[39m
[32m[Nest] 452  - [39m08/14/2026, 1:10:15 PM [32m    LOG[39m [38;5;3m[RouterExplorer] [39m[32mMapped {/api/v1/employee/tasks, GET} route[39m[38;5;3m +0ms[39m
[32m[Nest] 452  - [39m08/14/2026, 1:10:15 PM [32m    LOG[39m [38;5;3m[RouterExplorer] [39m[32mMapped {/api/v1/employee/work-logs, GET} route[39m[38;5;3m +0ms[39m
[32m[Nest] 452  - [39m08/14/2026, 1:10:15 PM [32m    LOG[39m [38;5;3m[RouterExplorer] [39m[32mMapped {/api/v1/employee/tasks/:taskId/start, POST} route[39m[38;5;3m +0ms[39m
[32m[Nest] 452  - [39m08/14/2026, 1:10:15 PM [32m    LOG[39m [38;5;3m[RouterExplorer] [39m[32mMapped {/api/v1/employee/tasks/:taskId/pause, POST} route[39m[38;5;3m +0ms[39m
[32m[Nest] 452  - [39m08/14/2026, 1:10:15 PM [32m    LOG[39m [38;5;3m[RouterExplorer] [39m[32mMapped {/api/v1/employee/tasks/:taskId/resume, POST} route[39m[38;5;3m +0ms[39m
[32m[Nest] 452  - [39m08/14/2026, 1:10:15 PM [32m    LOG[39m [38;5;3m[RouterExplorer] [39m[32mMapped {/api/v1/employee/tasks/:taskId/submit, POST} route[39m[38;5;3m +0ms[39m
[32m[Nest] 452  - [39m08/14/2026, 1:10:15 PM [32m    LOG[39m [38;5;3m[RoutesResolver] [39m[32mTenantAdminDashboardController {/api/v1/tenant-admin/dashboard}:[39m[38;5;3m +1ms[39m
[32m[Nest] 452  - [39m08/14/2026, 1:10:15 PM [32m    LOG[39m [38;5;3m[RouterExplorer] [39m[32mMapped {/api/v1/tenant-admin/dashboard, GET} route[39m[38;5;3m +0ms[39m
[32m[Nest] 452  - [39m08/14/2026, 1:10:15 PM [32m    LOG[39m [38;5;3m[RouterExplorer] [39m[32mMapped {/api/v1/tenant-admin/dashboard/profile, GET} route[39m[38;5;3m +0ms[39m
[32m[Nest] 452  - [39m08/14/2026, 1:10:15 PM [32m    LOG[39m [38;5;3m[RouterExplorer] [39m[32mMapped {/api/v1/tenant-admin/dashboard/profile, PATCH} route[39m[38;5;3m +0ms[39m
[32m[Nest] 452  - [39m08/14/2026, 1:10:15 PM [32m    LOG[39m [38;5;3m[RoutesResolver] [39m[32mTenantAdminClientsController {/api/v1/tenant-admin/clients}:[39m[38;5;3m +0ms[39m
[32m[Nest] 452  - [39m08/14/2026, 1:10:15 PM [32m    LOG[39m [38;5;3m[RouterExplorer] [39m[32mMapped {/api/v1/tenant-admin/clients, GET} route[39m[38;5;3m +0ms[39m
[32m[Nest] 452  - [39m08/14/2026, 1:10:15 PM [32m    LOG[39m [38;5;3m[RouterExplorer] [39m[32mMapped {/api/v1/tenant-admin/clients, POST} route[39m[38;5;3m +0ms[39m
[32m[Nest] 452  - [39m08/14/2026, 1:10:15 PM [32m    LOG[39m [38;5;3m[RouterExplorer] [39m[32mMapped {/api/v1/tenant-admin/clients/:clientRef, GET} route[39m[38;5;3m +0ms[39m
[32m[Nest] 452  - [39m08/14/2026, 1:10:15 PM [32m    LOG[39m [38;5;3m[RouterExplorer] [39m[32mMapped {/api/v1/tenant-admin/clients/:clientRef, DELETE} route[39m[38;5;3m +1ms[39m
[32m[Nest] 452  - [39m08/14/2026, 1:10:15 PM [32m    LOG[39m [38;5;3m[RouterExplorer] [39m[32mMapped {/api/v1/tenant-admin/clients/:clientRef/contacts, POST} route[39m[38;5;3m +0ms[39m
[32m[Nest] 452  - [39m08/14/2026, 1:10:15 PM [32m    LOG[39m [38;5;3m[RouterExplorer] [39m[32mMapped {/api/v1/tenant-admin/clients/:clientRef/contacts/:contactId, PATCH} route[39m[38;5;3m +0ms[39m
[32m[Nest] 452  - [39m08/14/2026, 1:10:15 PM [32m    LOG[39m [38;5;3m[RoutesResolver] [39m[32mTenantAdminEmployeePerformanceController {/api/v1/tenant-admin/employee-performance}:[39m[38;5;3m +0ms[39m
[32m[Nest] 452  - [39m08/14/2026, 1:10:15 PM [32m    LOG[39m [38;5;3m[RouterExplorer] [39m[32mMapped {/api/v1/tenant-admin/employee-performance, GET} route[39m[38;5;3m +0ms[39m
[32m[Nest] 452  - [39m08/14/2026, 1:10:15 PM [32m    LOG[39m [38;5;3m[RouterExplorer] [39m[32mMapped {/api/v1/tenant-admin/employee-performance/:employeeId, GET} route[39m[38;5;3m +0ms[39m
[32m[Nest] 452  - [39m08/14/2026, 1:10:15 PM [32m    LOG[39m [38;5;3m[RoutesResolver] [39m[32mTenantAdminFinanceController {/api/v1/tenant-admin/finance}:[39m[38;5;3m +0ms[39m
[32m[Nest] 452  - [39m08/14/2026, 1:10:15 PM [32m    LOG[39m [38;5;3m[RouterExplorer] [39m[32mMapped {/api/v1/tenant-admin/finance/documents, GET} route[39m[38;5;3m +0ms[39m
[32m[Nest] 452  - [39m08/14/2026, 1:10:15 PM [32m    LOG[39m [38;5;3m[RouterExplorer] [39m[32mMapped {/api/v1/tenant-admin/finance/documents, POST} route[39m[38;5;3m +0ms[39m
[32m[Nest] 452  - [39m08/14/2026, 1:10:15 PM [32m    LOG[39m [38;5;3m[RouterExplorer] [39m[32mMapped {/api/v1/tenant-admin/finance/documents/upload-url, POST} route[39m[38;5;3m +0ms[39m
[32m[Nest] 452  - [39m08/14/2026, 1:10:15 PM [32m    LOG[39m [38;5;3m[RouterExplorer] [39m[32mMapped {/api/v1/tenant-admin/finance/documents/:documentId/download, GET} route[39m[38;5;3m +0ms[39m
[32m[Nest] 452  - [39m08/14/2026, 1:10:15 PM [32m    LOG[39m [38;5;3m[RouterExplorer] [39m[32mMapped {/api/v1/tenant-admin/finance/invoices, GET} route[39m[38;5;3m +0ms[39m
[32m[Nest] 452  - [39m08/14/2026, 1:10:15 PM [32m    LOG[39m [38;5;3m[RouterExplorer] [39m[32mMapped {/api/v1/tenant-admin/finance/invoices, POST} route[39m[38;5;3m +0ms[39m
[32m[Nest] 452  - [39m08/14/2026, 1:10:15 PM [32m    LOG[39m [38;5;3m[RouterExplorer] [39m[32mMapped {/api/v1/tenant-admin/finance/billable-tasks, GET} route[39m[38;5;3m +0ms[39m
[32m[Nest] 452  - [39m08/14/2026, 1:10:15 PM [32m    LOG[39m [38;5;3m[RouterExplorer] [39m[32mMapped {/api/v1/tenant-admin/finance/invoices/from-task, POST} route[39m[38;5;3m +0ms[39m
[32m[Nest] 452  - [39m08/14/2026, 1:10:15 PM [32m    LOG[39m [38;5;3m[RouterExplorer] [39m[32mMapped {/api/v1/tenant-admin/finance/invoices/:invoiceId/send, POST} route[39m[38;5;3m +0ms[39m
[32m[Nest] 452  - [39m08/14/2026, 1:10:15 PM [32m    LOG[39m [38;5;3m[RoutesResolver] [39m[32mTenantAdminNotificationsController {/api/v1/tenant-admin/notifications}:[39m[38;5;3m +0ms[39m
[32m[Nest] 452  - [39m08/14/2026, 1:10:15 PM [32m    LOG[39m [38;5;3m[RouterExplorer] [39m[32mMapped {/api/v1/tenant-admin/notifications, GET} route[39m[38;5;3m +0ms[39m
[32m[Nest] 452  - [39m08/14/2026, 1:10:15 PM [32m    LOG[39m [38;5;3m[RouterExplorer] [39m[32mMapped {/api/v1/tenant-admin/notifications/unread-count, GET} route[39m[38;5;3m +1ms[39m
[32m[Nest] 452  - [39m08/14/2026, 1:10:15 PM [32m    LOG[39m [38;5;3m[RouterExplorer] [39m[32mMapped {/api/v1/tenant-admin/notifications/:notificationId/read, PATCH} route[39m[38;5;3m +0ms[39m
[32m[Nest] 452  - [39m08/14/2026, 1:10:15 PM [32m    LOG[39m [38;5;3m[RouterExplorer] [39m[32mMapped {/api/v1/tenant-admin/notifications/read-all, PATCH} route[39m[38;5;3m +0ms[39m
[32m[Nest] 452  - [39m08/14/2026, 1:10:15 PM [32m    LOG[39m [38;5;3m[RoutesResolver] [39m[32mTenantAdminServicesController {/api/v1/tenant-admin/services}:[39m[38;5;3m +0ms[39m
[32m[Nest] 452  - [39m08/14/2026, 1:10:15 PM [32m    LOG[39m [38;5;3m[RouterExplorer] [39m[32mMapped {/api/v1/tenant-admin/services, GET} route[39m[38;5;3m +0ms[39m
[32m[Nest] 452  - [39m08/14/2026, 1:10:15 PM [32m    LOG[39m [38;5;3m[RouterExplorer] [39m[32mMapped {/api/v1/tenant-admin/services, POST} route[39m[38;5;3m +0ms[39m
[32m[Nest] 452  - [39m08/14/2026, 1:10:15 PM [32m    LOG[39m [38;5;3m[RoutesResolver] [39m[32mTenantAdminTasksController {/api/v1/tenant-admin/tasks}:[39m[38;5;3m +0ms[39m
[32m[Nest] 452  - [39m08/14/2026, 1:10:15 PM [32m    LOG[39m [38;5;3m[RouterExplorer] [39m[32mMapped {/api/v1/tenant-admin/tasks/options, GET} route[39m[38;5;3m +0ms[39m
[32m[Nest] 452  - [39m08/14/2026, 1:10:15 PM [32m    LOG[39m [38;5;3m[RouterExplorer] [39m[32mMapped {/api/v1/tenant-admin/tasks, GET} route[39m[38;5;3m +0ms[39m
[32m[Nest] 452  - [39m08/14/2026, 1:10:15 PM [32m    LOG[39m [38;5;3m[RouterExplorer] [39m[32mMapped {/api/v1/tenant-admin/tasks, POST} route[39m[38;5;3m +0ms[39m
[32m[Nest] 452  - [39m08/14/2026, 1:10:15 PM [32m    LOG[39m [38;5;3m[RouterExplorer] [39m[32mMapped {/api/v1/tenant-admin/tasks/:taskId/approval, POST} route[39m[38;5;3m +1ms[39m
[32m[Nest] 452  - [39m08/14/2026, 1:10:15 PM [32m    LOG[39m [38;5;3m[RouterExplorer] [39m[32mMapped {/api/v1/tenant-admin/tasks/employees, POST} route[39m[38;5;3m +0ms[39m
[32m[Nest] 452  - [39m08/14/2026, 1:10:15 PM [32m    LOG[39m [38;5;3m[RouterExplorer] [39m[32mMapped {/api/v1/tenant-admin/tasks/employees/email-availability, GET} route[39m[38;5;3m +0ms[39m
[32m[Nest] 452  - [39m08/14/2026, 1:10:15 PM [32m    LOG[39m [38;5;3m[RouterExplorer] [39m[32mMapped {/api/v1/tenant-admin/tasks/employees, GET} route[39m[38;5;3m +0ms[39m
[32m[Nest] 452  - [39m08/14/2026, 1:10:15 PM [32m    LOG[39m [38;5;3m[RouterExplorer] [39m[32mMapped {/api/v1/tenant-admin/tasks/departments, GET} route[39m[38;5;3m +0ms[39m
[32m[Nest] 452  - [39m08/14/2026, 1:10:15 PM [32m    LOG[39m [38;5;3m[RouterExplorer] [39m[32mMapped {/api/v1/tenant-admin/tasks/departments, POST} route[39m[38;5;3m +0ms[39m
[32m[Nest] 452  - [39m08/14/2026, 1:10:15 PM [32m    LOG[39m [38;5;3m[RouterExplorer] [39m[32mMapped {/api/v1/tenant-admin/tasks/employees/:employeeId/assignment, PATCH} route[39m[38;5;3m +0ms[39m
[32m[Nest] 452  - [39m08/14/2026, 1:10:15 PM [32m    LOG[39m [38;5;3m[RouterExplorer] [39m[32mMapped {/api/v1/tenant-admin/tasks/employees/:employeeId/manager, PATCH} route[39m[38;5;3m +1ms[39m
[32m[Nest] 452  - [39m08/14/2026, 1:10:15 PM [32m    LOG[39m [38;5;3m[RouterExplorer] [39m[32mMapped {/api/v1/tenant-admin/tasks/employees/:employeeId/manager, DELETE} route[39m[38;5;3m +0ms[39m
[32m[Nest] 452  - [39m08/14/2026, 1:10:15 PM [32m    LOG[39m [38;5;3m[RouterExplorer] [39m[32mMapped {/api/v1/tenant-admin/tasks/employees/:employeeId/capacity, PATCH} route[39m[38;5;3m +0ms[39m
[32m[Nest] 452  - [39m08/14/2026, 1:10:15 PM [32m    LOG[39m [38;5;3m[RouterExplorer] [39m[32mMapped {/api/v1/tenant-admin/tasks/work-groups, GET} route[39m[38;5;3m +0ms[39m
[32m[Nest] 452  - [39m08/14/2026, 1:10:15 PM [32m    LOG[39m [38;5;3m[RouterExplorer] [39m[32mMapped {/api/v1/tenant-admin/tasks/work-groups, POST} route[39m[38;5;3m +1ms[39m
[32m[Nest] 452  - [39m08/14/2026, 1:10:15 PM [32m    LOG[39m [38;5;3m[RouterExplorer] [39m[32mMapped {/api/v1/tenant-admin/tasks/work-groups/:workGroupId, PATCH} route[39m[38;5;3m +0ms[39m
[32m[Nest] 452  - [39m08/14/2026, 1:10:15 PM [32m    LOG[39m [38;5;3m[RoutesResolver] [39m[32mTenantAnalyticsController {/api/v1/super-admin/tenant-analytics}:[39m[38;5;3m +0ms[39m
[32m[Nest] 452  - [39m08/14/2026, 1:10:15 PM [32m    LOG[39m [38;5;3m[RouterExplorer] [39m[32mMapped {/api/v1/super-admin/tenant-analytics, GET} route[39m[38;5;3m +1ms[39m
[32m[Nest] 452  - [39m08/14/2026, 1:10:15 PM [32m    LOG[39m [38;5;3m[TaskNotificationOutboxWorker] [39m[32m[Notifications] Task notification worker is running. It checks committed notifications every 500ms.[39m
[32m[Nest] 452  - [39m08/14/2026, 1:10:15 PM [32m    LOG[39m [38;5;3m[NestApplication] [39m[32mNest application successfully started[39m[38;5;3m +0ms[39m
1:10:22 PM [tsx] change in ./src\platform\client-portal-profile.repository.ts Restarting...
[32m[Nest] 31376  - [39m08/14/2026, 1:10:29 PM [32m    LOG[39m [38;5;3m[NestFactory] [39m[32mStarting Nest application...[39m
[32m[Nest] 31376  - [39m08/14/2026, 1:10:29 PM [32m    LOG[39m [38;5;3m[InstanceLoader] [39m[32mAppConfigModule dependencies initialized[39m[38;5;3m +1ms[39m
[32m[Nest] 31376  - [39m08/14/2026, 1:10:29 PM [32m    LOG[39m [38;5;3m[InstanceLoader] [39m[32mAppConfigModule dependencies initialized[39m[38;5;3m +0ms[39m
[32m[Nest] 31376  - [39m08/14/2026, 1:10:29 PM [32m    LOG[39m [38;5;3m[InstanceLoader] [39m[32mCommonModule dependencies initialized[39m[38;5;3m +0ms[39m
[32m[Nest] 31376  - [39m08/14/2026, 1:10:29 PM [32m    LOG[39m [38;5;3m[InstanceLoader] [39m[32mAppModule dependencies initialized[39m[38;5;3m +0ms[39m
[32m[Nest] 31376  - [39m08/14/2026, 1:10:29 PM [32m    LOG[39m [38;5;3m[InstanceLoader] [39m[32mDatabaseModule dependencies initialized[39m[38;5;3m +1ms[39m
[32m[Nest] 31376  - [39m08/14/2026, 1:10:29 PM [32m    LOG[39m [38;5;3m[InstanceLoader] [39m[32mHealthModule dependencies initialized[39m[38;5;3m +0ms[39m
[32m[Nest] 31376  - [39m08/14/2026, 1:10:29 PM [32m    LOG[39m [38;5;3m[InstanceLoader] [39m[32mAuthModule dependencies initialized[39m[38;5;3m +0ms[39m
[32m[Nest] 31376  - [39m08/14/2026, 1:10:29 PM [32m    LOG[39m [38;5;3m[InstanceLoader] [39m[32mPlatformModule dependencies initialized[39m[38;5;3m +0ms[39m
[32m[Nest] 31376  - [39m08/14/2026, 1:10:29 PM [32m    LOG[39m [38;5;3m[RoutesResolver] [39m[32mHealthController {/api/v1/health}:[39m[38;5;3m +0ms[39m
[32m[Nest] 31376  - [39m08/14/2026, 1:10:29 PM [32m    LOG[39m [38;5;3m[RouterExplorer] [39m[32mMapped {/api/v1/health/live, GET} route[39m[38;5;3m +0ms[39m
[32m[Nest] 31376  - [39m08/14/2026, 1:10:29 PM [32m    LOG[39m [38;5;3m[RouterExplorer] [39m[32mMapped {/api/v1/health/ready, GET} route[39m[38;5;3m +1ms[39m
[32m[Nest] 31376  - [39m08/14/2026, 1:10:29 PM [32m    LOG[39m [38;5;3m[RoutesResolver] [39m[32mMeController {/api/v1/me}:[39m[38;5;3m +0ms[39m
[32m[Nest] 31376  - [39m08/14/2026, 1:10:29 PM [32m    LOG[39m [38;5;3m[RouterExplorer] [39m[32mMapped {/api/v1/me, GET} route[39m[38;5;3m +0ms[39m
[32m[Nest] 31376  - [39m08/14/2026, 1:10:29 PM [32m    LOG[39m [38;5;3m[RouterExplorer] [39m[32mMapped {/api/v1/me/profile, PATCH} route[39m[38;5;3m +0ms[39m
[32m[Nest] 31376  - [39m08/14/2026, 1:10:29 PM [32m    LOG[39m [38;5;3m[RouterExplorer] [39m[32mMapped {/api/v1/me/preferences, PATCH} route[39m[38;5;3m +0ms[39m
[32m[Nest] 31376  - [39m08/14/2026, 1:10:29 PM [32m    LOG[39m [38;5;3m[RoutesResolver] [39m[32mAccessAdminController {/api/v1}:[39m[38;5;3m +0ms[39m
[32m[Nest] 31376  - [39m08/14/2026, 1:10:29 PM [32m    LOG[39m [38;5;3m[RouterExplorer] [39m[32mMapped {/api/v1/super-admin/tenant-creation-options, GET} route[39m[38;5;3m +0ms[39m
[32m[Nest] 31376  - [39m08/14/2026, 1:10:29 PM [32m    LOG[39m [38;5;3m[RouterExplorer] [39m[32mMapped {/api/v1/super-admin/tenants, GET} route[39m[38;5;3m +0ms[39m
[32m[Nest] 31376  - [39m08/14/2026, 1:10:29 PM [32m    LOG[39m [38;5;3m[RouterExplorer] [39m[32mMapped {/api/v1/super-admin/users/email-availability, GET} route[39m[38;5;3m +0ms[39m
[32m[Nest] 31376  - [39m08/14/2026, 1:10:29 PM [32m    LOG[39m [38;5;3m[RouterExplorer] [39m[32mMapped {/api/v1/super-admin/tenant-list-filters, GET} route[39m[38;5;3m +0ms[39m
[32m[Nest] 31376  - [39m08/14/2026, 1:10:29 PM [32m    LOG[39m [38;5;3m[RouterExplorer] [39m[32mMapped {/api/v1/super-admin/tenants/:tenantId, GET} route[39m[38;5;3m +0ms[39m
[32m[Nest] 31376  - [39m08/14/2026, 1:10:29 PM [32m    LOG[39m [38;5;3m[RouterExplorer] [39m[32mMapped {/api/v1/super-admin/tenants/:tenantId/status, PATCH} route[39m[38;5;3m +0ms[39m
[32m[Nest] 31376  - [39m08/14/2026, 1:10:29 PM [32m    LOG[39m [38;5;3m[RouterExplorer] [39m[32mMapped {/api/v1/super-admin/tenants/:tenantId/password, POST} route[39m[38;5;3m +0ms[39m
[32m[Nest] 31376  - [39m08/14/2026, 1:10:29 PM [32m    LOG[39m [38;5;3m[RouterExplorer] [39m[32mMapped {/api/v1/super-admin/tenants, POST} route[39m[38;5;3m +1ms[39m
[32m[Nest] 31376  - [39m08/14/2026, 1:10:29 PM [32m    LOG[39m [38;5;3m[RouterExplorer] [39m[32mMapped {/api/v1/invitations, POST} route[39m[38;5;3m +0ms[39m
[32m[Nest] 31376  - [39m08/14/2026, 1:10:29 PM [32m    LOG[39m [38;5;3m[RouterExplorer] [39m[32mMapped {/api/v1/invitations/:invitationId/cancel, POST} route[39m[38;5;3m +0ms[39m
[32m[Nest] 31376  - [39m08/14/2026, 1:10:29 PM [32m    LOG[39m [38;5;3m[RouterExplorer] [39m[32mMapped {/api/v1/invitations/:invitationId/revoke, POST} route[39m[38;5;3m +0ms[39m
[32m[Nest] 31376  - [39m08/14/2026, 1:10:29 PM [32m    LOG[39m [38;5;3m[RouterExplorer] [39m[32mMapped {/api/v1/invitations/:invitationId/accept, POST} route[39m[38;5;3m +0ms[39m
[32m[Nest] 31376  - [39m08/14/2026, 1:10:29 PM [32m    LOG[39m [38;5;3m[RouterExplorer] [39m[32mMapped {/api/v1/memberships/:membershipId/revoke, POST} route[39m[38;5;3m +0ms[39m
[32m[Nest] 31376  - [39m08/14/2026, 1:10:29 PM [32m    LOG[39m [38;5;3m[RouterExplorer] [39m[32mMapped {/api/v1/memberships/:membershipId/reactivate, POST} route[39m[38;5;3m +0ms[39m
[32m[Nest] 31376  - [39m08/14/2026, 1:10:29 PM [32m    LOG[39m [38;5;3m[RoutesResolver] [39m[32mPortalAuthController {/api/v1/auth}:[39m[38;5;3m +0ms[39m
[32m[Nest] 31376  - [39m08/14/2026, 1:10:29 PM [32m    LOG[39m [38;5;3m[RouterExplorer] [39m[32mMapped {/api/v1/auth/super-admin/login, POST} route[39m[38;5;3m +0ms[39m
[32m[Nest] 31376  - [39m08/14/2026, 1:10:29 PM [32m    LOG[39m [38;5;3m[RouterExplorer] [39m[32mMapped {/api/v1/auth/tenant/login, POST} route[39m[38;5;3m +0ms[39m
[32m[Nest] 31376  - [39m08/14/2026, 1:10:29 PM [32m    LOG[39m [38;5;3m[RouterExplorer] [39m[32mMapped {/api/v1/auth/employee/login, POST} route[39m[38;5;3m +0ms[39m
[32m[Nest] 31376  - [39m08/14/2026, 1:10:29 PM [32m    LOG[39m [38;5;3m[RouterExplorer] [39m[32mMapped {/api/v1/auth/client/login, POST} route[39m[38;5;3m +0ms[39m
[32m[Nest] 31376  - [39m08/14/2026, 1:10:29 PM [32m    LOG[39m [38;5;3m[RouterExplorer] [39m[32mMapped {/api/v1/auth/super-admin/session, GET} route[39m[38;5;3m +1ms[39m
[32m[Nest] 31376  - [39m08/14/2026, 1:10:29 PM [32m    LOG[39m [38;5;3m[RouterExplorer] [39m[32mMapped {/api/v1/auth/tenant/session, GET} route[39m[38;5;3m +0ms[39m
[32m[Nest] 31376  - [39m08/14/2026, 1:10:29 PM [32m    LOG[39m [38;5;3m[RouterExplorer] [39m[32mMapped {/api/v1/auth/employee/session, GET} route[39m[38;5;3m +0ms[39m
[32m[Nest] 31376  - [39m08/14/2026, 1:10:29 PM [32m    LOG[39m [38;5;3m[RouterExplorer] [39m[32mMapped {/api/v1/auth/client/session, GET} route[39m[38;5;3m +0ms[39m
[32m[Nest] 31376  - [39m08/14/2026, 1:10:29 PM [32m    LOG[39m [38;5;3m[RouterExplorer] [39m[32mMapped {/api/v1/auth/super-admin/logout, POST} route[39m[38;5;3m +0ms[39m
[32m[Nest] 31376  - [39m08/14/2026, 1:10:29 PM [32m    LOG[39m [38;5;3m[RouterExplorer] [39m[32mMapped {/api/v1/auth/tenant/logout, POST} route[39m[38;5;3m +0ms[39m
[32m[Nest] 31376  - [39m08/14/2026, 1:10:29 PM [32m    LOG[39m [38;5;3m[RouterExplorer] [39m[32mMapped {/api/v1/auth/employee/logout, POST} route[39m[38;5;3m +0ms[39m
[32m[Nest] 31376  - [39m08/14/2026, 1:10:29 PM [32m    LOG[39m [38;5;3m[RouterExplorer] [39m[32mMapped {/api/v1/auth/client/logout, POST} route[39m[38;5;3m +0ms[39m
[32m[Nest] 31376  - [39m08/14/2026, 1:10:29 PM [32m    LOG[39m [38;5;3m[RoutesResolver] [39m[32mSuperAdminAuditLogController {/api/v1/super-admin/audit-log}:[39m[38;5;3m +0ms[39m
[32m[Nest] 31376  - [39m08/14/2026, 1:10:29 PM [32m    LOG[39m [38;5;3m[RouterExplorer] [39m[32mMapped {/api/v1/super-admin/audit-log, GET} route[39m[38;5;3m +0ms[39m
[32m[Nest] 31376  - [39m08/14/2026, 1:10:29 PM [32m    LOG[39m [38;5;3m[RoutesResolver] [39m[32mSuperAdminDashboardController {/api/v1/super-admin}:[39m[38;5;3m +0ms[39m
[32m[Nest] 31376  - [39m08/14/2026, 1:10:29 PM [32m    LOG[39m [38;5;3m[RouterExplorer] [39m[32mMapped {/api/v1/super-admin/dashboard, GET} route[39m[38;5;3m +0ms[39m
[32m[Nest] 31376  - [39m08/14/2026, 1:10:29 PM [32m    LOG[39m [38;5;3m[RouterExplorer] [39m[32mMapped {/api/v1/super-admin/alerts/:alertId/view, PATCH} route[39m[38;5;3m +0ms[39m
[32m[Nest] 31376  - [39m08/14/2026, 1:10:29 PM [32m    LOG[39m [38;5;3m[RouterExplorer] [39m[32mMapped {/api/v1/super-admin/alerts/:alertId/reviews, POST} route[39m[38;5;3m +0ms[39m
[32m[Nest] 31376  - [39m08/14/2026, 1:10:29 PM [32m    LOG[39m [38;5;3m[RouterExplorer] [39m[32mMapped {/api/v1/super-admin/tenant-reviews/:reviewId, PATCH} route[39m[38;5;3m +1ms[39m
[32m[Nest] 31376  - [39m08/14/2026, 1:10:29 PM [32m    LOG[39m [38;5;3m[RoutesResolver] [39m[32mSuperAdminSearchController {/api/v1/super-admin}:[39m[38;5;3m +0ms[39m
[32m[Nest] 31376  - [39m08/14/2026, 1:10:29 PM [32m    LOG[39m [38;5;3m[RouterExplorer] [39m[32mMapped {/api/v1/super-admin/search, GET} route[39m[38;5;3m +0ms[39m
[32m[Nest] 31376  - [39m08/14/2026, 1:10:29 PM [32m    LOG[39m [38;5;3m[RoutesResolver] [39m[32mSuperAdminNotificationsController {/api/v1/super-admin/notifications}:[39m[38;5;3m +0ms[39m
[32m[Nest] 31376  - [39m08/14/2026, 1:10:29 PM [32m    LOG[39m [38;5;3m[RouterExplorer] [39m[32mMapped {/api/v1/super-admin/notifications, GET} route[39m[38;5;3m +0ms[39m
[32m[Nest] 31376  - [39m08/14/2026, 1:10:29 PM [32m    LOG[39m [38;5;3m[RouterExplorer] [39m[32mMapped {/api/v1/super-admin/notifications/unread-count, GET} route[39m[38;5;3m +0ms[39m
[32m[Nest] 31376  - [39m08/14/2026, 1:10:29 PM [32m    LOG[39m [38;5;3m[RouterExplorer] [39m[32mMapped {/api/v1/super-admin/notifications/:notificationId/read, PATCH} route[39m[38;5;3m +0ms[39m
[32m[Nest] 31376  - [39m08/14/2026, 1:10:29 PM [32m    LOG[39m [38;5;3m[RouterExplorer] [39m[32mMapped {/api/v1/super-admin/notifications/read-all, PATCH} route[39m[38;5;3m +0ms[39m
[32m[Nest] 31376  - [39m08/14/2026, 1:10:29 PM [32m    LOG[39m [38;5;3m[RoutesResolver] [39m[32mSuperAdminPlatformConfigurationController {/api/v1/super-admin/platform-configuration}:[39m[38;5;3m +0ms[39m
[32m[Nest] 31376  - [39m08/14/2026, 1:10:29 PM [32m    LOG[39m [38;5;3m[RouterExplorer] [39m[32mMapped {/api/v1/super-admin/platform-configuration, GET} route[39m[38;5;3m +0ms[39m
[32m[Nest] 31376  - [39m08/14/2026, 1:10:29 PM [32m    LOG[39m [38;5;3m[RouterExplorer] [39m[32mMapped {/api/v1/super-admin/platform-configuration, PATCH} route[39m[38;5;3m +0ms[39m
[32m[Nest] 31376  - [39m08/14/2026, 1:10:29 PM [32m    LOG[39m [38;5;3m[RoutesResolver] [39m[32mClientPortalDashboardController {/api/v1/client-portal/dashboard}:[39m[38;5;3m +0ms[39m
[32m[Nest] 31376  - [39m08/14/2026, 1:10:29 PM [32m    LOG[39m [38;5;3m[RouterExplorer] [39m[32mMapped {/api/v1/client-portal/dashboard, GET} route[39m[38;5;3m +1ms[39m
[32m[Nest] 31376  - [39m08/14/2026, 1:10:29 PM [32m    LOG[39m [38;5;3m[RoutesResolver] [39m[32mClientPortalDeliverablesController {/api/v1/client-portal/deliverables}:[39m[38;5;3m +0ms[39m
[32m[Nest] 31376  - [39m08/14/2026, 1:10:29 PM [32m    LOG[39m [38;5;3m[RouterExplorer] [39m[32mMapped {/api/v1/client-portal/deliverables, GET} route[39m[38;5;3m +0ms[39m
[32m[Nest] 31376  - [39m08/14/2026, 1:10:29 PM [32m    LOG[39m [38;5;3m[RouterExplorer] [39m[32mMapped {/api/v1/client-portal/deliverables/:documentId/decision, POST} route[39m[38;5;3m +0ms[39m
[32m[Nest] 31376  - [39m08/14/2026, 1:10:29 PM [32m    LOG[39m [38;5;3m[RouterExplorer] [39m[32mMapped {/api/v1/client-portal/deliverables/:documentId/download, GET} route[39m[38;5;3m +0ms[39m
[32m[Nest] 31376  - [39m08/14/2026, 1:10:29 PM [32m    LOG[39m [38;5;3m[RoutesResolver] [39m[32mClientPortalNotificationsController {/api/v1/client-portal/notifications}:[39m[38;5;3m +0ms[39m
[32m[Nest] 31376  - [39m08/14/2026, 1:10:29 PM [32m    LOG[39m [38;5;3m[RouterExplorer] [39m[32mMapped {/api/v1/client-portal/notifications, GET} route[39m[38;5;3m +0ms[39m
[32m[Nest] 31376  - [39m08/14/2026, 1:10:29 PM [32m    LOG[39m [38;5;3m[RoutesResolver] [39m[32mClientPortalProfileController {/api/v1/client-portal/profile}:[39m[38;5;3m +0ms[39m
[32m[Nest] 31376  - [39m08/14/2026, 1:10:29 PM [32m    LOG[39m [38;5;3m[RouterExplorer] [39m[32mMapped {/api/v1/client-portal/profile, GET} route[39m[38;5;3m +0ms[39m
[32m[Nest] 31376  - [39m08/14/2026, 1:10:29 PM [32m    LOG[39m [38;5;3m[RouterExplorer] [39m[32mMapped {/api/v1/client-portal/profile, PATCH} route[39m[38;5;3m +0ms[39m
[32m[Nest] 31376  - [39m08/14/2026, 1:10:29 PM [32m    LOG[39m [38;5;3m[RoutesResolver] [39m[32mClientPortalRequestsController {/api/v1/client-portal/requests}:[39m[38;5;3m +0ms[39m
[32m[Nest] 31376  - [39m08/14/2026, 1:10:29 PM [32m    LOG[39m [38;5;3m[RouterExplorer] [39m[32mMapped {/api/v1/client-portal/requests/options, GET} route[39m[38;5;3m +1ms[39m
[32m[Nest] 31376  - [39m08/14/2026, 1:10:29 PM [32m    LOG[39m [38;5;3m[RouterExplorer] [39m[32mMapped {/api/v1/client-portal/requests, POST} route[39m[38;5;3m +0ms[39m
[32m[Nest] 31376  - [39m08/14/2026, 1:10:29 PM [32m    LOG[39m [38;5;3m[RoutesResolver] [39m[32mEmployeeDashboardController {/api/v1/employee/dashboard}:[39m[38;5;3m +0ms[39m
[32m[Nest] 31376  - [39m08/14/2026, 1:10:29 PM [32m    LOG[39m [38;5;3m[RouterExplorer] [39m[32mMapped {/api/v1/employee/dashboard, GET} route[39m[38;5;3m +0ms[39m
[32m[Nest] 31376  - [39m08/14/2026, 1:10:29 PM [32m    LOG[39m [38;5;3m[RoutesResolver] [39m[32mEmployeeDocumentsController {/api/v1/employee/documents}:[39m[38;5;3m +0ms[39m
[32m[Nest] 31376  - [39m08/14/2026, 1:10:29 PM [32m    LOG[39m [38;5;3m[RouterExplorer] [39m[32mMapped {/api/v1/employee/documents/options, GET} route[39m[38;5;3m +0ms[39m
[32m[Nest] 31376  - [39m08/14/2026, 1:10:29 PM [32m    LOG[39m [38;5;3m[RouterExplorer] [39m[32mMapped {/api/v1/employee/documents, GET} route[39m[38;5;3m +0ms[39m
[32m[Nest] 31376  - [39m08/14/2026, 1:10:29 PM [32m    LOG[39m [38;5;3m[RouterExplorer] [39m[32mMapped {/api/v1/employee/documents, POST} route[39m[38;5;3m +0ms[39m
[32m[Nest] 31376  - [39m08/14/2026, 1:10:29 PM [32m    LOG[39m [38;5;3m[RouterExplorer] [39m[32mMapped {/api/v1/employee/documents/upload-url, POST} route[39m[38;5;3m +0ms[39m
[32m[Nest] 31376  - [39m08/14/2026, 1:10:29 PM [32m    LOG[39m [38;5;3m[RouterExplorer] [39m[32mMapped {/api/v1/employee/documents/:documentId/download, GET} route[39m[38;5;3m +0ms[39m
[32m[Nest] 31376  - [39m08/14/2026, 1:10:29 PM [32m    LOG[39m [38;5;3m[RoutesResolver] [39m[32mEmployeeManagerController {/api/v1/employee/manager}:[39m[38;5;3m +0ms[39m
[32m[Nest] 31376  - [39m08/14/2026, 1:10:29 PM [32m    LOG[39m [38;5;3m[RouterExplorer] [39m[32mMapped {/api/v1/employee/manager/clients, GET} route[39m[38;5;3m +0ms[39m
[32m[Nest] 31376  - [39m08/14/2026, 1:10:29 PM [32m    LOG[39m [38;5;3m[RouterExplorer] [39m[32mMapped {/api/v1/employee/manager/task-options, GET} route[39m[38;5;3m +0ms[39m
[32m[Nest] 31376  - [39m08/14/2026, 1:10:29 PM [32m    LOG[39m [38;5;3m[RouterExplorer] [39m[32mMapped {/api/v1/employee/manager/reviews, GET} route[39m[38;5;3m +1ms[39m
[32m[Nest] 31376  - [39m08/14/2026, 1:10:29 PM [32m    LOG[39m [38;5;3m[RouterExplorer] [39m[32mMapped {/api/v1/employee/manager/tasks, POST} route[39m[38;5;3m +0ms[39m
[32m[Nest] 31376  - [39m08/14/2026, 1:10:29 PM [32m    LOG[39m [38;5;3m[RouterExplorer] [39m[32mMapped {/api/v1/employee/manager/reviews/:taskId, POST} route[39m[38;5;3m +0ms[39m
[32m[Nest] 31376  - [39m08/14/2026, 1:10:29 PM [32m    LOG[39m [38;5;3m[RoutesResolver] [39m[32mEmployeeNotificationsController {/api/v1/employee/notifications}:[39m[38;5;3m +0ms[39m
[32m[Nest] 31376  - [39m08/14/2026, 1:10:29 PM [32m    LOG[39m [38;5;3m[RouterExplorer] [39m[32mMapped {/api/v1/employee/notifications, GET} route[39m[38;5;3m +0ms[39m
[32m[Nest] 31376  - [39m08/14/2026, 1:10:29 PM [32m    LOG[39m [38;5;3m[RouterExplorer] [39m[32mMapped {/api/v1/employee/notifications/unread-count, GET} route[39m[38;5;3m +0ms[39m
[32m[Nest] 31376  - [39m08/14/2026, 1:10:29 PM [32m    LOG[39m [38;5;3m[RouterExplorer] [39m[32mMapped {/api/v1/employee/notifications/:notificationId/read, PATCH} route[39m[38;5;3m +0ms[39m
[32m[Nest] 31376  - [39m08/14/2026, 1:10:29 PM [32m    LOG[39m [38;5;3m[RouterExplorer] [39m[32mMapped {/api/v1/employee/notifications/read-all, PATCH} route[39m[38;5;3m +0ms[39m
[32m[Nest] 31376  - [39m08/14/2026, 1:10:29 PM [32m    LOG[39m [38;5;3m[RoutesResolver] [39m[32mEmployeeProfileController {/api/v1/employee/profile}:[39m[38;5;3m +0ms[39m
[32m[Nest] 31376  - [39m08/14/2026, 1:10:29 PM [32m    LOG[39m [38;5;3m[RouterExplorer] [39m[32mMapped {/api/v1/employee/profile, GET} route[39m[38;5;3m +0ms[39m
[32m[Nest] 31376  - [39m08/14/2026, 1:10:29 PM [32m    LOG[39m [38;5;3m[RoutesResolver] [39m[32mEmployeeTasksController {/api/v1/employee}:[39m[38;5;3m +0ms[39m
[32m[Nest] 31376  - [39m08/14/2026, 1:10:29 PM [32m    LOG[39m [38;5;3m[RouterExplorer] [39m[32mMapped {/api/v1/employee/tasks, GET} route[39m[38;5;3m +0ms[39m
[32m[Nest] 31376  - [39m08/14/2026, 1:10:29 PM [32m    LOG[39m [38;5;3m[RouterExplorer] [39m[32mMapped {/api/v1/employee/work-logs, GET} route[39m[38;5;3m +0ms[39m
[32m[Nest] 31376  - [39m08/14/2026, 1:10:29 PM [32m    LOG[39m [38;5;3m[RouterExplorer] [39m[32mMapped {/api/v1/employee/tasks/:taskId/start, POST} route[39m[38;5;3m +1ms[39m
[32m[Nest] 31376  - [39m08/14/2026, 1:10:29 PM [32m    LOG[39m [38;5;3m[RouterExplorer] [39m[32mMapped {/api/v1/employee/tasks/:taskId/pause, POST} route[39m[38;5;3m +0ms[39m
[32m[Nest] 31376  - [39m08/14/2026, 1:10:29 PM [32m    LOG[39m [38;5;3m[RouterExplorer] [39m[32mMapped {/api/v1/employee/tasks/:taskId/resume, POST} route[39m[38;5;3m +0ms[39m
[32m[Nest] 31376  - [39m08/14/2026, 1:10:29 PM [32m    LOG[39m [38;5;3m[RouterExplorer] [39m[32mMapped {/api/v1/employee/tasks/:taskId/submit, POST} route[39m[38;5;3m +0ms[39m
[32m[Nest] 31376  - [39m08/14/2026, 1:10:29 PM [32m    LOG[39m [38;5;3m[RoutesResolver] [39m[32mTenantAdminDashboardController {/api/v1/tenant-admin/dashboard}:[39m[38;5;3m +0ms[39m
[32m[Nest] 31376  - [39m08/14/2026, 1:10:29 PM [32m    LOG[39m [38;5;3m[RouterExplorer] [39m[32mMapped {/api/v1/tenant-admin/dashboard, GET} route[39m[38;5;3m +0ms[39m
[32m[Nest] 31376  - [39m08/14/2026, 1:10:29 PM [32m    LOG[39m [38;5;3m[RouterExplorer] [39m[32mMapped {/api/v1/tenant-admin/dashboard/profile, GET} route[39m[38;5;3m +0ms[39m
[32m[Nest] 31376  - [39m08/14/2026, 1:10:29 PM [32m    LOG[39m [38;5;3m[RouterExplorer] [39m[32mMapped {/api/v1/tenant-admin/dashboard/profile, PATCH} route[39m[38;5;3m +0ms[39m
[32m[Nest] 31376  - [39m08/14/2026, 1:10:29 PM [32m    LOG[39m [38;5;3m[RoutesResolver] [39m[32mTenantAdminClientsController {/api/v1/tenant-admin/clients}:[39m[38;5;3m +1ms[39m
[32m[Nest] 31376  - [39m08/14/2026, 1:10:29 PM [32m    LOG[39m [38;5;3m[RouterExplorer] [39m[32mMapped {/api/v1/tenant-admin/clients, GET} route[39m[38;5;3m +0ms[39m
[32m[Nest] 31376  - [39m08/14/2026, 1:10:29 PM [32m    LOG[39m [38;5;3m[RouterExplorer] [39m[32mMapped {/api/v1/tenant-admin/clients, POST} route[39m[38;5;3m +0ms[39m
[32m[Nest] 31376  - [39m08/14/2026, 1:10:29 PM [32m    LOG[39m [38;5;3m[RouterExplorer] [39m[32mMapped {/api/v1/tenant-admin/clients/:clientRef, GET} route[39m[38;5;3m +0ms[39m
[32m[Nest] 31376  - [39m08/14/2026, 1:10:29 PM [32m    LOG[39m [38;5;3m[RouterExplorer] [39m[32mMapped {/api/v1/tenant-admin/clients/:clientRef, DELETE} route[39m[38;5;3m +0ms[39m
[32m[Nest] 31376  - [39m08/14/2026, 1:10:29 PM [32m    LOG[39m [38;5;3m[RouterExplorer] [39m[32mMapped {/api/v1/tenant-admin/clients/:clientRef/contacts, POST} route[39m[38;5;3m +1ms[39m
[32m[Nest] 31376  - [39m08/14/2026, 1:10:29 PM [32m    LOG[39m [38;5;3m[RouterExplorer] [39m[32mMapped {/api/v1/tenant-admin/clients/:clientRef/contacts/:contactId, PATCH} route[39m[38;5;3m +0ms[39m
[32m[Nest] 31376  - [39m08/14/2026, 1:10:29 PM [32m    LOG[39m [38;5;3m[RoutesResolver] [39m[32mTenantAdminEmployeePerformanceController {/api/v1/tenant-admin/employee-performance}:[39m[38;5;3m +1ms[39m
[32m[Nest] 31376  - [39m08/14/2026, 1:10:29 PM [32m    LOG[39m [38;5;3m[RouterExplorer] [39m[32mMapped {/api/v1/tenant-admin/employee-performance, GET} route[39m[38;5;3m +0ms[39m
[32m[Nest] 31376  - [39m08/14/2026, 1:10:29 PM [32m    LOG[39m [38;5;3m[RouterExplorer] [39m[32mMapped {/api/v1/tenant-admin/employee-performance/:employeeId, GET} route[39m[38;5;3m +1ms[39m
[32m[Nest] 31376  - [39m08/14/2026, 1:10:29 PM [32m    LOG[39m [38;5;3m[RoutesResolver] [39m[32mTenantAdminFinanceController {/api/v1/tenant-admin/finance}:[39m[38;5;3m +0ms[39m
[32m[Nest] 31376  - [39m08/14/2026, 1:10:29 PM [32m    LOG[39m [38;5;3m[RouterExplorer] [39m[32mMapped {/api/v1/tenant-admin/finance/documents, GET} route[39m[38;5;3m +0ms[39m
[32m[Nest] 31376  - [39m08/14/2026, 1:10:29 PM [32m    LOG[39m [38;5;3m[RouterExplorer] [39m[32mMapped {/api/v1/tenant-admin/finance/documents, POST} route[39m[38;5;3m +0ms[39m
[32m[Nest] 31376  - [39m08/14/2026, 1:10:29 PM [32m    LOG[39m [38;5;3m[RouterExplorer] [39m[32mMapped {/api/v1/tenant-admin/finance/documents/upload-url, POST} route[39m[38;5;3m +1ms[39m
[32m[Nest] 31376  - [39m08/14/2026, 1:10:29 PM [32m    LOG[39m [38;5;3m[RouterExplorer] [39m[32mMapped {/api/v1/tenant-admin/finance/documents/:documentId/download, GET} route[39m[38;5;3m +0ms[39m
[32m[Nest] 31376  - [39m08/14/2026, 1:10:29 PM [32m    LOG[39m [38;5;3m[RouterExplorer] [39m[32mMapped {/api/v1/tenant-admin/finance/invoices, GET} route[39m[38;5;3m +0ms[39m
[32m[Nest] 31376  - [39m08/14/2026, 1:10:29 PM [32m    LOG[39m [38;5;3m[RouterExplorer] [39m[32mMapped {/api/v1/tenant-admin/finance/invoices, POST} route[39m[38;5;3m +0ms[39m
[32m[Nest] 31376  - [39m08/14/2026, 1:10:29 PM [32m    LOG[39m [38;5;3m[RouterExplorer] [39m[32mMapped {/api/v1/tenant-admin/finance/billable-tasks, GET} route[39m[38;5;3m +0ms[39m
[32m[Nest] 31376  - [39m08/14/2026, 1:10:29 PM [32m    LOG[39m [38;5;3m[RouterExplorer] [39m[32mMapped {/api/v1/tenant-admin/finance/invoices/from-task, POST} route[39m[38;5;3m +0ms[39m
[32m[Nest] 31376  - [39m08/14/2026, 1:10:29 PM [32m    LOG[39m [38;5;3m[RouterExplorer] [39m[32mMapped {/api/v1/tenant-admin/finance/invoices/:invoiceId/send, POST} route[39m[38;5;3m +0ms[39m
[32m[Nest] 31376  - [39m08/14/2026, 1:10:29 PM [32m    LOG[39m [38;5;3m[RoutesResolver] [39m[32mTenantAdminNotificationsController {/api/v1/tenant-admin/notifications}:[39m[38;5;3m +0ms[39m
[32m[Nest] 31376  - [39m08/14/2026, 1:10:29 PM [32m    LOG[39m [38;5;3m[RouterExplorer] [39m[32mMapped {/api/v1/tenant-admin/notifications, GET} route[39m[38;5;3m +0ms[39m
[32m[Nest] 31376  - [39m08/14/2026, 1:10:29 PM [32m    LOG[39m [38;5;3m[RouterExplorer] [39m[32mMapped {/api/v1/tenant-admin/notifications/unread-count, GET} route[39m[38;5;3m +0ms[39m
[32m[Nest] 31376  - [39m08/14/2026, 1:10:29 PM [32m    LOG[39m [38;5;3m[RouterExplorer] [39m[32mMapped {/api/v1/tenant-admin/notifications/:notificationId/read, PATCH} route[39m[38;5;3m +0ms[39m
[32m[Nest] 31376  - [39m08/14/2026, 1:10:29 PM [32m    LOG[39m [38;5;3m[RouterExplorer] [39m[32mMapped {/api/v1/tenant-admin/notifications/read-all, PATCH} route[39m[38;5;3m +0ms[39m
[32m[Nest] 31376  - [39m08/14/2026, 1:10:29 PM [32m    LOG[39m [38;5;3m[RoutesResolver] [39m[32mTenantAdminServicesController {/api/v1/tenant-admin/services}:[39m[38;5;3m +1ms[39m
[32m[Nest] 31376  - [39m08/14/2026, 1:10:29 PM [32m    LOG[39m [38;5;3m[RouterExplorer] [39m[32mMapped {/api/v1/tenant-admin/services, GET} route[39m[38;5;3m +0ms[39m
[32m[Nest] 31376  - [39m08/14/2026, 1:10:29 PM [32m    LOG[39m [38;5;3m[RouterExplorer] [39m[32mMapped {/api/v1/tenant-admin/services, POST} route[39m[38;5;3m +0ms[39m
[32m[Nest] 31376  - [39m08/14/2026, 1:10:29 PM [32m    LOG[39m [38;5;3m[RoutesResolver] [39m[32mTenantAdminTasksController {/api/v1/tenant-admin/tasks}:[39m[38;5;3m +0ms[39m
[32m[Nest] 31376  - [39m08/14/2026, 1:10:29 PM [32m    LOG[39m [38;5;3m[RouterExplorer] [39m[32mMapped {/api/v1/tenant-admin/tasks/options, GET} route[39m[38;5;3m +0ms[39m
[32m[Nest] 31376  - [39m08/14/2026, 1:10:29 PM [32m    LOG[39m [38;5;3m[RouterExplorer] [39m[32mMapped {/api/v1/tenant-admin/tasks, GET} route[39m[38;5;3m +0ms[39m
[32m[Nest] 31376  - [39m08/14/2026, 1:10:29 PM [32m    LOG[39m [38;5;3m[RouterExplorer] [39m[32mMapped {/api/v1/tenant-admin/tasks, POST} route[39m[38;5;3m +0ms[39m
[32m[Nest] 31376  - [39m08/14/2026, 1:10:29 PM [32m    LOG[39m [38;5;3m[RouterExplorer] [39m[32mMapped {/api/v1/tenant-admin/tasks/:taskId/approval, POST} route[39m[38;5;3m +0ms[39m
[32m[Nest] 31376  - [39m08/14/2026, 1:10:29 PM [32m    LOG[39m [38;5;3m[RouterExplorer] [39m[32mMapped {/api/v1/tenant-admin/tasks/employees, POST} route[39m[38;5;3m +0ms[39m
[32m[Nest] 31376  - [39m08/14/2026, 1:10:29 PM [32m    LOG[39m [38;5;3m[RouterExplorer] [39m[32mMapped {/api/v1/tenant-admin/tasks/employees/email-availability, GET} route[39m[38;5;3m +0ms[39m
[32m[Nest] 31376  - [39m08/14/2026, 1:10:29 PM [32m    LOG[39m [38;5;3m[RouterExplorer] [39m[32mMapped {/api/v1/tenant-admin/tasks/employees, GET} route[39m[38;5;3m +1ms[39m
[32m[Nest] 31376  - [39m08/14/2026, 1:10:29 PM [32m    LOG[39m [38;5;3m[RouterExplorer] [39m[32mMapped {/api/v1/tenant-admin/tasks/departments, GET} route[39m[38;5;3m +0ms[39m
[32m[Nest] 31376  - [39m08/14/2026, 1:10:29 PM [32m    LOG[39m [38;5;3m[RouterExplorer] [39m[32mMapped {/api/v1/tenant-admin/tasks/departments, POST} route[39m[38;5;3m +0ms[39m
[32m[Nest] 31376  - [39m08/14/2026, 1:10:29 PM [32m    LOG[39m [38;5;3m[RouterExplorer] [39m[32mMapped {/api/v1/tenant-admin/tasks/employees/:employeeId/assignment, PATCH} route[39m[38;5;3m +0ms[39m
[32m[Nest] 31376  - [39m08/14/2026, 1:10:29 PM [32m    LOG[39m [38;5;3m[RouterExplorer] [39m[32mMapped {/api/v1/tenant-admin/tasks/employees/:employeeId/manager, PATCH} route[39m[38;5;3m +0ms[39m
[32m[Nest] 31376  - [39m08/14/2026, 1:10:29 PM [32m    LOG[39m [38;5;3m[RouterExplorer] [39m[32mMapped {/api/v1/tenant-admin/tasks/employees/:employeeId/manager, DELETE} route[39m[38;5;3m +0ms[39m
[32m[Nest] 31376  - [39m08/14/2026, 1:10:29 PM [32m    LOG[39m [38;5;3m[RouterExplorer] [39m[32mMapped {/api/v1/tenant-admin/tasks/employees/:employeeId/capacity, PATCH} route[39m[38;5;3m +0ms[39m
[32m[Nest] 31376  - [39m08/14/2026, 1:10:29 PM [32m    LOG[39m [38;5;3m[RouterExplorer] [39m[32mMapped {/api/v1/tenant-admin/tasks/work-groups, GET} route[39m[38;5;3m +0ms[39m
[32m[Nest] 31376  - [39m08/14/2026, 1:10:29 PM [32m    LOG[39m [38;5;3m[RouterExplorer] [39m[32mMapped {/api/v1/tenant-admin/tasks/work-groups, POST} route[39m[38;5;3m +0ms[39m
[32m[Nest] 31376  - [39m08/14/2026, 1:10:29 PM [32m    LOG[39m [38;5;3m[RouterExplorer] [39m[32mMapped {/api/v1/tenant-admin/tasks/work-groups/:workGroupId, PATCH} route[39m[38;5;3m +0ms[39m
[32m[Nest] 31376  - [39m08/14/2026, 1:10:29 PM [32m    LOG[39m [38;5;3m[RoutesResolver] [39m[32mTenantAnalyticsController {/api/v1/super-admin/tenant-analytics}:[39m[38;5;3m +0ms[39m
[32m[Nest] 31376  - [39m08/14/2026, 1:10:29 PM [32m    LOG[39m [38;5;3m[RouterExplorer] [39m[32mMapped {/api/v1/super-admin/tenant-analytics, GET} route[39m[38;5;3m +0ms[39m
[32m[Nest] 31376  - [39m08/14/2026, 1:10:29 PM [32m    LOG[39m [38;5;3m[TaskNotificationOutboxWorker] [39m[32m[Notifications] Task notification worker is running. It checks committed notifications every 500ms.[39m
[32m[Nest] 31376  - [39m08/14/2026, 1:10:29 PM [32m    LOG[39m [38;5;3m[NestApplication] [39m[32mNest application successfully started[39m[38;5;3m +1ms[39m
1:25:05 PM [tsx] change in ./src\platform\tenant-document-storage.service.ts Restarting...
[32m[Nest] 3476  - [39m08/14/2026, 1:25:11 PM [32m    LOG[39m [38;5;3m[NestFactory] [39m[32mStarting Nest application...[39m
[32m[Nest] 3476  - [39m08/14/2026, 1:25:11 PM [32m    LOG[39m [38;5;3m[InstanceLoader] [39m[32mAppConfigModule dependencies initialized[39m[38;5;3m +1ms[39m
[32m[Nest] 3476  - [39m08/14/2026, 1:25:11 PM [32m    LOG[39m [38;5;3m[InstanceLoader] [39m[32mAppConfigModule dependencies initialized[39m[38;5;3m +0ms[39m
[32m[Nest] 3476  - [39m08/14/2026, 1:25:11 PM [32m    LOG[39m [38;5;3m[InstanceLoader] [39m[32mCommonModule dependencies initialized[39m[38;5;3m +0ms[39m
[32m[Nest] 3476  - [39m08/14/2026, 1:25:11 PM [32m    LOG[39m [38;5;3m[InstanceLoader] [39m[32mAppModule dependencies initialized[39m[38;5;3m +0ms[39m
[32m[Nest] 3476  - [39m08/14/2026, 1:25:11 PM [32m    LOG[39m [38;5;3m[InstanceLoader] [39m[32mDatabaseModule dependencies initialized[39m[38;5;3m +1ms[39m
[32m[Nest] 3476  - [39m08/14/2026, 1:25:11 PM [32m    LOG[39m [38;5;3m[InstanceLoader] [39m[32mHealthModule dependencies initialized[39m[38;5;3m +0ms[39m
[32m[Nest] 3476  - [39m08/14/2026, 1:25:11 PM [32m    LOG[39m [38;5;3m[InstanceLoader] [39m[32mAuthModule dependencies initialized[39m[38;5;3m +0ms[39m
[32m[Nest] 3476  - [39m08/14/2026, 1:25:11 PM [32m    LOG[39m [38;5;3m[InstanceLoader] [39m[32mPlatformModule dependencies initialized[39m[38;5;3m +0ms[39m
[32m[Nest] 3476  - [39m08/14/2026, 1:25:11 PM [32m    LOG[39m [38;5;3m[RoutesResolver] [39m[32mHealthController {/api/v1/health}:[39m[38;5;3m +0ms[39m
[32m[Nest] 3476  - [39m08/14/2026, 1:25:11 PM [32m    LOG[39m [38;5;3m[RouterExplorer] [39m[32mMapped {/api/v1/health/live, GET} route[39m[38;5;3m +0ms[39m
[32m[Nest] 3476  - [39m08/14/2026, 1:25:11 PM [32m    LOG[39m [38;5;3m[RouterExplorer] [39m[32mMapped {/api/v1/health/ready, GET} route[39m[38;5;3m +1ms[39m
[32m[Nest] 3476  - [39m08/14/2026, 1:25:11 PM [32m    LOG[39m [38;5;3m[RoutesResolver] [39m[32mMeController {/api/v1/me}:[39m[38;5;3m +0ms[39m
[32m[Nest] 3476  - [39m08/14/2026, 1:25:11 PM [32m    LOG[39m [38;5;3m[RouterExplorer] [39m[32mMapped {/api/v1/me, GET} route[39m[38;5;3m +0ms[39m
[32m[Nest] 3476  - [39m08/14/2026, 1:25:11 PM [32m    LOG[39m [38;5;3m[RouterExplorer] [39m[32mMapped {/api/v1/me/profile, PATCH} route[39m[38;5;3m +0ms[39m
[32m[Nest] 3476  - [39m08/14/2026, 1:25:11 PM [32m    LOG[39m [38;5;3m[RouterExplorer] [39m[32mMapped {/api/v1/me/preferences, PATCH} route[39m[38;5;3m +0ms[39m
[32m[Nest] 3476  - [39m08/14/2026, 1:25:11 PM [32m    LOG[39m [38;5;3m[RoutesResolver] [39m[32mAccessAdminController {/api/v1}:[39m[38;5;3m +0ms[39m
[32m[Nest] 3476  - [39m08/14/2026, 1:25:11 PM [32m    LOG[39m [38;5;3m[RouterExplorer] [39m[32mMapped {/api/v1/super-admin/tenant-creation-options, GET} route[39m[38;5;3m +0ms[39m
[32m[Nest] 3476  - [39m08/14/2026, 1:25:11 PM [32m    LOG[39m [38;5;3m[RouterExplorer] [39m[32mMapped {/api/v1/super-admin/tenants, GET} route[39m[38;5;3m +0ms[39m
[32m[Nest] 3476  - [39m08/14/2026, 1:25:11 PM [32m    LOG[39m [38;5;3m[RouterExplorer] [39m[32mMapped {/api/v1/super-admin/users/email-availability, GET} route[39m[38;5;3m +0ms[39m
[32m[Nest] 3476  - [39m08/14/2026, 1:25:11 PM [32m    LOG[39m [38;5;3m[RouterExplorer] [39m[32mMapped {/api/v1/super-admin/tenant-list-filters, GET} route[39m[38;5;3m +0ms[39m
[32m[Nest] 3476  - [39m08/14/2026, 1:25:11 PM [32m    LOG[39m [38;5;3m[RouterExplorer] [39m[32mMapped {/api/v1/super-admin/tenants/:tenantId, GET} route[39m[38;5;3m +0ms[39m
[32m[Nest] 3476  - [39m08/14/2026, 1:25:11 PM [32m    LOG[39m [38;5;3m[RouterExplorer] [39m[32mMapped {/api/v1/super-admin/tenants/:tenantId/status, PATCH} route[39m[38;5;3m +0ms[39m
[32m[Nest] 3476  - [39m08/14/2026, 1:25:11 PM [32m    LOG[39m [38;5;3m[RouterExplorer] [39m[32mMapped {/api/v1/super-admin/tenants/:tenantId/password, POST} route[39m[38;5;3m +1ms[39m
[32m[Nest] 3476  - [39m08/14/2026, 1:25:11 PM [32m    LOG[39m [38;5;3m[RouterExplorer] [39m[32mMapped {/api/v1/super-admin/tenants, POST} route[39m[38;5;3m +0ms[39m
[32m[Nest] 3476  - [39m08/14/2026, 1:25:11 PM [32m    LOG[39m [38;5;3m[RouterExplorer] [39m[32mMapped {/api/v1/invitations, POST} route[39m[38;5;3m +0ms[39m
[32m[Nest] 3476  - [39m08/14/2026, 1:25:11 PM [32m    LOG[39m [38;5;3m[RouterExplorer] [39m[32mMapped {/api/v1/invitations/:invitationId/cancel, POST} route[39m[38;5;3m +0ms[39m
[32m[Nest] 3476  - [39m08/14/2026, 1:25:11 PM [32m    LOG[39m [38;5;3m[RouterExplorer] [39m[32mMapped {/api/v1/invitations/:invitationId/revoke, POST} route[39m[38;5;3m +0ms[39m
[32m[Nest] 3476  - [39m08/14/2026, 1:25:11 PM [32m    LOG[39m [38;5;3m[RouterExplorer] [39m[32mMapped {/api/v1/invitations/:invitationId/accept, POST} route[39m[38;5;3m +0ms[39m
[32m[Nest] 3476  - [39m08/14/2026, 1:25:11 PM [32m    LOG[39m [38;5;3m[RouterExplorer] [39m[32mMapped {/api/v1/memberships/:membershipId/revoke, POST} route[39m[38;5;3m +0ms[39m
[32m[Nest] 3476  - [39m08/14/2026, 1:25:11 PM [32m    LOG[39m [38;5;3m[RouterExplorer] [39m[32mMapped {/api/v1/memberships/:membershipId/reactivate, POST} route[39m[38;5;3m +0ms[39m
[32m[Nest] 3476  - [39m08/14/2026, 1:25:11 PM [32m    LOG[39m [38;5;3m[RoutesResolver] [39m[32mPortalAuthController {/api/v1/auth}:[39m[38;5;3m +0ms[39m
[32m[Nest] 3476  - [39m08/14/2026, 1:25:11 PM [32m    LOG[39m [38;5;3m[RouterExplorer] [39m[32mMapped {/api/v1/auth/super-admin/login, POST} route[39m[38;5;3m +0ms[39m
[32m[Nest] 3476  - [39m08/14/2026, 1:25:11 PM [32m    LOG[39m [38;5;3m[RouterExplorer] [39m[32mMapped {/api/v1/auth/tenant/login, POST} route[39m[38;5;3m +0ms[39m
[32m[Nest] 3476  - [39m08/14/2026, 1:25:11 PM [32m    LOG[39m [38;5;3m[RouterExplorer] [39m[32mMapped {/api/v1/auth/employee/login, POST} route[39m[38;5;3m +0ms[39m
[32m[Nest] 3476  - [39m08/14/2026, 1:25:11 PM [32m    LOG[39m [38;5;3m[RouterExplorer] [39m[32mMapped {/api/v1/auth/client/login, POST} route[39m[38;5;3m +0ms[39m
[32m[Nest] 3476  - [39m08/14/2026, 1:25:11 PM [32m    LOG[39m [38;5;3m[RouterExplorer] [39m[32mMapped {/api/v1/auth/super-admin/session, GET} route[39m[38;5;3m +1ms[39m
[32m[Nest] 3476  - [39m08/14/2026, 1:25:11 PM [32m    LOG[39m [38;5;3m[RouterExplorer] [39m[32mMapped {/api/v1/auth/tenant/session, GET} route[39m[38;5;3m +0ms[39m
[32m[Nest] 3476  - [39m08/14/2026, 1:25:11 PM [32m    LOG[39m [38;5;3m[RouterExplorer] [39m[32mMapped {/api/v1/auth/employee/session, GET} route[39m[38;5;3m +0ms[39m
[32m[Nest] 3476  - [39m08/14/2026, 1:25:11 PM [32m    LOG[39m [38;5;3m[RouterExplorer] [39m[32mMapped {/api/v1/auth/client/session, GET} route[39m[38;5;3m +0ms[39m
[32m[Nest] 3476  - [39m08/14/2026, 1:25:11 PM [32m    LOG[39m [38;5;3m[RouterExplorer] [39m[32mMapped {/api/v1/auth/super-admin/logout, POST} route[39m[38;5;3m +0ms[39m
[32m[Nest] 3476  - [39m08/14/2026, 1:25:11 PM [32m    LOG[39m [38;5;3m[RouterExplorer] [39m[32mMapped {/api/v1/auth/tenant/logout, POST} route[39m[38;5;3m +0ms[39m
[32m[Nest] 3476  - [39m08/14/2026, 1:25:11 PM [32m    LOG[39m [38;5;3m[RouterExplorer] [39m[32mMapped {/api/v1/auth/employee/logout, POST} route[39m[38;5;3m +0ms[39m
[32m[Nest] 3476  - [39m08/14/2026, 1:25:11 PM [32m    LOG[39m [38;5;3m[RouterExplorer] [39m[32mMapped {/api/v1/auth/client/logout, POST} route[39m[38;5;3m +0ms[39m
[32m[Nest] 3476  - [39m08/14/2026, 1:25:11 PM [32m    LOG[39m [38;5;3m[RoutesResolver] [39m[32mSuperAdminAuditLogController {/api/v1/super-admin/audit-log}:[39m[38;5;3m +0ms[39m
[32m[Nest] 3476  - [39m08/14/2026, 1:25:11 PM [32m    LOG[39m [38;5;3m[RouterExplorer] [39m[32mMapped {/api/v1/super-admin/audit-log, GET} route[39m[38;5;3m +0ms[39m
[32m[Nest] 3476  - [39m08/14/2026, 1:25:11 PM [32m    LOG[39m [38;5;3m[RoutesResolver] [39m[32mSuperAdminDashboardController {/api/v1/super-admin}:[39m[38;5;3m +0ms[39m
[32m[Nest] 3476  - [39m08/14/2026, 1:25:11 PM [32m    LOG[39m [38;5;3m[RouterExplorer] [39m[32mMapped {/api/v1/super-admin/dashboard, GET} route[39m[38;5;3m +0ms[39m
[32m[Nest] 3476  - [39m08/14/2026, 1:25:11 PM [32m    LOG[39m [38;5;3m[RouterExplorer] [39m[32mMapped {/api/v1/super-admin/alerts/:alertId/view, PATCH} route[39m[38;5;3m +0ms[39m
[32m[Nest] 3476  - [39m08/14/2026, 1:25:11 PM [32m    LOG[39m [38;5;3m[RouterExplorer] [39m[32mMapped {/api/v1/super-admin/alerts/:alertId/reviews, POST} route[39m[38;5;3m +1ms[39m
[32m[Nest] 3476  - [39m08/14/2026, 1:25:11 PM [32m    LOG[39m [38;5;3m[RouterExplorer] [39m[32mMapped {/api/v1/super-admin/tenant-reviews/:reviewId, PATCH} route[39m[38;5;3m +0ms[39m
[32m[Nest] 3476  - [39m08/14/2026, 1:25:11 PM [32m    LOG[39m [38;5;3m[RoutesResolver] [39m[32mSuperAdminSearchController {/api/v1/super-admin}:[39m[38;5;3m +0ms[39m
[32m[Nest] 3476  - [39m08/14/2026, 1:25:11 PM [32m    LOG[39m [38;5;3m[RouterExplorer] [39m[32mMapped {/api/v1/super-admin/search, GET} route[39m[38;5;3m +0ms[39m
[32m[Nest] 3476  - [39m08/14/2026, 1:25:11 PM [32m    LOG[39m [38;5;3m[RoutesResolver] [39m[32mSuperAdminNotificationsController {/api/v1/super-admin/notifications}:[39m[38;5;3m +0ms[39m
[32m[Nest] 3476  - [39m08/14/2026, 1:25:11 PM [32m    LOG[39m [38;5;3m[RouterExplorer] [39m[32mMapped {/api/v1/super-admin/notifications, GET} route[39m[38;5;3m +0ms[39m
[32m[Nest] 3476  - [39m08/14/2026, 1:25:11 PM [32m    LOG[39m [38;5;3m[RouterExplorer] [39m[32mMapped {/api/v1/super-admin/notifications/unread-count, GET} route[39m[38;5;3m +0ms[39m
[32m[Nest] 3476  - [39m08/14/2026, 1:25:11 PM [32m    LOG[39m [38;5;3m[RouterExplorer] [39m[32mMapped {/api/v1/super-admin/notifications/:notificationId/read, PATCH} route[39m[38;5;3m +0ms[39m
[32m[Nest] 3476  - [39m08/14/2026, 1:25:11 PM [32m    LOG[39m [38;5;3m[RouterExplorer] [39m[32mMapped {/api/v1/super-admin/notifications/read-all, PATCH} route[39m[38;5;3m +0ms[39m
[32m[Nest] 3476  - [39m08/14/2026, 1:25:11 PM [32m    LOG[39m [38;5;3m[RoutesResolver] [39m[32mSuperAdminPlatformConfigurationController {/api/v1/super-admin/platform-configuration}:[39m[38;5;3m +0ms[39m
[32m[Nest] 3476  - [39m08/14/2026, 1:25:11 PM [32m    LOG[39m [38;5;3m[RouterExplorer] [39m[32mMapped {/api/v1/super-admin/platform-configuration, GET} route[39m[38;5;3m +0ms[39m
[32m[Nest] 3476  - [39m08/14/2026, 1:25:11 PM [32m    LOG[39m [38;5;3m[RouterExplorer] [39m[32mMapped {/api/v1/super-admin/platform-configuration, PATCH} route[39m[38;5;3m +0ms[39m
[32m[Nest] 3476  - [39m08/14/2026, 1:25:11 PM [32m    LOG[39m [38;5;3m[RoutesResolver] [39m[32mClientPortalDashboardController {/api/v1/client-portal/dashboard}:[39m[38;5;3m +0ms[39m
[32m[Nest] 3476  - [39m08/14/2026, 1:25:11 PM [32m    LOG[39m [38;5;3m[RouterExplorer] [39m[32mMapped {/api/v1/client-portal/dashboard, GET} route[39m[38;5;3m +1ms[39m
[32m[Nest] 3476  - [39m08/14/2026, 1:25:11 PM [32m    LOG[39m [38;5;3m[RoutesResolver] [39m[32mClientPortalDeliverablesController {/api/v1/client-portal/deliverables}:[39m[38;5;3m +0ms[39m
[32m[Nest] 3476  - [39m08/14/2026, 1:25:11 PM [32m    LOG[39m [38;5;3m[RouterExplorer] [39m[32mMapped {/api/v1/client-portal/deliverables, GET} route[39m[38;5;3m +0ms[39m
[32m[Nest] 3476  - [39m08/14/2026, 1:25:11 PM [32m    LOG[39m [38;5;3m[RouterExplorer] [39m[32mMapped {/api/v1/client-portal/deliverables/:documentId/decision, POST} route[39m[38;5;3m +0ms[39m
[32m[Nest] 3476  - [39m08/14/2026, 1:25:11 PM [32m    LOG[39m [38;5;3m[RouterExplorer] [39m[32mMapped {/api/v1/client-portal/deliverables/:documentId/download, GET} route[39m[38;5;3m +0ms[39m
[32m[Nest] 3476  - [39m08/14/2026, 1:25:11 PM [32m    LOG[39m [38;5;3m[RoutesResolver] [39m[32mClientPortalNotificationsController {/api/v1/client-portal/notifications}:[39m[38;5;3m +0ms[39m
[32m[Nest] 3476  - [39m08/14/2026, 1:25:11 PM [32m    LOG[39m [38;5;3m[RouterExplorer] [39m[32mMapped {/api/v1/client-portal/notifications, GET} route[39m[38;5;3m +0ms[39m
[32m[Nest] 3476  - [39m08/14/2026, 1:25:11 PM [32m    LOG[39m [38;5;3m[RoutesResolver] [39m[32mClientPortalProfileController {/api/v1/client-portal/profile}:[39m[38;5;3m +0ms[39m
[32m[Nest] 3476  - [39m08/14/2026, 1:25:11 PM [32m    LOG[39m [38;5;3m[RouterExplorer] [39m[32mMapped {/api/v1/client-portal/profile, GET} route[39m[38;5;3m +0ms[39m
[32m[Nest] 3476  - [39m08/14/2026, 1:25:11 PM [32m    LOG[39m [38;5;3m[RouterExplorer] [39m[32mMapped {/api/v1/client-portal/profile, PATCH} route[39m[38;5;3m +0ms[39m
[32m[Nest] 3476  - [39m08/14/2026, 1:25:11 PM [32m    LOG[39m [38;5;3m[RoutesResolver] [39m[32mClientPortalRequestsController {/api/v1/client-portal/requests}:[39m[38;5;3m +0ms[39m
[32m[Nest] 3476  - [39m08/14/2026, 1:25:11 PM [32m    LOG[39m [38;5;3m[RouterExplorer] [39m[32mMapped {/api/v1/client-portal/requests/options, GET} route[39m[38;5;3m +0ms[39m
[32m[Nest] 3476  - [39m08/14/2026, 1:25:11 PM [32m    LOG[39m [38;5;3m[RouterExplorer] [39m[32mMapped {/api/v1/client-portal/requests, POST} route[39m[38;5;3m +0ms[39m
[32m[Nest] 3476  - [39m08/14/2026, 1:25:11 PM [32m    LOG[39m [38;5;3m[RoutesResolver] [39m[32mEmployeeDashboardController {/api/v1/employee/dashboard}:[39m[38;5;3m +1ms[39m
[32m[Nest] 3476  - [39m08/14/2026, 1:25:11 PM [32m    LOG[39m [38;5;3m[RouterExplorer] [39m[32mMapped {/api/v1/employee/dashboard, GET} route[39m[38;5;3m +0ms[39m
[32m[Nest] 3476  - [39m08/14/2026, 1:25:11 PM [32m    LOG[39m [38;5;3m[RoutesResolver] [39m[32mEmployeeDocumentsController {/api/v1/employee/documents}:[39m[38;5;3m +0ms[39m
[32m[Nest] 3476  - [39m08/14/2026, 1:25:11 PM [32m    LOG[39m [38;5;3m[RouterExplorer] [39m[32mMapped {/api/v1/employee/documents/options, GET} route[39m[38;5;3m +0ms[39m
[32m[Nest] 3476  - [39m08/14/2026, 1:25:11 PM [32m    LOG[39m [38;5;3m[RouterExplorer] [39m[32mMapped {/api/v1/employee/documents, GET} route[39m[38;5;3m +0ms[39m
[32m[Nest] 3476  - [39m08/14/2026, 1:25:11 PM [32m    LOG[39m [38;5;3m[RouterExplorer] [39m[32mMapped {/api/v1/employee/documents, POST} route[39m[38;5;3m +0ms[39m
[32m[Nest] 3476  - [39m08/14/2026, 1:25:11 PM [32m    LOG[39m [38;5;3m[RouterExplorer] [39m[32mMapped {/api/v1/employee/documents/upload-url, POST} route[39m[38;5;3m +0ms[39m
[32m[Nest] 3476  - [39m08/14/2026, 1:25:11 PM [32m    LOG[39m [38;5;3m[RouterExplorer] [39m[32mMapped {/api/v1/employee/documents/:documentId/download, GET} route[39m[38;5;3m +0ms[39m
[32m[Nest] 3476  - [39m08/14/2026, 1:25:11 PM [32m    LOG[39m [38;5;3m[RoutesResolver] [39m[32mEmployeeManagerController {/api/v1/employee/manager}:[39m[38;5;3m +0ms[39m
[32m[Nest] 3476  - [39m08/14/2026, 1:25:11 PM [32m    LOG[39m [38;5;3m[RouterExplorer] [39m[32mMapped {/api/v1/employee/manager/clients, GET} route[39m[38;5;3m +0ms[39m
[32m[Nest] 3476  - [39m08/14/2026, 1:25:11 PM [32m    LOG[39m [38;5;3m[RouterExplorer] [39m[32mMapped {/api/v1/employee/manager/task-options, GET} route[39m[38;5;3m +0ms[39m
[32m[Nest] 3476  - [39m08/14/2026, 1:25:11 PM [32m    LOG[39m [38;5;3m[RouterExplorer] [39m[32mMapped {/api/v1/employee/manager/reviews, GET} route[39m[38;5;3m +0ms[39m
[32m[Nest] 3476  - [39m08/14/2026, 1:25:11 PM [32m    LOG[39m [38;5;3m[RouterExplorer] [39m[32mMapped {/api/v1/employee/manager/tasks, POST} route[39m[38;5;3m +0ms[39m
[32m[Nest] 3476  - [39m08/14/2026, 1:25:11 PM [32m    LOG[39m [38;5;3m[RouterExplorer] [39m[32mMapped {/api/v1/employee/manager/reviews/:taskId, POST} route[39m[38;5;3m +1ms[39m
[32m[Nest] 3476  - [39m08/14/2026, 1:25:11 PM [32m    LOG[39m [38;5;3m[RoutesResolver] [39m[32mEmployeeNotificationsController {/api/v1/employee/notifications}:[39m[38;5;3m +0ms[39m
[32m[Nest] 3476  - [39m08/14/2026, 1:25:11 PM [32m    LOG[39m [38;5;3m[RouterExplorer] [39m[32mMapped {/api/v1/employee/notifications, GET} route[39m[38;5;3m +0ms[39m
[32m[Nest] 3476  - [39m08/14/2026, 1:25:11 PM [32m    LOG[39m [38;5;3m[RouterExplorer] [39m[32mMapped {/api/v1/employee/notifications/unread-count, GET} route[39m[38;5;3m +0ms[39m
[32m[Nest] 3476  - [39m08/14/2026, 1:25:11 PM [32m    LOG[39m [38;5;3m[RouterExplorer] [39m[32mMapped {/api/v1/employee/notifications/:notificationId/read, PATCH} route[39m[38;5;3m +0ms[39m
[32m[Nest] 3476  - [39m08/14/2026, 1:25:11 PM [32m    LOG[39m [38;5;3m[RouterExplorer] [39m[32mMapped {/api/v1/employee/notifications/read-all, PATCH} route[39m[38;5;3m +0ms[39m
[32m[Nest] 3476  - [39m08/14/2026, 1:25:11 PM [32m    LOG[39m [38;5;3m[RoutesResolver] [39m[32mEmployeeProfileController {/api/v1/employee/profile}:[39m[38;5;3m +0ms[39m
[32m[Nest] 3476  - [39m08/14/2026, 1:25:11 PM [32m    LOG[39m [38;5;3m[RouterExplorer] [39m[32mMapped {/api/v1/employee/profile, GET} route[39m[38;5;3m +0ms[39m
[32m[Nest] 3476  - [39m08/14/2026, 1:25:11 PM [32m    LOG[39m [38;5;3m[RoutesResolver] [39m[32mEmployeeTasksController {/api/v1/employee}:[39m[38;5;3m +0ms[39m
[32m[Nest] 3476  - [39m08/14/2026, 1:25:11 PM [32m    LOG[39m [38;5;3m[RouterExplorer] [39m[32mMapped {/api/v1/employee/tasks, GET} route[39m[38;5;3m +0ms[39m
[32m[Nest] 3476  - [39m08/14/2026, 1:25:11 PM [32m    LOG[39m [38;5;3m[RouterExplorer] [39m[32mMapped {/api/v1/employee/work-logs, GET} route[39m[38;5;3m +0ms[39m
[32m[Nest] 3476  - [39m08/14/2026, 1:25:11 PM [32m    LOG[39m [38;5;3m[RouterExplorer] [39m[32mMapped {/api/v1/employee/tasks/:taskId/start, POST} route[39m[38;5;3m +0ms[39m
[32m[Nest] 3476  - [39m08/14/2026, 1:25:11 PM [32m    LOG[39m [38;5;3m[RouterExplorer] [39m[32mMapped {/api/v1/employee/tasks/:taskId/pause, POST} route[39m[38;5;3m +0ms[39m
[32m[Nest] 3476  - [39m08/14/2026, 1:25:11 PM [32m    LOG[39m [38;5;3m[RouterExplorer] [39m[32mMapped {/api/v1/employee/tasks/:taskId/resume, POST} route[39m[38;5;3m +1ms[39m
[32m[Nest] 3476  - [39m08/14/2026, 1:25:11 PM [32m    LOG[39m [38;5;3m[RouterExplorer] [39m[32mMapped {/api/v1/employee/tasks/:taskId/submit, POST} route[39m[38;5;3m +0ms[39m
[32m[Nest] 3476  - [39m08/14/2026, 1:25:11 PM [32m    LOG[39m [38;5;3m[RoutesResolver] [39m[32mTenantAdminDashboardController {/api/v1/tenant-admin/dashboard}:[39m[38;5;3m +0ms[39m
[32m[Nest] 3476  - [39m08/14/2026, 1:25:11 PM [32m    LOG[39m [38;5;3m[RouterExplorer] [39m[32mMapped {/api/v1/tenant-admin/dashboard, GET} route[39m[38;5;3m +0ms[39m
[32m[Nest] 3476  - [39m08/14/2026, 1:25:11 PM [32m    LOG[39m [38;5;3m[RouterExplorer] [39m[32mMapped {/api/v1/tenant-admin/dashboard/profile, GET} route[39m[38;5;3m +0ms[39m
[32m[Nest] 3476  - [39m08/14/2026, 1:25:11 PM [32m    LOG[39m [38;5;3m[RouterExplorer] [39m[32mMapped {/api/v1/tenant-admin/dashboard/profile, PATCH} route[39m[38;5;3m +0ms[39m
[32m[Nest] 3476  - [39m08/14/2026, 1:25:11 PM [32m    LOG[39m [38;5;3m[RoutesResolver] [39m[32mTenantAdminClientsController {/api/v1/tenant-admin/clients}:[39m[38;5;3m +0ms[39m
[32m[Nest] 3476  - [39m08/14/2026, 1:25:11 PM [32m    LOG[39m [38;5;3m[RouterExplorer] [39m[32mMapped {/api/v1/tenant-admin/clients, GET} route[39m[38;5;3m +0ms[39m
[32m[Nest] 3476  - [39m08/14/2026, 1:25:11 PM [32m    LOG[39m [38;5;3m[RouterExplorer] [39m[32mMapped {/api/v1/tenant-admin/clients, POST} route[39m[38;5;3m +0ms[39m
[32m[Nest] 3476  - [39m08/14/2026, 1:25:11 PM [32m    LOG[39m [38;5;3m[RouterExplorer] [39m[32mMapped {/api/v1/tenant-admin/clients/:clientRef, GET} route[39m[38;5;3m +0ms[39m
[32m[Nest] 3476  - [39m08/14/2026, 1:25:11 PM [32m    LOG[39m [38;5;3m[RouterExplorer] [39m[32mMapped {/api/v1/tenant-admin/clients/:clientRef, DELETE} route[39m[38;5;3m +0ms[39m
[32m[Nest] 3476  - [39m08/14/2026, 1:25:11 PM [32m    LOG[39m [38;5;3m[RouterExplorer] [39m[32mMapped {/api/v1/tenant-admin/clients/:clientRef/contacts, POST} route[39m[38;5;3m +0ms[39m
[32m[Nest] 3476  - [39m08/14/2026, 1:25:11 PM [32m    LOG[39m [38;5;3m[RouterExplorer] [39m[32mMapped {/api/v1/tenant-admin/clients/:clientRef/contacts/:contactId, PATCH} route[39m[38;5;3m +0ms[39m
[32m[Nest] 3476  - [39m08/14/2026, 1:25:11 PM [32m    LOG[39m [38;5;3m[RoutesResolver] [39m[32mTenantAdminEmployeePerformanceController {/api/v1/tenant-admin/employee-performance}:[39m[38;5;3m +1ms[39m
[32m[Nest] 3476  - [39m08/14/2026, 1:25:11 PM [32m    LOG[39m [38;5;3m[RouterExplorer] [39m[32mMapped {/api/v1/tenant-admin/employee-performance, GET} route[39m[38;5;3m +0ms[39m
[32m[Nest] 3476  - [39m08/14/2026, 1:25:11 PM [32m    LOG[39m [38;5;3m[RouterExplorer] [39m[32mMapped {/api/v1/tenant-admin/employee-performance/:employeeId, GET} route[39m[38;5;3m +0ms[39m
[32m[Nest] 3476  - [39m08/14/2026, 1:25:11 PM [32m    LOG[39m [38;5;3m[RoutesResolver] [39m[32mTenantAdminFinanceController {/api/v1/tenant-admin/finance}:[39m[38;5;3m +0ms[39m
[32m[Nest] 3476  - [39m08/14/2026, 1:25:11 PM [32m    LOG[39m [38;5;3m[RouterExplorer] [39m[32mMapped {/api/v1/tenant-admin/finance/documents, GET} route[39m[38;5;3m +0ms[39m
[32m[Nest] 3476  - [39m08/14/2026, 1:25:11 PM [32m    LOG[39m [38;5;3m[RouterExplorer] [39m[32mMapped {/api/v1/tenant-admin/finance/documents, POST} route[39m[38;5;3m +0ms[39m
[32m[Nest] 3476  - [39m08/14/2026, 1:25:11 PM [32m    LOG[39m [38;5;3m[RouterExplorer] [39m[32mMapped {/api/v1/tenant-admin/finance/documents/upload-url, POST} route[39m[38;5;3m +0ms[39m
[32m[Nest] 3476  - [39m08/14/2026, 1:25:11 PM [32m    LOG[39m [38;5;3m[RouterExplorer] [39m[32mMapped {/api/v1/tenant-admin/finance/documents/:documentId/download, GET} route[39m[38;5;3m +0ms[39m
[32m[Nest] 3476  - [39m08/14/2026, 1:25:11 PM [32m    LOG[39m [38;5;3m[RouterExplorer] [39m[32mMapped {/api/v1/tenant-admin/finance/invoices, GET} route[39m[38;5;3m +0ms[39m
[32m[Nest] 3476  - [39m08/14/2026, 1:25:11 PM [32m    LOG[39m [38;5;3m[RouterExplorer] [39m[32mMapped {/api/v1/tenant-admin/finance/invoices, POST} route[39m[38;5;3m +0ms[39m
[32m[Nest] 3476  - [39m08/14/2026, 1:25:11 PM [32m    LOG[39m [38;5;3m[RouterExplorer] [39m[32mMapped {/api/v1/tenant-admin/finance/billable-tasks, GET} route[39m[38;5;3m +0ms[39m
[32m[Nest] 3476  - [39m08/14/2026, 1:25:11 PM [32m    LOG[39m [38;5;3m[RouterExplorer] [39m[32mMapped {/api/v1/tenant-admin/finance/invoices/from-task, POST} route[39m[38;5;3m +0ms[39m
[32m[Nest] 3476  - [39m08/14/2026, 1:25:11 PM [32m    LOG[39m [38;5;3m[RouterExplorer] [39m[32mMapped {/api/v1/tenant-admin/finance/invoices/:invoiceId/send, POST} route[39m[38;5;3m +0ms[39m
[32m[Nest] 3476  - [39m08/14/2026, 1:25:11 PM [32m    LOG[39m [38;5;3m[RoutesResolver] [39m[32mTenantAdminNotificationsController {/api/v1/tenant-admin/notifications}:[39m[38;5;3m +1ms[39m
[32m[Nest] 3476  - [39m08/14/2026, 1:25:11 PM [32m    LOG[39m [38;5;3m[RouterExplorer] [39m[32mMapped {/api/v1/tenant-admin/notifications, GET} route[39m[38;5;3m +0ms[39m
[32m[Nest] 3476  - [39m08/14/2026, 1:25:11 PM [32m    LOG[39m [38;5;3m[RouterExplorer] [39m[32mMapped {/api/v1/tenant-admin/notifications/unread-count, GET} route[39m[38;5;3m +0ms[39m
[32m[Nest] 3476  - [39m08/14/2026, 1:25:11 PM [32m    LOG[39m [38;5;3m[RouterExplorer] [39m[32mMapped {/api/v1/tenant-admin/notifications/:notificationId/read, PATCH} route[39m[38;5;3m +0ms[39m
[32m[Nest] 3476  - [39m08/14/2026, 1:25:11 PM [32m    LOG[39m [38;5;3m[RouterExplorer] [39m[32mMapped {/api/v1/tenant-admin/notifications/read-all, PATCH} route[39m[38;5;3m +0ms[39m
[32m[Nest] 3476  - [39m08/14/2026, 1:25:11 PM [32m    LOG[39m [38;5;3m[RoutesResolver] [39m[32mTenantAdminServicesController {/api/v1/tenant-admin/services}:[39m[38;5;3m +0ms[39m
[32m[Nest] 3476  - [39m08/14/2026, 1:25:11 PM [32m    LOG[39m [38;5;3m[RouterExplorer] [39m[32mMapped {/api/v1/tenant-admin/services, GET} route[39m[38;5;3m +0ms[39m
[32m[Nest] 3476  - [39m08/14/2026, 1:25:11 PM [32m    LOG[39m [38;5;3m[RouterExplorer] [39m[32mMapped {/api/v1/tenant-admin/services, POST} route[39m[38;5;3m +0ms[39m
[32m[Nest] 3476  - [39m08/14/2026, 1:25:11 PM [32m    LOG[39m [38;5;3m[RoutesResolver] [39m[32mTenantAdminTasksController {/api/v1/tenant-admin/tasks}:[39m[38;5;3m +0ms[39m
[32m[Nest] 3476  - [39m08/14/2026, 1:25:11 PM [32m    LOG[39m [38;5;3m[RouterExplorer] [39m[32mMapped {/api/v1/tenant-admin/tasks/options, GET} route[39m[38;5;3m +0ms[39m
[32m[Nest] 3476  - [39m08/14/2026, 1:25:11 PM [32m    LOG[39m [38;5;3m[RouterExplorer] [39m[32mMapped {/api/v1/tenant-admin/tasks, GET} route[39m[38;5;3m +1ms[39m
[32m[Nest] 3476  - [39m08/14/2026, 1:25:11 PM [32m    LOG[39m [38;5;3m[RouterExplorer] [39m[32mMapped {/api/v1/tenant-admin/tasks, POST} route[39m[38;5;3m +0ms[39m
[32m[Nest] 3476  - [39m08/14/2026, 1:25:11 PM [32m    LOG[39m [38;5;3m[RouterExplorer] [39m[32mMapped {/api/v1/tenant-admin/tasks/:taskId/approval, POST} route[39m[38;5;3m +0ms[39m
[32m[Nest] 3476  - [39m08/14/2026, 1:25:11 PM [32m    LOG[39m [38;5;3m[RouterExplorer] [39m[32mMapped {/api/v1/tenant-admin/tasks/employees, POST} route[39m[38;5;3m +0ms[39m
[32m[Nest] 3476  - [39m08/14/2026, 1:25:11 PM [32m    LOG[39m [38;5;3m[RouterExplorer] [39m[32mMapped {/api/v1/tenant-admin/tasks/employees/email-availability, GET} route[39m[38;5;3m +0ms[39m
[32m[Nest] 3476  - [39m08/14/2026, 1:25:11 PM [32m    LOG[39m [38;5;3m[RouterExplorer] [39m[32mMapped {/api/v1/tenant-admin/tasks/employees, GET} route[39m[38;5;3m +0ms[39m
[32m[Nest] 3476  - [39m08/14/2026, 1:25:11 PM [32m    LOG[39m [38;5;3m[RouterExplorer] [39m[32mMapped {/api/v1/tenant-admin/tasks/departments, GET} route[39m[38;5;3m +0ms[39m
[32m[Nest] 3476  - [39m08/14/2026, 1:25:11 PM [32m    LOG[39m [38;5;3m[RouterExplorer] [39m[32mMapped {/api/v1/tenant-admin/tasks/departments, POST} route[39m[38;5;3m +0ms[39m
[32m[Nest] 3476  - [39m08/14/2026, 1:25:11 PM [32m    LOG[39m [38;5;3m[RouterExplorer] [39m[32mMapped {/api/v1/tenant-admin/tasks/employees/:employeeId/assignment, PATCH} route[39m[38;5;3m +0ms[39m
[32m[Nest] 3476  - [39m08/14/2026, 1:25:11 PM [32m    LOG[39m [38;5;3m[RouterExplorer] [39m[32mMapped {/api/v1/tenant-admin/tasks/employees/:employeeId/manager, PATCH} route[39m[38;5;3m +0ms[39m
[32m[Nest] 3476  - [39m08/14/2026, 1:25:11 PM [32m    LOG[39m [38;5;3m[RouterExplorer] [39m[32mMapped {/api/v1/tenant-admin/tasks/employees/:employeeId/manager, DELETE} route[39m[38;5;3m +1ms[39m
[32m[Nest] 3476  - [39m08/14/2026, 1:25:11 PM [32m    LOG[39m [38;5;3m[RouterExplorer] [39m[32mMapped {/api/v1/tenant-admin/tasks/employees/:employeeId/capacity, PATCH} route[39m[38;5;3m +0ms[39m
[32m[Nest] 3476  - [39m08/14/2026, 1:25:11 PM [32m    LOG[39m [38;5;3m[RouterExplorer] [39m[32mMapped {/api/v1/tenant-admin/tasks/work-groups, GET} route[39m[38;5;3m +0ms[39m
[32m[Nest] 3476  - [39m08/14/2026, 1:25:11 PM [32m    LOG[39m [38;5;3m[RouterExplorer] [39m[32mMapped {/api/v1/tenant-admin/tasks/work-groups, POST} route[39m[38;5;3m +0ms[39m
[32m[Nest] 3476  - [39m08/14/2026, 1:25:11 PM [32m    LOG[39m [38;5;3m[RouterExplorer] [39m[32mMapped {/api/v1/tenant-admin/tasks/work-groups/:workGroupId, PATCH} route[39m[38;5;3m +1ms[39m
[32m[Nest] 3476  - [39m08/14/2026, 1:25:11 PM [32m    LOG[39m [38;5;3m[RoutesResolver] [39m[32mTenantAnalyticsController {/api/v1/super-admin/tenant-analytics}:[39m[38;5;3m +0ms[39m
[32m[Nest] 3476  - [39m08/14/2026, 1:25:11 PM [32m    LOG[39m [38;5;3m[RouterExplorer] [39m[32mMapped {/api/v1/super-admin/tenant-analytics, GET} route[39m[38;5;3m +0ms[39m
[32m[Nest] 3476  - [39m08/14/2026, 1:25:11 PM [32m    LOG[39m [38;5;3m[TaskNotificationOutboxWorker] [39m[32m[Notifications] Task notification worker is running. It checks committed notifications every 500ms.[39m
[32m[Nest] 3476  - [39m08/14/2026, 1:25:11 PM [32m    LOG[39m [38;5;3m[NestApplication] [39m[32mNest application successfully started[39m[38;5;3m +0ms[39m
1:29:23 PM [tsx] change in ./src\platform\employee-documents.repository.ts Restarting...
1:29:23 PM [tsx] change in ./src\platform\tenant-admin-finance.repository.ts Restarting...
{"level":30,"time":1786694369971,"service":"SaaS App Backend","environment":"development","msg":"Server listening at http://127.0.0.1:4000"}
[32m[Nest] 15720  - [39m08/14/2026, 1:29:29 PM [32m    LOG[39m [38;5;3m[NestFactory] [39m[32mStarting Nest application...[39m
[32m[Nest] 15720  - [39m08/14/2026, 1:29:29 PM [32m    LOG[39m [38;5;3m[InstanceLoader] [39m[32mAppConfigModule dependencies initialized[39m[38;5;3m +3ms[39m
[32m[Nest] 15720  - [39m08/14/2026, 1:29:29 PM [32m    LOG[39m [38;5;3m[InstanceLoader] [39m[32mAppConfigModule dependencies initialized[39m[38;5;3m +1ms[39m
[32m[Nest] 15720  - [39m08/14/2026, 1:29:29 PM [32m    LOG[39m [38;5;3m[InstanceLoader] [39m[32mCommonModule dependencies initialized[39m[38;5;3m +0ms[39m
[32m[Nest] 15720  - [39m08/14/2026, 1:29:29 PM [32m    LOG[39m [38;5;3m[InstanceLoader] [39m[32mAppModule dependencies initialized[39m[38;5;3m +0ms[39m
[32m[Nest] 15720  - [39m08/14/2026, 1:29:29 PM [32m    LOG[39m [38;5;3m[InstanceLoader] [39m[32mDatabaseModule dependencies initialized[39m[38;5;3m +0ms[39m
[32m[Nest] 15720  - [39m08/14/2026, 1:29:29 PM [32m    LOG[39m [38;5;3m[InstanceLoader] [39m[32mHealthModule dependencies initialized[39m[38;5;3m +1ms[39m
[32m[Nest] 15720  - [39m08/14/2026, 1:29:29 PM [32m    LOG[39m [38;5;3m[InstanceLoader] [39m[32mAuthModule dependencies initialized[39m[38;5;3m +0ms[39m
[32m[Nest] 15720  - [39m08/14/2026, 1:29:29 PM [32m    LOG[39m [38;5;3m[InstanceLoader] [39m[32mPlatformModule dependencies initialized[39m[38;5;3m +0ms[39m
[32m[Nest] 15720  - [39m08/14/2026, 1:29:29 PM [32m    LOG[39m [38;5;3m[RoutesResolver] [39m[32mHealthController {/api/v1/health}:[39m[38;5;3m +1ms[39m
[32m[Nest] 15720  - [39m08/14/2026, 1:29:29 PM [32m    LOG[39m [38;5;3m[RouterExplorer] [39m[32mMapped {/api/v1/health/live, GET} route[39m[38;5;3m +0ms[39m
[32m[Nest] 15720  - [39m08/14/2026, 1:29:29 PM [32m    LOG[39m [38;5;3m[RouterExplorer] [39m[32mMapped {/api/v1/health/ready, GET} route[39m[38;5;3m +1ms[39m
[32m[Nest] 15720  - [39m08/14/2026, 1:29:29 PM [32m    LOG[39m [38;5;3m[RoutesResolver] [39m[32mMeController {/api/v1/me}:[39m[38;5;3m +0ms[39m
[32m[Nest] 15720  - [39m08/14/2026, 1:29:29 PM [32m    LOG[39m [38;5;3m[RouterExplorer] [39m[32mMapped {/api/v1/me, GET} route[39m[38;5;3m +0ms[39m
[32m[Nest] 15720  - [39m08/14/2026, 1:29:29 PM [32m    LOG[39m [38;5;3m[RouterExplorer] [39m[32mMapped {/api/v1/me/profile, PATCH} route[39m[38;5;3m +0ms[39m
[32m[Nest] 15720  - [39m08/14/2026, 1:29:29 PM [32m    LOG[39m [38;5;3m[RouterExplorer] [39m[32mMapped {/api/v1/me/preferences, PATCH} route[39m[38;5;3m +1ms[39m
[32m[Nest] 15720  - [39m08/14/2026, 1:29:29 PM [32m    LOG[39m [38;5;3m[RoutesResolver] [39m[32mAccessAdminController {/api/v1}:[39m[38;5;3m +0ms[39m
[32m[Nest] 15720  - [39m08/14/2026, 1:29:29 PM [32m    LOG[39m [38;5;3m[RouterExplorer] [39m[32mMapped {/api/v1/super-admin/tenant-creation-options, GET} route[39m[38;5;3m +0ms[39m
[32m[Nest] 15720  - [39m08/14/2026, 1:29:29 PM [32m    LOG[39m [38;5;3m[RouterExplorer] [39m[32mMapped {/api/v1/super-admin/tenants, GET} route[39m[38;5;3m +1ms[39m
[32m[Nest] 15720  - [39m08/14/2026, 1:29:29 PM [32m    LOG[39m [38;5;3m[RouterExplorer] [39m[32mMapped {/api/v1/super-admin/users/email-availability, GET} route[39m[38;5;3m +0ms[39m
[32m[Nest] 15720  - [39m08/14/2026, 1:29:29 PM [32m    LOG[39m [38;5;3m[RouterExplorer] [39m[32mMapped {/api/v1/super-admin/tenant-list-filters, GET} route[39m[38;5;3m +0ms[39m
[32m[Nest] 15720  - [39m08/14/2026, 1:29:29 PM [32m    LOG[39m [38;5;3m[RouterExplorer] [39m[32mMapped {/api/v1/super-admin/tenants/:tenantId, GET} route[39m[38;5;3m +0ms[39m
[32m[Nest] 15720  - [39m08/14/2026, 1:29:29 PM [32m    LOG[39m [38;5;3m[RouterExplorer] [39m[32mMapped {/api/v1/super-admin/tenants/:tenantId/status, PATCH} route[39m[38;5;3m +1ms[39m
[32m[Nest] 15720  - [39m08/14/2026, 1:29:29 PM [32m    LOG[39m [38;5;3m[RouterExplorer] [39m[32mMapped {/api/v1/super-admin/tenants/:tenantId/password, POST} route[39m[38;5;3m +0ms[39m
[32m[Nest] 15720  - [39m08/14/2026, 1:29:29 PM [32m    LOG[39m [38;5;3m[RouterExplorer] [39m[32mMapped {/api/v1/super-admin/tenants, POST} route[39m[38;5;3m +0ms[39m
[32m[Nest] 15720  - [39m08/14/2026, 1:29:29 PM [32m    LOG[39m [38;5;3m[RouterExplorer] [39m[32mMapped {/api/v1/invitations, POST} route[39m[38;5;3m +0ms[39m
[32m[Nest] 15720  - [39m08/14/2026, 1:29:29 PM [32m    LOG[39m [38;5;3m[RouterExplorer] [39m[32mMapped {/api/v1/invitations/:invitationId/cancel, POST} route[39m[38;5;3m +1ms[39m
[32m[Nest] 15720  - [39m08/14/2026, 1:29:29 PM [32m    LOG[39m [38;5;3m[RouterExplorer] [39m[32mMapped {/api/v1/invitations/:invitationId/revoke, POST} route[39m[38;5;3m +0ms[39m
[32m[Nest] 15720  - [39m08/14/2026, 1:29:29 PM [32m    LOG[39m [38;5;3m[RouterExplorer] [39m[32mMapped {/api/v1/invitations/:invitationId/accept, POST} route[39m[38;5;3m +0ms[39m
[32m[Nest] 15720  - [39m08/14/2026, 1:29:29 PM [32m    LOG[39m [38;5;3m[RouterExplorer] [39m[32mMapped {/api/v1/memberships/:membershipId/revoke, POST} route[39m[38;5;3m +0ms[39m
[32m[Nest] 15720  - [39m08/14/2026, 1:29:29 PM [32m    LOG[39m [38;5;3m[RouterExplorer] [39m[32mMapped {/api/v1/memberships/:membershipId/reactivate, POST} route[39m[38;5;3m +0ms[39m
[32m[Nest] 15720  - [39m08/14/2026, 1:29:29 PM [32m    LOG[39m [38;5;3m[RoutesResolver] [39m[32mPortalAuthController {/api/v1/auth}:[39m[38;5;3m +0ms[39m
[32m[Nest] 15720  - [39m08/14/2026, 1:29:29 PM [32m    LOG[39m [38;5;3m[RouterExplorer] [39m[32mMapped {/api/v1/auth/super-admin/login, POST} route[39m[38;5;3m +1ms[39m
[32m[Nest] 15720  - [39m08/14/2026, 1:29:29 PM [32m    LOG[39m [38;5;3m[RouterExplorer] [39m[32mMapped {/api/v1/auth/tenant/login, POST} route[39m[38;5;3m +0ms[39m
[32m[Nest] 15720  - [39m08/14/2026, 1:29:29 PM [32m    LOG[39m [38;5;3m[RouterExplorer] [39m[32mMapped {/api/v1/auth/employee/login, POST} route[39m[38;5;3m +0ms[39m
[32m[Nest] 15720  - [39m08/14/2026, 1:29:29 PM [32m    LOG[39m [38;5;3m[RouterExplorer] [39m[32mMapped {/api/v1/auth/client/login, POST} route[39m[38;5;3m +0ms[39m
[32m[Nest] 15720  - [39m08/14/2026, 1:29:29 PM [32m    LOG[39m [38;5;3m[RouterExplorer] [39m[32mMapped {/api/v1/auth/super-admin/session, GET} route[39m[38;5;3m +0ms[39m
[32m[Nest] 15720  - [39m08/14/2026, 1:29:29 PM [32m    LOG[39m [38;5;3m[RouterExplorer] [39m[32mMapped {/api/v1/auth/tenant/session, GET} route[39m[38;5;3m +0ms[39m
[32m[Nest] 15720  - [39m08/14/2026, 1:29:29 PM [32m    LOG[39m [38;5;3m[RouterExplorer] [39m[32mMapped {/api/v1/auth/employee/session, GET} route[39m[38;5;3m +0ms[39m
[32m[Nest] 15720  - [39m08/14/2026, 1:29:29 PM [32m    LOG[39m [38;5;3m[RouterExplorer] [39m[32mMapped {/api/v1/auth/client/session, GET} route[39m[38;5;3m +1ms[39m
[32m[Nest] 15720  - [39m08/14/2026, 1:29:29 PM [32m    LOG[39m [38;5;3m[RouterExplorer] [39m[32mMapped {/api/v1/auth/super-admin/logout, POST} route[39m[38;5;3m +0ms[39m
[32m[Nest] 15720  - [39m08/14/2026, 1:29:29 PM [32m    LOG[39m [38;5;3m[RouterExplorer] [39m[32mMapped {/api/v1/auth/tenant/logout, POST} route[39m[38;5;3m +0ms[39m
[32m[Nest] 15720  - [39m08/14/2026, 1:29:29 PM [32m    LOG[39m [38;5;3m[RouterExplorer] [39m[32mMapped {/api/v1/auth/employee/logout, POST} route[39m[38;5;3m +0ms[39m
[32m[Nest] 15720  - [39m08/14/2026, 1:29:29 PM [32m    LOG[39m [38;5;3m[RouterExplorer] [39m[32mMapped {/api/v1/auth/client/logout, POST} route[39m[38;5;3m +0ms[39m
[32m[Nest] 15720  - [39m08/14/2026, 1:29:29 PM [32m    LOG[39m [38;5;3m[RoutesResolver] [39m[32mSuperAdminAuditLogController {/api/v1/super-admin/audit-log}:[39m[38;5;3m +0ms[39m
[32m[Nest] 15720  - [39m08/14/2026, 1:29:29 PM [32m    LOG[39m [38;5;3m[RouterExplorer] [39m[32mMapped {/api/v1/super-admin/audit-log, GET} route[39m[38;5;3m +0ms[39m
[32m[Nest] 15720  - [39m08/14/2026, 1:29:29 PM [32m    LOG[39m [38;5;3m[RoutesResolver] [39m[32mSuperAdminDashboardController {/api/v1/super-admin}:[39m[38;5;3m +1ms[39m
[32m[Nest] 15720  - [39m08/14/2026, 1:29:29 PM [32m    LOG[39m [38;5;3m[RouterExplorer] [39m[32mMapped {/api/v1/super-admin/dashboard, GET} route[39m[38;5;3m +0ms[39m
[32m[Nest] 15720  - [39m08/14/2026, 1:29:29 PM [32m    LOG[39m [38;5;3m[RouterExplorer] [39m[32mMapped {/api/v1/super-admin/alerts/:alertId/view, PATCH} route[39m[38;5;3m +0ms[39m
[32m[Nest] 15720  - [39m08/14/2026, 1:29:29 PM [32m    LOG[39m [38;5;3m[RouterExplorer] [39m[32mMapped {/api/v1/super-admin/alerts/:alertId/reviews, POST} route[39m[38;5;3m +0ms[39m
[32m[Nest] 15720  - [39m08/14/2026, 1:29:29 PM [32m    LOG[39m [38;5;3m[RouterExplorer] [39m[32mMapped {/api/v1/super-admin/tenant-reviews/:reviewId, PATCH} route[39m[38;5;3m +1ms[39m
[32m[Nest] 15720  - [39m08/14/2026, 1:29:29 PM [32m    LOG[39m [38;5;3m[RoutesResolver] [39m[32mSuperAdminSearchController {/api/v1/super-admin}:[39m[38;5;3m +0ms[39m
[32m[Nest] 15720  - [39m08/14/2026, 1:29:29 PM [32m    LOG[39m [38;5;3m[RouterExplorer] [39m[32mMapped {/api/v1/super-admin/search, GET} route[39m[38;5;3m +0ms[39m
[32m[Nest] 15720  - [39m08/14/2026, 1:29:29 PM [32m    LOG[39m [38;5;3m[RoutesResolver] [39m[32mSuperAdminNotificationsController {/api/v1/super-admin/notifications}:[39m[38;5;3m +0ms[39m
[32m[Nest] 15720  - [39m08/14/2026, 1:29:29 PM [32m    LOG[39m [38;5;3m[RouterExplorer] [39m[32mMapped {/api/v1/super-admin/notifications, GET} route[39m[38;5;3m +0ms[39m
[32m[Nest] 15720  - [39m08/14/2026, 1:29:29 PM [32m    LOG[39m [38;5;3m[RouterExplorer] [39m[32mMapped {/api/v1/super-admin/notifications/unread-count, GET} route[39m[38;5;3m +1ms[39m
[32m[Nest] 15720  - [39m08/14/2026, 1:29:29 PM [32m    LOG[39m [38;5;3m[RouterExplorer] [39m[32mMapped {/api/v1/super-admin/notifications/:notificationId/read, PATCH} route[39m[38;5;3m +0ms[39m
[32m[Nest] 15720  - [39m08/14/2026, 1:29:29 PM [32m    LOG[39m [38;5;3m[RouterExplorer] [39m[32mMapped {/api/v1/super-admin/notifications/read-all, PATCH} route[39m[38;5;3m +0ms[39m
[32m[Nest] 15720  - [39m08/14/2026, 1:29:29 PM [32m    LOG[39m [38;5;3m[RoutesResolver] [39m[32mSuperAdminPlatformConfigurationController {/api/v1/super-admin/platform-configuration}:[39m[38;5;3m +0ms[39m
[32m[Nest] 15720  - [39m08/14/2026, 1:29:29 PM [32m    LOG[39m [38;5;3m[RouterExplorer] [39m[32mMapped {/api/v1/super-admin/platform-configuration, GET} route[39m[38;5;3m +0ms[39m
[32m[Nest] 15720  - [39m08/14/2026, 1:29:29 PM [32m    LOG[39m [38;5;3m[RouterExplorer] [39m[32mMapped {/api/v1/super-admin/platform-configuration, PATCH} route[39m[38;5;3m +0ms[39m
[32m[Nest] 15720  - [39m08/14/2026, 1:29:29 PM [32m    LOG[39m [38;5;3m[RoutesResolver] [39m[32mClientPortalDashboardController {/api/v1/client-portal/dashboard}:[39m[38;5;3m +1ms[39m
[32m[Nest] 15720  - [39m08/14/2026, 1:29:29 PM [32m    LOG[39m [38;5;3m[RouterExplorer] [39m[32mMapped {/api/v1/client-portal/dashboard, GET} route[39m[38;5;3m +0ms[39m
[32m[Nest] 15720  - [39m08/14/2026, 1:29:29 PM [32m    LOG[39m [38;5;3m[RoutesResolver] [39m[32mClientPortalDeliverablesController {/api/v1/client-portal/deliverables}:[39m[38;5;3m +0ms[39m
[32m[Nest] 15720  - [39m08/14/2026, 1:29:29 PM [32m    LOG[39m [38;5;3m[RouterExplorer] [39m[32mMapped {/api/v1/client-portal/deliverables, GET} route[39m[38;5;3m +0ms[39m
[32m[Nest] 15720  - [39m08/14/2026, 1:29:29 PM [32m    LOG[39m [38;5;3m[RouterExplorer] [39m[32mMapped {/api/v1/client-portal/deliverables/:documentId/decision, POST} route[39m[38;5;3m +0ms[39m
[32m[Nest] 15720  - [39m08/14/2026, 1:29:29 PM [32m    LOG[39m [38;5;3m[RouterExplorer] [39m[32mMapped {/api/v1/client-portal/deliverables/:documentId/download, GET} route[39m[38;5;3m +0ms[39m
[32m[Nest] 15720  - [39m08/14/2026, 1:29:29 PM [32m    LOG[39m [38;5;3m[RoutesResolver] [39m[32mClientPortalNotificationsController {/api/v1/client-portal/notifications}:[39m[38;5;3m +1ms[39m
[32m[Nest] 15720  - [39m08/14/2026, 1:29:29 PM [32m    LOG[39m [38;5;3m[RouterExplorer] [39m[32mMapped {/api/v1/client-portal/notifications, GET} route[39m[38;5;3m +0ms[39m
[32m[Nest] 15720  - [39m08/14/2026, 1:29:29 PM [32m    LOG[39m [38;5;3m[RoutesResolver] [39m[32mClientPortalProfileController {/api/v1/client-portal/profile}:[39m[38;5;3m +0ms[39m
[32m[Nest] 15720  - [39m08/14/2026, 1:29:29 PM [32m    LOG[39m [38;5;3m[RouterExplorer] [39m[32mMapped {/api/v1/client-portal/profile, GET} route[39m[38;5;3m +0ms[39m
[32m[Nest] 15720  - [39m08/14/2026, 1:29:29 PM [32m    LOG[39m [38;5;3m[RouterExplorer] [39m[32mMapped {/api/v1/client-portal/profile, PATCH} route[39m[38;5;3m +0ms[39m
[32m[Nest] 15720  - [39m08/14/2026, 1:29:29 PM [32m    LOG[39m [38;5;3m[RoutesResolver] [39m[32mClientPortalRequestsController {/api/v1/client-portal/requests}:[39m[38;5;3m +0ms[39m
[32m[Nest] 15720  - [39m08/14/2026, 1:29:29 PM [32m    LOG[39m [38;5;3m[RouterExplorer] [39m[32mMapped {/api/v1/client-portal/requests/options, GET} route[39m[38;5;3m +1ms[39m
[32m[Nest] 15720  - [39m08/14/2026, 1:29:29 PM [32m    LOG[39m [38;5;3m[RouterExplorer] [39m[32mMapped {/api/v1/client-portal/requests, POST} route[39m[38;5;3m +0ms[39m
[32m[Nest] 15720  - [39m08/14/2026, 1:29:29 PM [32m    LOG[39m [38;5;3m[RoutesResolver] [39m[32mEmployeeDashboardController {/api/v1/employee/dashboard}:[39m[38;5;3m +0ms[39m
[32m[Nest] 15720  - [39m08/14/2026, 1:29:29 PM [32m    LOG[39m [38;5;3m[RouterExplorer] [39m[32mMapped {/api/v1/employee/dashboard, GET} route[39m[38;5;3m +0ms[39m
[32m[Nest] 15720  - [39m08/14/2026, 1:29:29 PM [32m    LOG[39m [38;5;3m[RoutesResolver] [39m[32mEmployeeDocumentsController {/api/v1/employee/documents}:[39m[38;5;3m +0ms[39m
[32m[Nest] 15720  - [39m08/14/2026, 1:29:29 PM [32m    LOG[39m [38;5;3m[RouterExplorer] [39m[32mMapped {/api/v1/employee/documents/options, GET} route[39m[38;5;3m +0ms[39m
[32m[Nest] 15720  - [39m08/14/2026, 1:29:29 PM [32m    LOG[39m [38;5;3m[RouterExplorer] [39m[32mMapped {/api/v1/employee/documents, GET} route[39m[38;5;3m +1ms[39m
[32m[Nest] 15720  - [39m08/14/2026, 1:29:29 PM [32m    LOG[39m [38;5;3m[RouterExplorer] [39m[32mMapped {/api/v1/employee/documents, POST} route[39m[38;5;3m +0ms[39m
[32m[Nest] 15720  - [39m08/14/2026, 1:29:29 PM [32m    LOG[39m [38;5;3m[RouterExplorer] [39m[32mMapped {/api/v1/employee/documents/upload-url, POST} route[39m[38;5;3m +0ms[39m
[32m[Nest] 15720  - [39m08/14/2026, 1:29:29 PM [32m    LOG[39m [38;5;3m[RouterExplorer] [39m[32mMapped {/api/v1/employee/documents/:documentId/download, GET} route[39m[38;5;3m +0ms[39m
[32m[Nest] 15720  - [39m08/14/2026, 1:29:29 PM [32m    LOG[39m [38;5;3m[RoutesResolver] [39m[32mEmployeeManagerController {/api/v1/employee/manager}:[39m[38;5;3m +0ms[39m
[32m[Nest] 15720  - [39m08/14/2026, 1:29:29 PM [32m    LOG[39m [38;5;3m[RouterExplorer] [39m[32mMapped {/api/v1/employee/manager/clients, GET} route[39m[38;5;3m +0ms[39m
[32m[Nest] 15720  - [39m08/14/2026, 1:29:29 PM [32m    LOG[39m [38;5;3m[RouterExplorer] [39m[32mMapped {/api/v1/employee/manager/task-options, GET} route[39m[38;5;3m +0ms[39m
[32m[Nest] 15720  - [39m08/14/2026, 1:29:29 PM [32m    LOG[39m [38;5;3m[RouterExplorer] [39m[32mMapped {/api/v1/employee/manager/reviews, GET} route[39m[38;5;3m +1ms[39m
[32m[Nest] 15720  - [39m08/14/2026, 1:29:29 PM [32m    LOG[39m [38;5;3m[RouterExplorer] [39m[32mMapped {/api/v1/employee/manager/tasks, POST} route[39m[38;5;3m +0ms[39m
[32m[Nest] 15720  - [39m08/14/2026, 1:29:29 PM [32m    LOG[39m [38;5;3m[RouterExplorer] [39m[32mMapped {/api/v1/employee/manager/reviews/:taskId, POST} route[39m[38;5;3m +0ms[39m
[32m[Nest] 15720  - [39m08/14/2026, 1:29:29 PM [32m    LOG[39m [38;5;3m[RoutesResolver] [39m[32mEmployeeNotificationsController {/api/v1/employee/notifications}:[39m[38;5;3m +0ms[39m
[32m[Nest] 15720  - [39m08/14/2026, 1:29:29 PM [32m    LOG[39m [38;5;3m[RouterExplorer] [39m[32mMapped {/api/v1/employee/notifications, GET} route[39m[38;5;3m +1ms[39m
[32m[Nest] 15720  - [39m08/14/2026, 1:29:29 PM [32m    LOG[39m [38;5;3m[RouterExplorer] [39m[32mMapped {/api/v1/employee/notifications/unread-count, GET} route[39m[38;5;3m +0ms[39m
[32m[Nest] 15720  - [39m08/14/2026, 1:29:29 PM [32m    LOG[39m [38;5;3m[RouterExplorer] [39m[32mMapped {/api/v1/employee/notifications/:notificationId/read, PATCH} route[39m[38;5;3m +1ms[39m
[32m[Nest] 15720  - [39m08/14/2026, 1:29:29 PM [32m    LOG[39m [38;5;3m[RouterExplorer] [39m[32mMapped {/api/v1/employee/notifications/read-all, PATCH} route[39m[38;5;3m +0ms[39m
[32m[Nest] 15720  - [39m08/14/2026, 1:29:29 PM [32m    LOG[39m [38;5;3m[RoutesResolver] [39m[32mEmployeeProfileController {/api/v1/employee/profile}:[39m[38;5;3m +0ms[39m
[32m[Nest] 15720  - [39m08/14/2026, 1:29:29 PM [32m    LOG[39m [38;5;3m[RouterExplorer] [39m[32mMapped {/api/v1/employee/profile, GET} route[39m[38;5;3m +1ms[39m
[32m[Nest] 15720  - [39m08/14/2026, 1:29:29 PM [32m    LOG[39m [38;5;3m[RoutesResolver] [39m[32mEmployeeTasksController {/api/v1/employee}:[39m[38;5;3m +0ms[39m
[32m[Nest] 15720  - [39m08/14/2026, 1:29:29 PM [32m    LOG[39m [38;5;3m[RouterExplorer] [39m[32mMapped {/api/v1/employee/tasks, GET} route[39m[38;5;3m +0ms[39m
[32m[Nest] 15720  - [39m08/14/2026, 1:29:29 PM [32m    LOG[39m [38;5;3m[RouterExplorer] [39m[32mMapped {/api/v1/employee/work-logs, GET} route[39m[38;5;3m +0ms[39m
[32m[Nest] 15720  - [39m08/14/2026, 1:29:29 PM [32m    LOG[39m [38;5;3m[RouterExplorer] [39m[32mMapped {/api/v1/employee/tasks/:taskId/start, POST} route[39m[38;5;3m +1ms[39m
[32m[Nest] 15720  - [39m08/14/2026, 1:29:29 PM [32m    LOG[39m [38;5;3m[RouterExplorer] [39m[32mMapped {/api/v1/employee/tasks/:taskId/pause, POST} route[39m[38;5;3m +0ms[39m
[32m[Nest] 15720  - [39m08/14/2026, 1:29:29 PM [32m    LOG[39m [38;5;3m[RouterExplorer] [39m[32mMapped {/api/v1/employee/tasks/:taskId/resume, POST} route[39m[38;5;3m +0ms[39m
[32m[Nest] 15720  - [39m08/14/2026, 1:29:29 PM [32m    LOG[39m [38;5;3m[RouterExplorer] [39m[32mMapped {/api/v1/employee/tasks/:taskId/submit, POST} route[39m[38;5;3m +0ms[39m
[32m[Nest] 15720  - [39m08/14/2026, 1:29:29 PM [32m    LOG[39m [38;5;3m[RoutesResolver] [39m[32mTenantAdminDashboardController {/api/v1/tenant-admin/dashboard}:[39m[38;5;3m +0ms[39m
[32m[Nest] 15720  - [39m08/14/2026, 1:29:29 PM [32m    LOG[39m [38;5;3m[RouterExplorer] [39m[32mMapped {/api/v1/tenant-admin/dashboard, GET} route[39m[38;5;3m +1ms[39m
[32m[Nest] 15720  - [39m08/14/2026, 1:29:29 PM [32m    LOG[39m [38;5;3m[RouterExplorer] [39m[32mMapped {/api/v1/tenant-admin/dashboard/profile, GET} route[39m[38;5;3m +0ms[39m
[32m[Nest] 15720  - [39m08/14/2026, 1:29:29 PM [32m    LOG[39m [38;5;3m[RouterExplorer] [39m[32mMapped {/api/v1/tenant-admin/dashboard/profile, PATCH} route[39m[38;5;3m +0ms[39m
[32m[Nest] 15720  - [39m08/14/2026, 1:29:29 PM [32m    LOG[39m [38;5;3m[RoutesResolver] [39m[32mTenantAdminClientsController {/api/v1/tenant-admin/clients}:[39m[38;5;3m +0ms[39m
[32m[Nest] 15720  - [39m08/14/2026, 1:29:29 PM [32m    LOG[39m [38;5;3m[RouterExplorer] [39m[32mMapped {/api/v1/tenant-admin/clients, GET} route[39m[38;5;3m +0ms[39m
[32m[Nest] 15720  - [39m08/14/2026, 1:29:29 PM [32m    LOG[39m [38;5;3m[RouterExplorer] [39m[32mMapped {/api/v1/tenant-admin/clients, POST} route[39m[38;5;3m +1ms[39m
[32m[Nest] 15720  - [39m08/14/2026, 1:29:29 PM [32m    LOG[39m [38;5;3m[RouterExplorer] [39m[32mMapped {/api/v1/tenant-admin/clients/:clientRef, GET} route[39m[38;5;3m +0ms[39m
[32m[Nest] 15720  - [39m08/14/2026, 1:29:29 PM [32m    LOG[39m [38;5;3m[RouterExplorer] [39m[32mMapped {/api/v1/tenant-admin/clients/:clientRef, DELETE} route[39m[38;5;3m +0ms[39m
[32m[Nest] 15720  - [39m08/14/2026, 1:29:29 PM [32m    LOG[39m [38;5;3m[RouterExplorer] [39m[32mMapped {/api/v1/tenant-admin/clients/:clientRef/contacts, POST} route[39m[38;5;3m +0ms[39m
[32m[Nest] 15720  - [39m08/14/2026, 1:29:29 PM [32m    LOG[39m [38;5;3m[RouterExplorer] [39m[32mMapped {/api/v1/tenant-admin/clients/:clientRef/contacts/:contactId, PATCH} route[39m[38;5;3m +0ms[39m
[32m[Nest] 15720  - [39m08/14/2026, 1:29:30 PM [32m    LOG[39m [38;5;3m[RoutesResolver] [39m[32mTenantAdminEmployeePerformanceController {/api/v1/tenant-admin/employee-performance}:[39m[38;5;3m +1ms[39m
[32m[Nest] 15720  - [39m08/14/2026, 1:29:30 PM [32m    LOG[39m [38;5;3m[RouterExplorer] [39m[32mMapped {/api/v1/tenant-admin/employee-performance, GET} route[39m[38;5;3m +0ms[39m
[32m[Nest] 15720  - [39m08/14/2026, 1:29:30 PM [32m    LOG[39m [38;5;3m[RouterExplorer] [39m[32mMapped {/api/v1/tenant-admin/employee-performance/:employeeId, GET} route[39m[38;5;3m +0ms[39m
[32m[Nest] 15720  - [39m08/14/2026, 1:29:30 PM [32m    LOG[39m [38;5;3m[RoutesResolver] [39m[32mTenantAdminFinanceController {/api/v1/tenant-admin/finance}:[39m[38;5;3m +0ms[39m
[32m[Nest] 15720  - [39m08/14/2026, 1:29:30 PM [32m    LOG[39m [38;5;3m[RouterExplorer] [39m[32mMapped {/api/v1/tenant-admin/finance/documents, GET} route[39m[38;5;3m +0ms[39m
[32m[Nest] 15720  - [39m08/14/2026, 1:29:30 PM [32m    LOG[39m [38;5;3m[RouterExplorer] [39m[32mMapped {/api/v1/tenant-admin/finance/documents, POST} route[39m[38;5;3m +0ms[39m
[32m[Nest] 15720  - [39m08/14/2026, 1:29:30 PM [32m    LOG[39m [38;5;3m[RouterExplorer] [39m[32mMapped {/api/v1/tenant-admin/finance/documents/upload-url, POST} route[39m[38;5;3m +1ms[39m
[32m[Nest] 15720  - [39m08/14/2026, 1:29:30 PM [32m    LOG[39m [38;5;3m[RouterExplorer] [39m[32mMapped {/api/v1/tenant-admin/finance/documents/:documentId/download, GET} route[39m[38;5;3m +0ms[39m
[32m[Nest] 15720  - [39m08/14/2026, 1:29:30 PM [32m    LOG[39m [38;5;3m[RouterExplorer] [39m[32mMapped {/api/v1/tenant-admin/finance/invoices, GET} route[39m[38;5;3m +0ms[39m
[32m[Nest] 15720  - [39m08/14/2026, 1:29:30 PM [32m    LOG[39m [38;5;3m[RouterExplorer] [39m[32mMapped {/api/v1/tenant-admin/finance/invoices, POST} route[39m[38;5;3m +0ms[39m
[32m[Nest] 15720  - [39m08/14/2026, 1:29:30 PM [32m    LOG[39m [38;5;3m[RouterExplorer] [39m[32mMapped {/api/v1/tenant-admin/finance/billable-tasks, GET} route[39m[38;5;3m +0ms[39m
[32m[Nest] 15720  - [39m08/14/2026, 1:29:30 PM [32m    LOG[39m [38;5;3m[RouterExplorer] [39m[32mMapped {/api/v1/tenant-admin/finance/invoices/from-task, POST} route[39m[38;5;3m +0ms[39m
[32m[Nest] 15720  - [39m08/14/2026, 1:29:30 PM [32m    LOG[39m [38;5;3m[RouterExplorer] [39m[32mMapped {/api/v1/tenant-admin/finance/invoices/:invoiceId/send, POST} route[39m[38;5;3m +1ms[39m
[32m[Nest] 15720  - [39m08/14/2026, 1:29:30 PM [32m    LOG[39m [38;5;3m[RoutesResolver] [39m[32mTenantAdminNotificationsController {/api/v1/tenant-admin/notifications}:[39m[38;5;3m +0ms[39m
[32m[Nest] 15720  - [39m08/14/2026, 1:29:30 PM [32m    LOG[39m [38;5;3m[RouterExplorer] [39m[32mMapped {/api/v1/tenant-admin/notifications, GET} route[39m[38;5;3m +0ms[39m
[32m[Nest] 15720  - [39m08/14/2026, 1:29:30 PM [32m    LOG[39m [38;5;3m[RouterExplorer] [39m[32mMapped {/api/v1/tenant-admin/notifications/unread-count, GET} route[39m[38;5;3m +0ms[39m
[32m[Nest] 15720  - [39m08/14/2026, 1:29:30 PM [32m    LOG[39m [38;5;3m[RouterExplorer] [39m[32mMapped {/api/v1/tenant-admin/notifications/:notificationId/read, PATCH} route[39m[38;5;3m +0ms[39m
[32m[Nest] 15720  - [39m08/14/2026, 1:29:30 PM [32m    LOG[39m [38;5;3m[RouterExplorer] [39m[32mMapped {/api/v1/tenant-admin/notifications/read-all, PATCH} route[39m[38;5;3m +0ms[39m
[32m[Nest] 15720  - [39m08/14/2026, 1:29:30 PM [32m    LOG[39m [38;5;3m[RoutesResolver] [39m[32mTenantAdminServicesController {/api/v1/tenant-admin/services}:[39m[38;5;3m +1ms[39m
[32m[Nest] 15720  - [39m08/14/2026, 1:29:30 PM [32m    LOG[39m [38;5;3m[RouterExplorer] [39m[32mMapped {/api/v1/tenant-admin/services, GET} route[39m[38;5;3m +0ms[39m
[32m[Nest] 15720  - [39m08/14/2026, 1:29:30 PM [32m    LOG[39m [38;5;3m[RouterExplorer] [39m[32mMapped {/api/v1/tenant-admin/services, POST} route[39m[38;5;3m +1ms[39m
[32m[Nest] 15720  - [39m08/14/2026, 1:29:30 PM [32m    LOG[39m [38;5;3m[RoutesResolver] [39m[32mTenantAdminTasksController {/api/v1/tenant-admin/tasks}:[39m[38;5;3m +0ms[39m
[32m[Nest] 15720  - [39m08/14/2026, 1:29:30 PM [32m    LOG[39m [38;5;3m[RouterExplorer] [39m[32mMapped {/api/v1/tenant-admin/tasks/options, GET} route[39m[38;5;3m +0ms[39m
[32m[Nest] 15720  - [39m08/14/2026, 1:29:30 PM [32m    LOG[39m [38;5;3m[RouterExplorer] [39m[32mMapped {/api/v1/tenant-admin/tasks, GET} route[39m[38;5;3m +1ms[39m
[32m[Nest] 15720  - [39m08/14/2026, 1:29:30 PM [32m    LOG[39m [38;5;3m[RouterExplorer] [39m[32mMapped {/api/v1/tenant-admin/tasks, POST} route[39m[38;5;3m +0ms[39m
[32m[Nest] 15720  - [39m08/14/2026, 1:29:30 PM [32m    LOG[39m [38;5;3m[RouterExplorer] [39m[32mMapped {/api/v1/tenant-admin/tasks/:taskId/approval, POST} route[39m[38;5;3m +0ms[39m
[32m[Nest] 15720  - [39m08/14/2026, 1:29:30 PM [32m    LOG[39m [38;5;3m[RouterExplorer] [39m[32mMapped {/api/v1/tenant-admin/tasks/employees, POST} route[39m[38;5;3m +1ms[39m
[32m[Nest] 15720  - [39m08/14/2026, 1:29:30 PM [32m    LOG[39m [38;5;3m[RouterExplorer] [39m[32mMapped {/api/v1/tenant-admin/tasks/employees/email-availability, GET} route[39m[38;5;3m +0ms[39m
[32m[Nest] 15720  - [39m08/14/2026, 1:29:30 PM [32m    LOG[39m [38;5;3m[RouterExplorer] [39m[32mMapped {/api/v1/tenant-admin/tasks/employees, GET} route[39m[38;5;3m +0ms[39m
[32m[Nest] 15720  - [39m08/14/2026, 1:29:30 PM [32m    LOG[39m [38;5;3m[RouterExplorer] [39m[32mMapped {/api/v1/tenant-admin/tasks/departments, GET} route[39m[38;5;3m +1ms[39m
[32m[Nest] 15720  - [39m08/14/2026, 1:29:30 PM [32m    LOG[39m [38;5;3m[RouterExplorer] [39m[32mMapped {/api/v1/tenant-admin/tasks/departments, POST} route[39m[38;5;3m +0ms[39m
[32m[Nest] 15720  - [39m08/14/2026, 1:29:30 PM [32m    LOG[39m [38;5;3m[RouterExplorer] [39m[32mMapped {/api/v1/tenant-admin/tasks/employees/:employeeId/assignment, PATCH} route[39m[38;5;3m +0ms[39m
[32m[Nest] 15720  - [39m08/14/2026, 1:29:30 PM [32m    LOG[39m [38;5;3m[RouterExplorer] [39m[32mMapped {/api/v1/tenant-admin/tasks/employees/:employeeId/manager, PATCH} route[39m[38;5;3m +0ms[39m
[32m[Nest] 15720  - [39m08/14/2026, 1:29:30 PM [32m    LOG[39m [38;5;3m[RouterExplorer] [39m[32mMapped {/api/v1/tenant-admin/tasks/employees/:employeeId/manager, DELETE} route[39m[38;5;3m +1ms[39m
[32m[Nest] 15720  - [39m08/14/2026, 1:29:30 PM [32m    LOG[39m [38;5;3m[RouterExplorer] [39m[32mMapped {/api/v1/tenant-admin/tasks/employees/:employeeId/capacity, PATCH} route[39m[38;5;3m +0ms[39m
[32m[Nest] 15720  - [39m08/14/2026, 1:29:30 PM [32m    LOG[39m [38;5;3m[RouterExplorer] [39m[32mMapped {/api/v1/tenant-admin/tasks/work-groups, GET} route[39m[38;5;3m +0ms[39m
[32m[Nest] 15720  - [39m08/14/2026, 1:29:30 PM [32m    LOG[39m [38;5;3m[RouterExplorer] [39m[32mMapped {/api/v1/tenant-admin/tasks/work-groups, POST} route[39m[38;5;3m +0ms[39m
[32m[Nest] 15720  - [39m08/14/2026, 1:29:30 PM [32m    LOG[39m [38;5;3m[RouterExplorer] [39m[32mMapped {/api/v1/tenant-admin/tasks/work-groups/:workGroupId, PATCH} route[39m[38;5;3m +1ms[39m
[32m[Nest] 15720  - [39m08/14/2026, 1:29:30 PM [32m    LOG[39m [38;5;3m[RoutesResolver] [39m[32mTenantAnalyticsController {/api/v1/super-admin/tenant-analytics}:[39m[38;5;3m +0ms[39m
[32m[Nest] 15720  - [39m08/14/2026, 1:29:30 PM [32m    LOG[39m [38;5;3m[RouterExplorer] [39m[32mMapped {/api/v1/super-admin/tenant-analytics, GET} route[39m[38;5;3m +0ms[39m
[32m[Nest] 15720  - [39m08/14/2026, 1:29:30 PM [32m    LOG[39m [38;5;3m[TaskNotificationOutboxWorker] [39m[32m[Notifications] Task notification worker is running. It checks committed notifications every 500ms.[39m
[32m[Nest] 15720  - [39m08/14/2026, 1:29:30 PM [32m    LOG[39m [38;5;3m[NestApplication] [39m[32mNest application successfully started[39m[38;5;3m +0ms[39m
{"level":30,"time":1786694369972,"service":"SaaS App Backend","environment":"development","msg":"Server listening at http://172.16.0.2:4000"}
{"level":30,"time":1786694369972,"service":"SaaS App Backend","environment":"development","msg":"Server listening at http://192.168.1.29:4000"}
{"level":30,"time":1786694893983,"service":"SaaS App Backend","environment":"development","reqId":"4b0a2b07-8ea4-4c11-9301-54bd095ea9e6","req":{"id":"4b0a2b07-8ea4-4c11-9301-54bd095ea9e6","method":"POST","url":"/api/v1/auth/tenant/login","route":"/api/v1/auth/tenant/login"},"msg":"incoming request"}
{"level":40,"time":1786694896425,"service":"SaaS App Backend","environment":"development","reqId":"4b0a2b07-8ea4-4c11-9301-54bd095ea9e6","msg":"[Performance] POST /api/v1/auth/tenant/login finished with 201 in 2428ms. Request ID: 4b0a2b07-8ea4-4c11-9301-54bd095ea9e6."}
{"level":30,"time":1786694896434,"service":"SaaS App Backend","environment":"development","reqId":"4b0a2b07-8ea4-4c11-9301-54bd095ea9e6","res":{"statusCode":201},"responseTime":2450.5095000000438,"msg":"request completed"}
{"level":30,"time":1786694896963,"service":"SaaS App Backend","environment":"development","reqId":"d4e40f29-e51b-4f49-ad80-8fd18c8ed98f","req":{"id":"d4e40f29-e51b-4f49-ad80-8fd18c8ed98f","method":"GET","url":"/api/v1/me","route":"/api/v1/me"},"msg":"incoming request"}
{"level":40,"time":1786694900816,"service":"SaaS App Backend","environment":"development","reqId":"d4e40f29-e51b-4f49-ad80-8fd18c8ed98f","msg":"[Performance] GET /api/v1/me finished with 200 in 2162ms. Request ID: d4e40f29-e51b-4f49-ad80-8fd18c8ed98f."}
{"level":30,"time":1786694900817,"service":"SaaS App Backend","environment":"development","reqId":"d4e40f29-e51b-4f49-ad80-8fd18c8ed98f","res":{"statusCode":200},"responseTime":3853.610500000068,"msg":"request completed"}
{"level":30,"time":1786694904395,"service":"SaaS App Backend","environment":"development","reqId":"03807241-e07f-476a-a836-a45050e38ce7","req":{"id":"03807241-e07f-476a-a836-a45050e38ce7","method":"GET","url":"/api/v1/me","route":"/api/v1/me"},"msg":"incoming request"}
{"level":30,"time":1786694904401,"service":"SaaS App Backend","environment":"development","reqId":"62ab9132-b1ed-4431-b475-e521dcc45958","req":{"id":"62ab9132-b1ed-4431-b475-e521dcc45958","method":"GET","url":"/api/v1/tenant-admin/dashboard/profile","route":"/api/v1/tenant-admin/dashboard/profile"},"msg":"incoming request"}
{"level":30,"time":1786694904403,"service":"SaaS App Backend","environment":"development","reqId":"32e23915-0908-4d84-beba-e168a51013d8","req":{"id":"32e23915-0908-4d84-beba-e168a51013d8","method":"GET","url":"/api/v1/tenant-admin/dashboard","route":"/api/v1/tenant-admin/dashboard"},"msg":"incoming request"}
{"level":30,"time":1786694904407,"service":"SaaS App Backend","environment":"development","reqId":"f89c8c9a-44c5-400c-bbef-14b03c880d89","req":{"id":"f89c8c9a-44c5-400c-bbef-14b03c880d89","method":"GET","url":"/api/v1/tenant-admin/notifications?status=ALL&limit=20","route":"/api/v1/tenant-admin/notifications"},"msg":"incoming request"}
{"level":40,"time":1786694907047,"service":"SaaS App Backend","environment":"development","reqId":"f89c8c9a-44c5-400c-bbef-14b03c880d89","msg":"[Performance] GET /api/v1/tenant-admin/notifications finished with 200 in 1791ms. Request ID: f89c8c9a-44c5-400c-bbef-14b03c880d89."}
{"level":30,"time":1786694907048,"service":"SaaS App Backend","environment":"development","reqId":"f89c8c9a-44c5-400c-bbef-14b03c880d89","res":{"statusCode":200},"responseTime":2641.376799999969,"msg":"request completed"}
{"level":40,"time":1786694907825,"service":"SaaS App Backend","environment":"development","reqId":"03807241-e07f-476a-a836-a45050e38ce7","msg":"[Performance] GET /api/v1/me finished with 200 in 2965ms. Request ID: 03807241-e07f-476a-a836-a45050e38ce7."}
{"level":30,"time":1786694907825,"service":"SaaS App Backend","environment":"development","reqId":"03807241-e07f-476a-a836-a45050e38ce7","res":{"statusCode":200},"responseTime":3430.181899999967,"msg":"request completed"}
{"level":40,"time":1786694907873,"service":"SaaS App Backend","environment":"development","reqId":"32e23915-0908-4d84-beba-e168a51013d8","msg":"[Performance] GET /api/v1/tenant-admin/dashboard finished with 200 in 2808ms. Request ID: 32e23915-0908-4d84-beba-e168a51013d8."}
{"level":30,"time":1786694907874,"service":"SaaS App Backend","environment":"development","reqId":"32e23915-0908-4d84-beba-e168a51013d8","res":{"statusCode":200},"responseTime":3470.4756999999518,"msg":"request completed"}
{"level":40,"time":1786694908709,"service":"SaaS App Backend","environment":"development","reqId":"62ab9132-b1ed-4431-b475-e521dcc45958","msg":"[Performance] GET /api/v1/tenant-admin/dashboard/profile finished with 200 in 1441ms. Request ID: 62ab9132-b1ed-4431-b475-e521dcc45958."}
{"level":30,"time":1786694908709,"service":"SaaS App Backend","environment":"development","reqId":"62ab9132-b1ed-4431-b475-e521dcc45958","res":{"statusCode":200},"responseTime":4308.5934000000125,"msg":"request completed"}
{"level":30,"time":1786694919628,"service":"SaaS App Backend","environment":"development","reqId":"681be25c-8467-4358-b440-b0f53678025b","req":{"id":"681be25c-8467-4358-b440-b0f53678025b","method":"GET","url":"/api/v1/me","route":"/api/v1/me"},"msg":"incoming request"}
{"level":40,"time":1786694922529,"service":"SaaS App Backend","environment":"development","reqId":"681be25c-8467-4358-b440-b0f53678025b","msg":"[Performance] GET /api/v1/me finished with 200 in 2282ms. Request ID: 681be25c-8467-4358-b440-b0f53678025b."}
{"level":30,"time":1786694922529,"service":"SaaS App Backend","environment":"development","reqId":"681be25c-8467-4358-b440-b0f53678025b","res":{"statusCode":200},"responseTime":2900.891799999983,"msg":"request completed"}
{"level":30,"time":1786694926142,"service":"SaaS App Backend","environment":"development","reqId":"77c8b34a-0078-48a2-9d9c-1ef2f4d433c3","req":{"id":"77c8b34a-0078-48a2-9d9c-1ef2f4d433c3","method":"GET","url":"/api/v1/tenant-admin/tasks/options","route":"/api/v1/tenant-admin/tasks/options"},"msg":"incoming request"}
{"level":30,"time":1786694926143,"service":"SaaS App Backend","environment":"development","reqId":"111fe5d2-4f6c-4337-abd3-adeb84d84d0b","req":{"id":"111fe5d2-4f6c-4337-abd3-adeb84d84d0b","method":"GET","url":"/api/v1/tenant-admin/finance/documents","route":"/api/v1/tenant-admin/finance/documents"},"msg":"incoming request"}
{"level":30,"time":1786694926146,"service":"SaaS App Backend","environment":"development","reqId":"84cc5f44-75a6-4d9e-8bea-f3fe7cb5fa46","req":{"id":"84cc5f44-75a6-4d9e-8bea-f3fe7cb5fa46","method":"GET","url":"/api/v1/tenant-admin/finance/documents","route":"/api/v1/tenant-admin/finance/documents"},"msg":"incoming request"}
{"level":30,"time":1786694926160,"service":"SaaS App Backend","environment":"development","reqId":"d187a07c-43fb-483c-ba07-79c21eefb745","req":{"id":"d187a07c-43fb-483c-ba07-79c21eefb745","method":"GET","url":"/api/v1/tenant-admin/clients?page=1&pageSize=100","route":"/api/v1/tenant-admin/clients"},"msg":"incoming request"}
{"level":40,"time":1786694927542,"service":"SaaS App Backend","environment":"development","reqId":"111fe5d2-4f6c-4337-abd3-adeb84d84d0b","msg":"[Performance] GET /api/v1/tenant-admin/finance/documents finished with 200 in 964ms. Request ID: 111fe5d2-4f6c-4337-abd3-adeb84d84d0b."}
{"level":30,"time":1786694927543,"service":"SaaS App Backend","environment":"development","reqId":"111fe5d2-4f6c-4337-abd3-adeb84d84d0b","res":{"statusCode":200},"responseTime":1399.6162999999942,"msg":"request completed"}
{"level":40,"time":1786694928307,"service":"SaaS App Backend","environment":"development","reqId":"84cc5f44-75a6-4d9e-8bea-f3fe7cb5fa46","msg":"[Performance] GET /api/v1/tenant-admin/finance/documents finished with 200 in 1568ms. Request ID: 84cc5f44-75a6-4d9e-8bea-f3fe7cb5fa46."}
{"level":30,"time":1786694928308,"service":"SaaS App Backend","environment":"development","reqId":"84cc5f44-75a6-4d9e-8bea-f3fe7cb5fa46","res":{"statusCode":200},"responseTime":2161.5060999999987,"msg":"request completed"}
{"level":40,"time":1786694928769,"service":"SaaS App Backend","environment":"development","reqId":"d187a07c-43fb-483c-ba07-79c21eefb745","msg":"[Performance] GET /api/v1/tenant-admin/clients finished with 200 in 1972ms. Request ID: d187a07c-43fb-483c-ba07-79c21eefb745."}
{"level":30,"time":1786694928770,"service":"SaaS App Backend","environment":"development","reqId":"d187a07c-43fb-483c-ba07-79c21eefb745","res":{"statusCode":200},"responseTime":2610.3148999999976,"msg":"request completed"}
{"level":40,"time":1786694930898,"service":"SaaS App Backend","environment":"development","reqId":"77c8b34a-0078-48a2-9d9c-1ef2f4d433c3","msg":"[Performance] GET /api/v1/tenant-admin/tasks/options finished with 200 in 4201ms. Request ID: 77c8b34a-0078-48a2-9d9c-1ef2f4d433c3."}
{"level":30,"time":1786694930899,"service":"SaaS App Backend","environment":"development","reqId":"77c8b34a-0078-48a2-9d9c-1ef2f4d433c3","res":{"statusCode":200},"responseTime":4757.149699999951,"msg":"request completed"}
{"level":30,"time":1786694946449,"service":"SaaS App Backend","environment":"development","reqId":"55e17bc3-32ca-4c3a-83b4-877371c2c7d5","req":{"id":"55e17bc3-32ca-4c3a-83b4-877371c2c7d5","method":"POST","url":"/api/v1/tenant-admin/finance/documents/upload-url","route":"/api/v1/tenant-admin/finance/documents/upload-url"},"msg":"incoming request"}
{"level":40,"time":1786694949350,"service":"SaaS App Backend","environment":"development","reqId":"55e17bc3-32ca-4c3a-83b4-877371c2c7d5","msg":"[Performance] POST /api/v1/tenant-admin/finance/documents/upload-url finished with 201 in 1478ms. Request ID: 55e17bc3-32ca-4c3a-83b4-877371c2c7d5."}
{"level":30,"time":1786694949351,"service":"SaaS App Backend","environment":"development","reqId":"55e17bc3-32ca-4c3a-83b4-877371c2c7d5","res":{"statusCode":201},"responseTime":2902.0918999999994,"msg":"request completed"}
{"level":30,"time":1786694950749,"service":"SaaS App Backend","environment":"development","reqId":"ba677339-fad8-47f6-95fa-69e1280518f3","req":{"id":"ba677339-fad8-47f6-95fa-69e1280518f3","method":"POST","url":"/api/v1/tenant-admin/finance/documents","route":"/api/v1/tenant-admin/finance/documents"},"msg":"incoming request"}
{"level":40,"time":1786694956292,"service":"SaaS App Backend","environment":"development","reqId":"ba677339-fad8-47f6-95fa-69e1280518f3","msg":"[Performance] POST /api/v1/tenant-admin/finance/documents finished with 201 in 5106ms. Request ID: ba677339-fad8-47f6-95fa-69e1280518f3."}
{"level":30,"time":1786694956292,"service":"SaaS App Backend","environment":"development","reqId":"ba677339-fad8-47f6-95fa-69e1280518f3","res":{"statusCode":201},"responseTime":5543.244899999932,"msg":"request completed"}
{"level":30,"time":1786694962425,"service":"SaaS App Backend","environment":"development","reqId":"29fbf3de-09bc-4d96-ab61-0ab6c55ec994","req":{"id":"29fbf3de-09bc-4d96-ab61-0ab6c55ec994","method":"GET","url":"/api/v1/tenant-admin/finance/documents/971268df-0272-4e4f-876a-785efdd7dace/download","route":"/api/v1/tenant-admin/finance/documents/:documentId/download"},"msg":"incoming request"}
{"level":40,"time":1786694964438,"service":"SaaS App Backend","environment":"development","reqId":"29fbf3de-09bc-4d96-ab61-0ab6c55ec994","msg":"[Performance] GET /api/v1/tenant-admin/finance/documents/:documentId/download finished with 200 in 1590ms. Request ID: 29fbf3de-09bc-4d96-ab61-0ab6c55ec994."}
{"level":30,"time":1786694964439,"service":"SaaS App Backend","environment":"development","reqId":"29fbf3de-09bc-4d96-ab61-0ab6c55ec994","res":{"statusCode":200},"responseTime":2013.89029999997,"msg":"request completed"}
[32m[Nest] 15720  - [39m08/14/2026, 1:39:54 PM [32m    LOG[39m [38;5;3m[TaskNotificationOutboxWorker] [39m[32m[Notifications] Worker claimed 2 notification event(s) for delivery.[39m
[32m[Nest] 15720  - [39m08/14/2026, 1:39:55 PM [32m    LOG[39m [38;5;3m[TaskNotificationOutboxWorker] [39m[32m[Notifications] Event 927bee2a-6097-4621-bb31-f9b37b306572 was stored and processed in 3560ms. Recipient records: 1; active Socket.IO connections reached: 0.[39m
[32m[Nest] 15720  - [39m08/14/2026, 1:39:55 PM [32m    LOG[39m [38;5;3m[TaskNotificationOutboxWorker] [39m[32m[Notifications] Event 7f12c2ca-0339-49e2-85d0-1f2d19ac26b3 was stored and processed in 3994ms. Recipient records: 1; active Socket.IO connections reached: 1.[39m
[32m[Nest] 15720  - [39m08/14/2026, 1:39:55 PM [32m    LOG[39m [38;5;3m[TaskNotificationOutboxWorker] [39m[32m[Notifications] Worker finished 2 event(s): 2 saved recipient notification(s), 1 active Socket.IO connection(s) reached.[39m
{"level":30,"time":1786695218553,"service":"SaaS App Backend","environment":"development","reqId":"2d2f6394-3f96-46f2-b46e-d15c761da563","req":{"id":"2d2f6394-3f96-46f2-b46e-d15c761da563","method":"POST","url":"/api/v1/auth/tenant/logout","route":"/api/v1/auth/tenant/logout"},"msg":"incoming request"}
{"level":40,"time":1786695220408,"service":"SaaS App Backend","environment":"development","reqId":"2d2f6394-3f96-46f2-b46e-d15c761da563","msg":"[Performance] POST /api/v1/auth/tenant/logout finished with 204 in 1370ms. Request ID: 2d2f6394-3f96-46f2-b46e-d15c761da563."}
{"level":30,"time":1786695220410,"service":"SaaS App Backend","environment":"development","reqId":"2d2f6394-3f96-46f2-b46e-d15c761da563","res":{"statusCode":204},"responseTime":1856.3908999999985,"msg":"request completed"}
1:43:41 PM [tsx] change in ./src\platform\employee-documents.repository.ts Restarting...
1:43:41 PM [tsx] change in ./src\platform\client-portal-requests.repository.ts Restarting...
1:43:42 PM [tsx] change in ./src\platform\client-portal-deliverables.repository.ts Restarting...
{"level":30,"time":1786695230300,"service":"SaaS App Backend","environment":"development","msg":"Server listening at http://127.0.0.1:4000"}
[32m[Nest] 17748  - [39m08/14/2026, 1:43:50 PM [32m    LOG[39m [38;5;3m[NestFactory] [39m[32mStarting Nest application...[39m
[32m[Nest] 17748  - [39m08/14/2026, 1:43:50 PM [32m    LOG[39m [38;5;3m[InstanceLoader] [39m[32mAppConfigModule dependencies initialized[39m[38;5;3m +1ms[39m
[32m[Nest] 17748  - [39m08/14/2026, 1:43:50 PM [32m    LOG[39m [38;5;3m[InstanceLoader] [39m[32mAppConfigModule dependencies initialized[39m[38;5;3m +1ms[39m
[32m[Nest] 17748  - [39m08/14/2026, 1:43:50 PM [32m    LOG[39m [38;5;3m[InstanceLoader] [39m[32mCommonModule dependencies initialized[39m[38;5;3m +0ms[39m
[32m[Nest] 17748  - [39m08/14/2026, 1:43:50 PM [32m    LOG[39m [38;5;3m[InstanceLoader] [39m[32mAppModule dependencies initialized[39m[38;5;3m +1ms[39m
[32m[Nest] 17748  - [39m08/14/2026, 1:43:50 PM [32m    LOG[39m [38;5;3m[InstanceLoader] [39m[32mDatabaseModule dependencies initialized[39m[38;5;3m +0ms[39m
[32m[Nest] 17748  - [39m08/14/2026, 1:43:50 PM [32m    LOG[39m [38;5;3m[InstanceLoader] [39m[32mHealthModule dependencies initialized[39m[38;5;3m +1ms[39m
[32m[Nest] 17748  - [39m08/14/2026, 1:43:50 PM [32m    LOG[39m [38;5;3m[InstanceLoader] [39m[32mAuthModule dependencies initialized[39m[38;5;3m +0ms[39m
[32m[Nest] 17748  - [39m08/14/2026, 1:43:50 PM [32m    LOG[39m [38;5;3m[InstanceLoader] [39m[32mPlatformModule dependencies initialized[39m[38;5;3m +0ms[39m
[32m[Nest] 17748  - [39m08/14/2026, 1:43:50 PM [32m    LOG[39m [38;5;3m[RoutesResolver] [39m[32mHealthController {/api/v1/health}:[39m[38;5;3m +1ms[39m
[32m[Nest] 17748  - [39m08/14/2026, 1:43:50 PM [32m    LOG[39m [38;5;3m[RouterExplorer] [39m[32mMapped {/api/v1/health/live, GET} route[39m[38;5;3m +0ms[39m
[32m[Nest] 17748  - [39m08/14/2026, 1:43:50 PM [32m    LOG[39m [38;5;3m[RouterExplorer] [39m[32mMapped {/api/v1/health/ready, GET} route[39m[38;5;3m +1ms[39m
[32m[Nest] 17748  - [39m08/14/2026, 1:43:50 PM [32m    LOG[39m [38;5;3m[RoutesResolver] [39m[32mMeController {/api/v1/me}:[39m[38;5;3m +0ms[39m
[32m[Nest] 17748  - [39m08/14/2026, 1:43:50 PM [32m    LOG[39m [38;5;3m[RouterExplorer] [39m[32mMapped {/api/v1/me, GET} route[39m[38;5;3m +0ms[39m
[32m[Nest] 17748  - [39m08/14/2026, 1:43:50 PM [32m    LOG[39m [38;5;3m[RouterExplorer] [39m[32mMapped {/api/v1/me/profile, PATCH} route[39m[38;5;3m +1ms[39m
[32m[Nest] 17748  - [39m08/14/2026, 1:43:50 PM [32m    LOG[39m [38;5;3m[RouterExplorer] [39m[32mMapped {/api/v1/me/preferences, PATCH} route[39m[38;5;3m +1ms[39m
[32m[Nest] 17748  - [39m08/14/2026, 1:43:50 PM [32m    LOG[39m [38;5;3m[RoutesResolver] [39m[32mAccessAdminController {/api/v1}:[39m[38;5;3m +0ms[39m
[32m[Nest] 17748  - [39m08/14/2026, 1:43:50 PM [32m    LOG[39m [38;5;3m[RouterExplorer] [39m[32mMapped {/api/v1/super-admin/tenant-creation-options, GET} route[39m[38;5;3m +1ms[39m
[32m[Nest] 17748  - [39m08/14/2026, 1:43:50 PM [32m    LOG[39m [38;5;3m[RouterExplorer] [39m[32mMapped {/api/v1/super-admin/tenants, GET} route[39m[38;5;3m +0ms[39m
[32m[Nest] 17748  - [39m08/14/2026, 1:43:50 PM [32m    LOG[39m [38;5;3m[RouterExplorer] [39m[32mMapped {/api/v1/super-admin/users/email-availability, GET} route[39m[38;5;3m +1ms[39m
[32m[Nest] 17748  - [39m08/14/2026, 1:43:50 PM [32m    LOG[39m [38;5;3m[RouterExplorer] [39m[32mMapped {/api/v1/super-admin/tenant-list-filters, GET} route[39m[38;5;3m +0ms[39m
[32m[Nest] 17748  - [39m08/14/2026, 1:43:50 PM [32m    LOG[39m [38;5;3m[RouterExplorer] [39m[32mMapped {/api/v1/super-admin/tenants/:tenantId, GET} route[39m[38;5;3m +2ms[39m
[32m[Nest] 17748  - [39m08/14/2026, 1:43:50 PM [32m    LOG[39m [38;5;3m[RouterExplorer] [39m[32mMapped {/api/v1/super-admin/tenants/:tenantId/status, PATCH} route[39m[38;5;3m +0ms[39m
[32m[Nest] 17748  - [39m08/14/2026, 1:43:50 PM [32m    LOG[39m [38;5;3m[RouterExplorer] [39m[32mMapped {/api/v1/super-admin/tenants/:tenantId/password, POST} route[39m[38;5;3m +1ms[39m
[32m[Nest] 17748  - [39m08/14/2026, 1:43:50 PM [32m    LOG[39m [38;5;3m[RouterExplorer] [39m[32mMapped {/api/v1/super-admin/tenants, POST} route[39m[38;5;3m +1ms[39m
[32m[Nest] 17748  - [39m08/14/2026, 1:43:50 PM [32m    LOG[39m [38;5;3m[RouterExplorer] [39m[32mMapped {/api/v1/invitations, POST} route[39m[38;5;3m +0ms[39m
[32m[Nest] 17748  - [39m08/14/2026, 1:43:50 PM [32m    LOG[39m [38;5;3m[RouterExplorer] [39m[32mMapped {/api/v1/invitations/:invitationId/cancel, POST} route[39m[38;5;3m +1ms[39m
[32m[Nest] 17748  - [39m08/14/2026, 1:43:50 PM [32m    LOG[39m [38;5;3m[RouterExplorer] [39m[32mMapped {/api/v1/invitations/:invitationId/revoke, POST} route[39m[38;5;3m +0ms[39m
[32m[Nest] 17748  - [39m08/14/2026, 1:43:50 PM [32m    LOG[39m [38;5;3m[RouterExplorer] [39m[32mMapped {/api/v1/invitations/:invitationId/accept, POST} route[39m[38;5;3m +1ms[39m
[32m[Nest] 17748  - [39m08/14/2026, 1:43:50 PM [32m    LOG[39m [38;5;3m[RouterExplorer] [39m[32mMapped {/api/v1/memberships/:membershipId/revoke, POST} route[39m[38;5;3m +0ms[39m
[32m[Nest] 17748  - [39m08/14/2026, 1:43:50 PM [32m    LOG[39m [38;5;3m[RouterExplorer] [39m[32mMapped {/api/v1/memberships/:membershipId/reactivate, POST} route[39m[38;5;3m +1ms[39m
[32m[Nest] 17748  - [39m08/14/2026, 1:43:50 PM [32m    LOG[39m [38;5;3m[RoutesResolver] [39m[32mPortalAuthController {/api/v1/auth}:[39m[38;5;3m +0ms[39m
[32m[Nest] 17748  - [39m08/14/2026, 1:43:50 PM [32m    LOG[39m [38;5;3m[RouterExplorer] [39m[32mMapped {/api/v1/auth/super-admin/login, POST} route[39m[38;5;3m +1ms[39m
[32m[Nest] 17748  - [39m08/14/2026, 1:43:50 PM [32m    LOG[39m [38;5;3m[RouterExplorer] [39m[32mMapped {/api/v1/auth/tenant/login, POST} route[39m[38;5;3m +0ms[39m
[32m[Nest] 17748  - [39m08/14/2026, 1:43:50 PM [32m    LOG[39m [38;5;3m[RouterExplorer] [39m[32mMapped {/api/v1/auth/employee/login, POST} route[39m[38;5;3m +0ms[39m
[32m[Nest] 17748  - [39m08/14/2026, 1:43:50 PM [32m    LOG[39m [38;5;3m[RouterExplorer] [39m[32mMapped {/api/v1/auth/client/login, POST} route[39m[38;5;3m +1ms[39m
[32m[Nest] 17748  - [39m08/14/2026, 1:43:50 PM [32m    LOG[39m [38;5;3m[RouterExplorer] [39m[32mMapped {/api/v1/auth/super-admin/session, GET} route[39m[38;5;3m +0ms[39m
[32m[Nest] 17748  - [39m08/14/2026, 1:43:50 PM [32m    LOG[39m [38;5;3m[RouterExplorer] [39m[32mMapped {/api/v1/auth/tenant/session, GET} route[39m[38;5;3m +0ms[39m
[32m[Nest] 17748  - [39m08/14/2026, 1:43:50 PM [32m    LOG[39m [38;5;3m[RouterExplorer] [39m[32mMapped {/api/v1/auth/employee/session, GET} route[39m[38;5;3m +0ms[39m
[32m[Nest] 17748  - [39m08/14/2026, 1:43:50 PM [32m    LOG[39m [38;5;3m[RouterExplorer] [39m[32mMapped {/api/v1/auth/client/session, GET} route[39m[38;5;3m +1ms[39m
[32m[Nest] 17748  - [39m08/14/2026, 1:43:50 PM [32m    LOG[39m [38;5;3m[RouterExplorer] [39m[32mMapped {/api/v1/auth/super-admin/logout, POST} route[39m[38;5;3m +0ms[39m
[32m[Nest] 17748  - [39m08/14/2026, 1:43:50 PM [32m    LOG[39m [38;5;3m[RouterExplorer] [39m[32mMapped {/api/v1/auth/tenant/logout, POST} route[39m[38;5;3m +0ms[39m
[32m[Nest] 17748  - [39m08/14/2026, 1:43:50 PM [32m    LOG[39m [38;5;3m[RouterExplorer] [39m[32mMapped {/api/v1/auth/employee/logout, POST} route[39m[38;5;3m +1ms[39m
[32m[Nest] 17748  - [39m08/14/2026, 1:43:50 PM [32m    LOG[39m [38;5;3m[RouterExplorer] [39m[32mMapped {/api/v1/auth/client/logout, POST} route[39m[38;5;3m +0ms[39m
[32m[Nest] 17748  - [39m08/14/2026, 1:43:50 PM [32m    LOG[39m [38;5;3m[RoutesResolver] [39m[32mSuperAdminAuditLogController {/api/v1/super-admin/audit-log}:[39m[38;5;3m +0ms[39m
[32m[Nest] 17748  - [39m08/14/2026, 1:43:50 PM [32m    LOG[39m [38;5;3m[RouterExplorer] [39m[32mMapped {/api/v1/super-admin/audit-log, GET} route[39m[38;5;3m +1ms[39m
[32m[Nest] 17748  - [39m08/14/2026, 1:43:50 PM [32m    LOG[39m [38;5;3m[RoutesResolver] [39m[32mSuperAdminDashboardController {/api/v1/super-admin}:[39m[38;5;3m +0ms[39m
[32m[Nest] 17748  - [39m08/14/2026, 1:43:50 PM [32m    LOG[39m [38;5;3m[RouterExplorer] [39m[32mMapped {/api/v1/super-admin/dashboard, GET} route[39m[38;5;3m +0ms[39m
[32m[Nest] 17748  - [39m08/14/2026, 1:43:50 PM [32m    LOG[39m [38;5;3m[RouterExplorer] [39m[32mMapped {/api/v1/super-admin/alerts/:alertId/view, PATCH} route[39m[38;5;3m +1ms[39m
[32m[Nest] 17748  - [39m08/14/2026, 1:43:50 PM [32m    LOG[39m [38;5;3m[RouterExplorer] [39m[32mMapped {/api/v1/super-admin/alerts/:alertId/reviews, POST} route[39m[38;5;3m +0ms[39m
[32m[Nest] 17748  - [39m08/14/2026, 1:43:50 PM [32m    LOG[39m [38;5;3m[RouterExplorer] [39m[32mMapped {/api/v1/super-admin/tenant-reviews/:reviewId, PATCH} route[39m[38;5;3m +0ms[39m
[32m[Nest] 17748  - [39m08/14/2026, 1:43:50 PM [32m    LOG[39m [38;5;3m[RoutesResolver] [39m[32mSuperAdminSearchController {/api/v1/super-admin}:[39m[38;5;3m +1ms[39m
[32m[Nest] 17748  - [39m08/14/2026, 1:43:50 PM [32m    LOG[39m [38;5;3m[RouterExplorer] [39m[32mMapped {/api/v1/super-admin/search, GET} route[39m[38;5;3m +1ms[39m
[32m[Nest] 17748  - [39m08/14/2026, 1:43:50 PM [32m    LOG[39m [38;5;3m[RoutesResolver] [39m[32mSuperAdminNotificationsController {/api/v1/super-admin/notifications}:[39m[38;5;3m +0ms[39m
[32m[Nest] 17748  - [39m08/14/2026, 1:43:50 PM [32m    LOG[39m [38;5;3m[RouterExplorer] [39m[32mMapped {/api/v1/super-admin/notifications, GET} route[39m[38;5;3m +0ms[39m
[32m[Nest] 17748  - [39m08/14/2026, 1:43:50 PM [32m    LOG[39m [38;5;3m[RouterExplorer] [39m[32mMapped {/api/v1/super-admin/notifications/unread-count, GET} route[39m[38;5;3m +1ms[39m
[32m[Nest] 17748  - [39m08/14/2026, 1:43:50 PM [32m    LOG[39m [38;5;3m[RouterExplorer] [39m[32mMapped {/api/v1/super-admin/notifications/:notificationId/read, PATCH} route[39m[38;5;3m +0ms[39m
[32m[Nest] 17748  - [39m08/14/2026, 1:43:50 PM [32m    LOG[39m [38;5;3m[RouterExplorer] [39m[32mMapped {/api/v1/super-admin/notifications/read-all, PATCH} route[39m[38;5;3m +0ms[39m
[32m[Nest] 17748  - [39m08/14/2026, 1:43:50 PM [32m    LOG[39m [38;5;3m[RoutesResolver] [39m[32mSuperAdminPlatformConfigurationController {/api/v1/super-admin/platform-configuration}:[39m[38;5;3m +1ms[39m
[32m[Nest] 17748  - [39m08/14/2026, 1:43:50 PM [32m    LOG[39m [38;5;3m[RouterExplorer] [39m[32mMapped {/api/v1/super-admin/platform-configuration, GET} route[39m[38;5;3m +0ms[39m
[32m[Nest] 17748  - [39m08/14/2026, 1:43:50 PM [32m    LOG[39m [38;5;3m[RouterExplorer] [39m[32mMapped {/api/v1/super-admin/platform-configuration, PATCH} route[39m[38;5;3m +0ms[39m
[32m[Nest] 17748  - [39m08/14/2026, 1:43:50 PM [32m    LOG[39m [38;5;3m[RoutesResolver] [39m[32mClientPortalDashboardController {/api/v1/client-portal/dashboard}:[39m[38;5;3m +1ms[39m
[32m[Nest] 17748  - [39m08/14/2026, 1:43:50 PM [32m    LOG[39m [38;5;3m[RouterExplorer] [39m[32mMapped {/api/v1/client-portal/dashboard, GET} route[39m[38;5;3m +0ms[39m
[32m[Nest] 17748  - [39m08/14/2026, 1:43:50 PM [32m    LOG[39m [38;5;3m[RoutesResolver] [39m[32mClientPortalDeliverablesController {/api/v1/client-portal/deliverables}:[39m[38;5;3m +0ms[39m
[32m[Nest] 17748  - [39m08/14/2026, 1:43:50 PM [32m    LOG[39m [38;5;3m[RouterExplorer] [39m[32mMapped {/api/v1/client-portal/deliverables, GET} route[39m[38;5;3m +1ms[39m
[32m[Nest] 17748  - [39m08/14/2026, 1:43:50 PM [32m    LOG[39m [38;5;3m[RouterExplorer] [39m[32mMapped {/api/v1/client-portal/deliverables/:documentId/decision, POST} route[39m[38;5;3m +0ms[39m
[32m[Nest] 17748  - [39m08/14/2026, 1:43:50 PM [32m    LOG[39m [38;5;3m[RouterExplorer] [39m[32mMapped {/api/v1/client-portal/deliverables/:documentId/download, GET} route[39m[38;5;3m +0ms[39m
[32m[Nest] 17748  - [39m08/14/2026, 1:43:50 PM [32m    LOG[39m [38;5;3m[RoutesResolver] [39m[32mClientPortalNotificationsController {/api/v1/client-portal/notifications}:[39m[38;5;3m +0ms[39m
[32m[Nest] 17748  - [39m08/14/2026, 1:43:50 PM [32m    LOG[39m [38;5;3m[RouterExplorer] [39m[32mMapped {/api/v1/client-portal/notifications, GET} route[39m[38;5;3m +1ms[39m
[32m[Nest] 17748  - [39m08/14/2026, 1:43:50 PM [32m    LOG[39m [38;5;3m[RoutesResolver] [39m[32mClientPortalProfileController {/api/v1/client-portal/profile}:[39m[38;5;3m +0ms[39m
[32m[Nest] 17748  - [39m08/14/2026, 1:43:50 PM [32m    LOG[39m [38;5;3m[RouterExplorer] [39m[32mMapped {/api/v1/client-portal/profile, GET} route[39m[38;5;3m +0ms[39m
[32m[Nest] 17748  - [39m08/14/2026, 1:43:50 PM [32m    LOG[39m [38;5;3m[RouterExplorer] [39m[32mMapped {/api/v1/client-portal/profile, PATCH} route[39m[38;5;3m +0ms[39m
[32m[Nest] 17748  - [39m08/14/2026, 1:43:50 PM [32m    LOG[39m [38;5;3m[RoutesResolver] [39m[32mClientPortalRequestsController {/api/v1/client-portal/requests}:[39m[38;5;3m +1ms[39m
[32m[Nest] 17748  - [39m08/14/2026, 1:43:50 PM [32m    LOG[39m [38;5;3m[RouterExplorer] [39m[32mMapped {/api/v1/client-portal/requests/options, GET} route[39m[38;5;3m +0ms[39m
[32m[Nest] 17748  - [39m08/14/2026, 1:43:50 PM [32m    LOG[39m [38;5;3m[RouterExplorer] [39m[32mMapped {/api/v1/client-portal/requests, POST} route[39m[38;5;3m +0ms[39m
[32m[Nest] 17748  - [39m08/14/2026, 1:43:50 PM [32m    LOG[39m [38;5;3m[RoutesResolver] [39m[32mEmployeeDashboardController {/api/v1/employee/dashboard}:[39m[38;5;3m +0ms[39m
[32m[Nest] 17748  - [39m08/14/2026, 1:43:50 PM [32m    LOG[39m [38;5;3m[RouterExplorer] [39m[32mMapped {/api/v1/employee/dashboard, GET} route[39m[38;5;3m +1ms[39m
[32m[Nest] 17748  - [39m08/14/2026, 1:43:50 PM [32m    LOG[39m [38;5;3m[RoutesResolver] [39m[32mEmployeeDocumentsController {/api/v1/employee/documents}:[39m[38;5;3m +0ms[39m
[32m[Nest] 17748  - [39m08/14/2026, 1:43:50 PM [32m    LOG[39m [38;5;3m[RouterExplorer] [39m[32mMapped {/api/v1/employee/documents/options, GET} route[39m[38;5;3m +0ms[39m
[32m[Nest] 17748  - [39m08/14/2026, 1:43:50 PM [32m    LOG[39m [38;5;3m[RouterExplorer] [39m[32mMapped {/api/v1/employee/documents, GET} route[39m[38;5;3m +0ms[39m
[32m[Nest] 17748  - [39m08/14/2026, 1:43:50 PM [32m    LOG[39m [38;5;3m[RouterExplorer] [39m[32mMapped {/api/v1/employee/documents, POST} route[39m[38;5;3m +1ms[39m
[32m[Nest] 17748  - [39m08/14/2026, 1:43:50 PM [32m    LOG[39m [38;5;3m[RouterExplorer] [39m[32mMapped {/api/v1/employee/documents/upload-url, POST} route[39m[38;5;3m +0ms[39m
[32m[Nest] 17748  - [39m08/14/2026, 1:43:50 PM [32m    LOG[39m [38;5;3m[RouterExplorer] [39m[32mMapped {/api/v1/employee/documents/:documentId/download, GET} route[39m[38;5;3m +0ms[39m
[32m[Nest] 17748  - [39m08/14/2026, 1:43:50 PM [32m    LOG[39m [38;5;3m[RoutesResolver] [39m[32mEmployeeManagerController {/api/v1/employee/manager}:[39m[38;5;3m +0ms[39m
[32m[Nest] 17748  - [39m08/14/2026, 1:43:50 PM [32m    LOG[39m [38;5;3m[RouterExplorer] [39m[32mMapped {/api/v1/employee/manager/clients, GET} route[39m[38;5;3m +1ms[39m
[32m[Nest] 17748  - [39m08/14/2026, 1:43:50 PM [32m    LOG[39m [38;5;3m[RouterExplorer] [39m[32mMapped {/api/v1/employee/manager/task-options, GET} route[39m[38;5;3m +0ms[39m
[32m[Nest] 17748  - [39m08/14/2026, 1:43:50 PM [32m    LOG[39m [38;5;3m[RouterExplorer] [39m[32mMapped {/api/v1/employee/manager/reviews, GET} route[39m[38;5;3m +0ms[39m
[32m[Nest] 17748  - [39m08/14/2026, 1:43:50 PM [32m    LOG[39m [38;5;3m[RouterExplorer] [39m[32mMapped {/api/v1/employee/manager/tasks, POST} route[39m[38;5;3m +1ms[39m
[32m[Nest] 17748  - [39m08/14/2026, 1:43:50 PM [32m    LOG[39m [38;5;3m[RouterExplorer] [39m[32mMapped {/api/v1/employee/manager/reviews/:taskId, POST} route[39m[38;5;3m +0ms[39m
[32m[Nest] 17748  - [39m08/14/2026, 1:43:50 PM [32m    LOG[39m [38;5;3m[RoutesResolver] [39m[32mEmployeeNotificationsController {/api/v1/employee/notifications}:[39m[38;5;3m +1ms[39m
[32m[Nest] 17748  - [39m08/14/2026, 1:43:50 PM [32m    LOG[39m [38;5;3m[RouterExplorer] [39m[32mMapped {/api/v1/employee/notifications, GET} route[39m[38;5;3m +0ms[39m
[32m[Nest] 17748  - [39m08/14/2026, 1:43:50 PM [32m    LOG[39m [38;5;3m[RouterExplorer] [39m[32mMapped {/api/v1/employee/notifications/unread-count, GET} route[39m[38;5;3m +0ms[39m
[32m[Nest] 17748  - [39m08/14/2026, 1:43:50 PM [32m    LOG[39m [38;5;3m[RouterExplorer] [39m[32mMapped {/api/v1/employee/notifications/:notificationId/read, PATCH} route[39m[38;5;3m +1ms[39m
[32m[Nest] 17748  - [39m08/14/2026, 1:43:50 PM [32m    LOG[39m [38;5;3m[RouterExplorer] [39m[32mMapped {/api/v1/employee/notifications/read-all, PATCH} route[39m[38;5;3m +0ms[39m
[32m[Nest] 17748  - [39m08/14/2026, 1:43:50 PM [32m    LOG[39m [38;5;3m[RoutesResolver] [39m[32mEmployeeProfileController {/api/v1/employee/profile}:[39m[38;5;3m +1ms[39m
[32m[Nest] 17748  - [39m08/14/2026, 1:43:50 PM [32m    LOG[39m [38;5;3m[RouterExplorer] [39m[32mMapped {/api/v1/employee/profile, GET} route[39m[38;5;3m +0ms[39m
[32m[Nest] 17748  - [39m08/14/2026, 1:43:50 PM [32m    LOG[39m [38;5;3m[RoutesResolver] [39m[32mEmployeeTasksController {/api/v1/employee}:[39m[38;5;3m +0ms[39m
[32m[Nest] 17748  - [39m08/14/2026, 1:43:50 PM [32m    LOG[39m [38;5;3m[RouterExplorer] [39m[32mMapped {/api/v1/employee/tasks, GET} route[39m[38;5;3m +0ms[39m
[32m[Nest] 17748  - [39m08/14/2026, 1:43:50 PM [32m    LOG[39m [38;5;3m[RouterExplorer] [39m[32mMapped {/api/v1/employee/work-logs, GET} route[39m[38;5;3m +1ms[39m
[32m[Nest] 17748  - [39m08/14/2026, 1:43:50 PM [32m    LOG[39m [38;5;3m[RouterExplorer] [39m[32mMapped {/api/v1/employee/tasks/:taskId/start, POST} route[39m[38;5;3m +0ms[39m
[32m[Nest] 17748  - [39m08/14/2026, 1:43:50 PM [32m    LOG[39m [38;5;3m[RouterExplorer] [39m[32mMapped {/api/v1/employee/tasks/:taskId/pause, POST} route[39m[38;5;3m +1ms[39m
[32m[Nest] 17748  - [39m08/14/2026, 1:43:50 PM [32m    LOG[39m [38;5;3m[RouterExplorer] [39m[32mMapped {/api/v1/employee/tasks/:taskId/resume, POST} route[39m[38;5;3m +0ms[39m
[32m[Nest] 17748  - [39m08/14/2026, 1:43:50 PM [32m    LOG[39m [38;5;3m[RouterExplorer] [39m[32mMapped {/api/v1/employee/tasks/:taskId/submit, POST} route[39m[38;5;3m +1ms[39m
[32m[Nest] 17748  - [39m08/14/2026, 1:43:50 PM [32m    LOG[39m [38;5;3m[RoutesResolver] [39m[32mTenantAdminDashboardController {/api/v1/tenant-admin/dashboard}:[39m[38;5;3m +0ms[39m
[32m[Nest] 17748  - [39m08/14/2026, 1:43:50 PM [32m    LOG[39m [38;5;3m[RouterExplorer] [39m[32mMapped {/api/v1/tenant-admin/dashboard, GET} route[39m[38;5;3m +1ms[39m
[32m[Nest] 17748  - [39m08/14/2026, 1:43:50 PM [32m    LOG[39m [38;5;3m[RouterExplorer] [39m[32mMapped {/api/v1/tenant-admin/dashboard/profile, GET} route[39m[38;5;3m +1ms[39m
[32m[Nest] 17748  - [39m08/14/2026, 1:43:50 PM [32m    LOG[39m [38;5;3m[RouterExplorer] [39m[32mMapped {/api/v1/tenant-admin/dashboard/profile, PATCH} route[39m[38;5;3m +1ms[39m
[32m[Nest] 17748  - [39m08/14/2026, 1:43:50 PM [32m    LOG[39m [38;5;3m[RoutesResolver] [39m[32mTenantAdminClientsController {/api/v1/tenant-admin/clients}:[39m[38;5;3m +0ms[39m
[32m[Nest] 17748  - [39m08/14/2026, 1:43:50 PM [32m    LOG[39m [38;5;3m[RouterExplorer] [39m[32mMapped {/api/v1/tenant-admin/clients, GET} route[39m[38;5;3m +1ms[39m
[32m[Nest] 17748  - [39m08/14/2026, 1:43:50 PM [32m    LOG[39m [38;5;3m[RouterExplorer] [39m[32mMapped {/api/v1/tenant-admin/clients, POST} route[39m[38;5;3m +0ms[39m
[32m[Nest] 17748  - [39m08/14/2026, 1:43:50 PM [32m    LOG[39m [38;5;3m[RouterExplorer] [39m[32mMapped {/api/v1/tenant-admin/clients/:clientRef, GET} route[39m[38;5;3m +1ms[39m
[32m[Nest] 17748  - [39m08/14/2026, 1:43:50 PM [32m    LOG[39m [38;5;3m[RouterExplorer] [39m[32mMapped {/api/v1/tenant-admin/clients/:clientRef, DELETE} route[39m[38;5;3m +0ms[39m
[32m[Nest] 17748  - [39m08/14/2026, 1:43:50 PM [32m    LOG[39m [38;5;3m[RouterExplorer] [39m[32mMapped {/api/v1/tenant-admin/clients/:clientRef/contacts, POST} route[39m[38;5;3m +0ms[39m
[32m[Nest] 17748  - [39m08/14/2026, 1:43:50 PM [32m    LOG[39m [38;5;3m[RouterExplorer] [39m[32mMapped {/api/v1/tenant-admin/clients/:clientRef/contacts/:contactId, PATCH} route[39m[38;5;3m +1ms[39m
[32m[Nest] 17748  - [39m08/14/2026, 1:43:50 PM [32m    LOG[39m [38;5;3m[RoutesResolver] [39m[32mTenantAdminEmployeePerformanceController {/api/v1/tenant-admin/employee-performance}:[39m[38;5;3m +0ms[39m
[32m[Nest] 17748  - [39m08/14/2026, 1:43:50 PM [32m    LOG[39m [38;5;3m[RouterExplorer] [39m[32mMapped {/api/v1/tenant-admin/employee-performance, GET} route[39m[38;5;3m +1ms[39m
[32m[Nest] 17748  - [39m08/14/2026, 1:43:50 PM [32m    LOG[39m [38;5;3m[RouterExplorer] [39m[32mMapped {/api/v1/tenant-admin/employee-performance/:employeeId, GET} route[39m[38;5;3m +0ms[39m
[32m[Nest] 17748  - [39m08/14/2026, 1:43:50 PM [32m    LOG[39m [38;5;3m[RoutesResolver] [39m[32mTenantAdminFinanceController {/api/v1/tenant-admin/finance}:[39m[38;5;3m +1ms[39m
[32m[Nest] 17748  - [39m08/14/2026, 1:43:50 PM [32m    LOG[39m [38;5;3m[RouterExplorer] [39m[32mMapped {/api/v1/tenant-admin/finance/documents, GET} route[39m[38;5;3m +0ms[39m
[32m[Nest] 17748  - [39m08/14/2026, 1:43:50 PM [32m    LOG[39m [38;5;3m[RouterExplorer] [39m[32mMapped {/api/v1/tenant-admin/finance/documents, POST} route[39m[38;5;3m +0ms[39m
[32m[Nest] 17748  - [39m08/14/2026, 1:43:50 PM [32m    LOG[39m [38;5;3m[RouterExplorer] [39m[32mMapped {/api/v1/tenant-admin/finance/documents/upload-url, POST} route[39m[38;5;3m +1ms[39m
[32m[Nest] 17748  - [39m08/14/2026, 1:43:50 PM [32m    LOG[39m [38;5;3m[RouterExplorer] [39m[32mMapped {/api/v1/tenant-admin/finance/documents/:documentId/download, GET} route[39m[38;5;3m +0ms[39m
[32m[Nest] 17748  - [39m08/14/2026, 1:43:50 PM [32m    LOG[39m [38;5;3m[RouterExplorer] [39m[32mMapped {/api/v1/tenant-admin/finance/invoices, GET} route[39m[38;5;3m +1ms[39m
[32m[Nest] 17748  - [39m08/14/2026, 1:43:50 PM [32m    LOG[39m [38;5;3m[RouterExplorer] [39m[32mMapped {/api/v1/tenant-admin/finance/invoices, POST} route[39m[38;5;3m +0ms[39m
[32m[Nest] 17748  - [39m08/14/2026, 1:43:50 PM [32m    LOG[39m [38;5;3m[RouterExplorer] [39m[32mMapped {/api/v1/tenant-admin/finance/billable-tasks, GET} route[39m[38;5;3m +1ms[39m
[32m[Nest] 17748  - [39m08/14/2026, 1:43:50 PM [32m    LOG[39m [38;5;3m[RouterExplorer] [39m[32mMapped {/api/v1/tenant-admin/finance/invoices/from-task, POST} route[39m[38;5;3m +0ms[39m
[32m[Nest] 17748  - [39m08/14/2026, 1:43:50 PM [32m    LOG[39m [38;5;3m[RouterExplorer] [39m[32mMapped {/api/v1/tenant-admin/finance/invoices/:invoiceId/send, POST} route[39m[38;5;3m +0ms[39m
[32m[Nest] 17748  - [39m08/14/2026, 1:43:50 PM [32m    LOG[39m [38;5;3m[RoutesResolver] [39m[32mTenantAdminNotificationsController {/api/v1/tenant-admin/notifications}:[39m[38;5;3m +1ms[39m
[32m[Nest] 17748  - [39m08/14/2026, 1:43:50 PM [32m    LOG[39m [38;5;3m[RouterExplorer] [39m[32mMapped {/api/v1/tenant-admin/notifications, GET} route[39m[38;5;3m +0ms[39m
[32m[Nest] 17748  - [39m08/14/2026, 1:43:50 PM [32m    LOG[39m [38;5;3m[RouterExplorer] [39m[32mMapped {/api/v1/tenant-admin/notifications/unread-count, GET} route[39m[38;5;3m +0ms[39m
[32m[Nest] 17748  - [39m08/14/2026, 1:43:50 PM [32m    LOG[39m [38;5;3m[RouterExplorer] [39m[32mMapped {/api/v1/tenant-admin/notifications/:notificationId/read, PATCH} route[39m[38;5;3m +1ms[39m
[32m[Nest] 17748  - [39m08/14/2026, 1:43:50 PM [32m    LOG[39m [38;5;3m[RouterExplorer] [39m[32mMapped {/api/v1/tenant-admin/notifications/read-all, PATCH} route[39m[38;5;3m +0ms[39m
[32m[Nest] 17748  - [39m08/14/2026, 1:43:50 PM [32m    LOG[39m [38;5;3m[RoutesResolver] [39m[32mTenantAdminServicesController {/api/v1/tenant-admin/services}:[39m[38;5;3m +0ms[39m
[32m[Nest] 17748  - [39m08/14/2026, 1:43:50 PM [32m    LOG[39m [38;5;3m[RouterExplorer] [39m[32mMapped {/api/v1/tenant-admin/services, GET} route[39m[38;5;3m +1ms[39m
[32m[Nest] 17748  - [39m08/14/2026, 1:43:50 PM [32m    LOG[39m [38;5;3m[RouterExplorer] [39m[32mMapped {/api/v1/tenant-admin/services, POST} route[39m[38;5;3m +0ms[39m
[32m[Nest] 17748  - [39m08/14/2026, 1:43:50 PM [32m    LOG[39m [38;5;3m[RoutesResolver] [39m[32mTenantAdminTasksController {/api/v1/tenant-admin/tasks}:[39m[38;5;3m +0ms[39m
[32m[Nest] 17748  - [39m08/14/2026, 1:43:50 PM [32m    LOG[39m [38;5;3m[RouterExplorer] [39m[32mMapped {/api/v1/tenant-admin/tasks/options, GET} route[39m[38;5;3m +1ms[39m
[32m[Nest] 17748  - [39m08/14/2026, 1:43:50 PM [32m    LOG[39m [38;5;3m[RouterExplorer] [39m[32mMapped {/api/v1/tenant-admin/tasks, GET} route[39m[38;5;3m +1ms[39m
[32m[Nest] 17748  - [39m08/14/2026, 1:43:50 PM [32m    LOG[39m [38;5;3m[RouterExplorer] [39m[32mMapped {/api/v1/tenant-admin/tasks, POST} route[39m[38;5;3m +0ms[39m
[32m[Nest] 17748  - [39m08/14/2026, 1:43:50 PM [32m    LOG[39m [38;5;3m[RouterExplorer] [39m[32mMapped {/api/v1/tenant-admin/tasks/:taskId/approval, POST} route[39m[38;5;3m +1ms[39m
[32m[Nest] 17748  - [39m08/14/2026, 1:43:50 PM [32m    LOG[39m [38;5;3m[RouterExplorer] [39m[32mMapped {/api/v1/tenant-admin/tasks/employees, POST} route[39m[38;5;3m +1ms[39m
[32m[Nest] 17748  - [39m08/14/2026, 1:43:50 PM [32m    LOG[39m [38;5;3m[RouterExplorer] [39m[32mMapped {/api/v1/tenant-admin/tasks/employees/email-availability, GET} route[39m[38;5;3m +0ms[39m
[32m[Nest] 17748  - [39m08/14/2026, 1:43:50 PM [32m    LOG[39m [38;5;3m[RouterExplorer] [39m[32mMapped {/api/v1/tenant-admin/tasks/employees, GET} route[39m[38;5;3m +1ms[39m
[32m[Nest] 17748  - [39m08/14/2026, 1:43:50 PM [32m    LOG[39m [38;5;3m[RouterExplorer] [39m[32mMapped {/api/v1/tenant-admin/tasks/departments, GET} route[39m[38;5;3m +1ms[39m
[32m[Nest] 17748  - [39m08/14/2026, 1:43:50 PM [32m    LOG[39m [38;5;3m[RouterExplorer] [39m[32mMapped {/api/v1/tenant-admin/tasks/departments, POST} route[39m[38;5;3m +0ms[39m
[32m[Nest] 17748  - [39m08/14/2026, 1:43:50 PM [32m    LOG[39m [38;5;3m[RouterExplorer] [39m[32mMapped {/api/v1/tenant-admin/tasks/employees/:employeeId/assignment, PATCH} route[39m[38;5;3m +1ms[39m
[32m[Nest] 17748  - [39m08/14/2026, 1:43:50 PM [32m    LOG[39m [38;5;3m[RouterExplorer] [39m[32mMapped {/api/v1/tenant-admin/tasks/employees/:employeeId/manager, PATCH} route[39m[38;5;3m +0ms[39m
[32m[Nest] 17748  - [39m08/14/2026, 1:43:50 PM [32m    LOG[39m [38;5;3m[RouterExplorer] [39m[32mMapped {/api/v1/tenant-admin/tasks/employees/:employeeId/manager, DELETE} route[39m[38;5;3m +1ms[39m
[32m[Nest] 17748  - [39m08/14/2026, 1:43:50 PM [32m    LOG[39m [38;5;3m[RouterExplorer] [39m[32mMapped {/api/v1/tenant-admin/tasks/employees/:employeeId/capacity, PATCH} route[39m[38;5;3m +1ms[39m
[32m[Nest] 17748  - [39m08/14/2026, 1:43:50 PM [32m    LOG[39m [38;5;3m[RouterExplorer] [39m[32mMapped {/api/v1/tenant-admin/tasks/work-groups, GET} route[39m[38;5;3m +0ms[39m
[32m[Nest] 17748  - [39m08/14/2026, 1:43:50 PM [32m    LOG[39m [38;5;3m[RouterExplorer] [39m[32mMapped {/api/v1/tenant-admin/tasks/work-groups, POST} route[39m[38;5;3m +1ms[39m
[32m[Nest] 17748  - [39m08/14/2026, 1:43:50 PM [32m    LOG[39m [38;5;3m[RouterExplorer] [39m[32mMapped {/api/v1/tenant-admin/tasks/work-groups/:workGroupId, PATCH} route[39m[38;5;3m +0ms[39m
[32m[Nest] 17748  - [39m08/14/2026, 1:43:50 PM [32m    LOG[39m [38;5;3m[RoutesResolver] [39m[32mTenantAnalyticsController {/api/v1/super-admin/tenant-analytics}:[39m[38;5;3m +1ms[39m
[32m[Nest] 17748  - [39m08/14/2026, 1:43:50 PM [32m    LOG[39m [38;5;3m[RouterExplorer] [39m[32mMapped {/api/v1/super-admin/tenant-analytics, GET} route[39m[38;5;3m +0ms[39m
[32m[Nest] 17748  - [39m08/14/2026, 1:43:50 PM [32m    LOG[39m [38;5;3m[TaskNotificationOutboxWorker] [39m[32m[Notifications] Task notification worker is running. It checks committed notifications every 500ms.[39m
[32m[Nest] 17748  - [39m08/14/2026, 1:43:50 PM [32m    LOG[39m [38;5;3m[NestApplication] [39m[32mNest application successfully started[39m[38;5;3m +0ms[39m
{"level":30,"time":1786695230301,"service":"SaaS App Backend","environment":"development","msg":"Server listening at http://172.16.0.2:4000"}
{"level":30,"time":1786695230301,"service":"SaaS App Backend","environment":"development","msg":"Server listening at http://192.168.1.29:4000"}
1:52:52 PM [tsx] change in ./src\platform\tenant-document-storage.service.ts Restarting...
{"level":30,"time":1786695779752,"service":"SaaS App Backend","environment":"development","msg":"Server listening at http://127.0.0.1:4000"}
[32m[Nest] 11956  - [39m08/14/2026, 1:52:59 PM [32m    LOG[39m [38;5;3m[NestFactory] [39m[32mStarting Nest application...[39m
[32m[Nest] 11956  - [39m08/14/2026, 1:52:59 PM [32m    LOG[39m [38;5;3m[InstanceLoader] [39m[32mAppConfigModule dependencies initialized[39m[38;5;3m +1ms[39m
[32m[Nest] 11956  - [39m08/14/2026, 1:52:59 PM [32m    LOG[39m [38;5;3m[InstanceLoader] [39m[32mAppConfigModule dependencies initialized[39m[38;5;3m +0ms[39m
[32m[Nest] 11956  - [39m08/14/2026, 1:52:59 PM [32m    LOG[39m [38;5;3m[InstanceLoader] [39m[32mCommonModule dependencies initialized[39m[38;5;3m +0ms[39m
[32m[Nest] 11956  - [39m08/14/2026, 1:52:59 PM [32m    LOG[39m [38;5;3m[InstanceLoader] [39m[32mAppModule dependencies initialized[39m[38;5;3m +0ms[39m
[32m[Nest] 11956  - [39m08/14/2026, 1:52:59 PM [32m    LOG[39m [38;5;3m[InstanceLoader] [39m[32mDatabaseModule dependencies initialized[39m[38;5;3m +0ms[39m
[32m[Nest] 11956  - [39m08/14/2026, 1:52:59 PM [32m    LOG[39m [38;5;3m[InstanceLoader] [39m[32mHealthModule dependencies initialized[39m[38;5;3m +1ms[39m
[32m[Nest] 11956  - [39m08/14/2026, 1:52:59 PM [32m    LOG[39m [38;5;3m[InstanceLoader] [39m[32mAuthModule dependencies initialized[39m[38;5;3m +0ms[39m
[32m[Nest] 11956  - [39m08/14/2026, 1:52:59 PM [32m    LOG[39m [38;5;3m[InstanceLoader] [39m[32mPlatformModule dependencies initialized[39m[38;5;3m +0ms[39m
[32m[Nest] 11956  - [39m08/14/2026, 1:52:59 PM [32m    LOG[39m [38;5;3m[RoutesResolver] [39m[32mHealthController {/api/v1/health}:[39m[38;5;3m +1ms[39m
[32m[Nest] 11956  - [39m08/14/2026, 1:52:59 PM [32m    LOG[39m [38;5;3m[RouterExplorer] [39m[32mMapped {/api/v1/health/live, GET} route[39m[38;5;3m +0ms[39m
[32m[Nest] 11956  - [39m08/14/2026, 1:52:59 PM [32m    LOG[39m [38;5;3m[RouterExplorer] [39m[32mMapped {/api/v1/health/ready, GET} route[39m[38;5;3m +0ms[39m
[32m[Nest] 11956  - [39m08/14/2026, 1:52:59 PM [32m    LOG[39m [38;5;3m[RoutesResolver] [39m[32mMeController {/api/v1/me}:[39m[38;5;3m +1ms[39m
[32m[Nest] 11956  - [39m08/14/2026, 1:52:59 PM [32m    LOG[39m [38;5;3m[RouterExplorer] [39m[32mMapped {/api/v1/me, GET} route[39m[38;5;3m +0ms[39m
[32m[Nest] 11956  - [39m08/14/2026, 1:52:59 PM [32m    LOG[39m [38;5;3m[RouterExplorer] [39m[32mMapped {/api/v1/me/profile, PATCH} route[39m[38;5;3m +0ms[39m
[32m[Nest] 11956  - [39m08/14/2026, 1:52:59 PM [32m    LOG[39m [38;5;3m[RouterExplorer] [39m[32mMapped {/api/v1/me/preferences, PATCH} route[39m[38;5;3m +0ms[39m
[32m[Nest] 11956  - [39m08/14/2026, 1:52:59 PM [32m    LOG[39m [38;5;3m[RoutesResolver] [39m[32mAccessAdminController {/api/v1}:[39m[38;5;3m +1ms[39m
[32m[Nest] 11956  - [39m08/14/2026, 1:52:59 PM [32m    LOG[39m [38;5;3m[RouterExplorer] [39m[32mMapped {/api/v1/super-admin/tenant-creation-options, GET} route[39m[38;5;3m +0ms[39m
[32m[Nest] 11956  - [39m08/14/2026, 1:52:59 PM [32m    LOG[39m [38;5;3m[RouterExplorer] [39m[32mMapped {/api/v1/super-admin/tenants, GET} route[39m[38;5;3m +0ms[39m
[32m[Nest] 11956  - [39m08/14/2026, 1:52:59 PM [32m    LOG[39m [38;5;3m[RouterExplorer] [39m[32mMapped {/api/v1/super-admin/users/email-availability, GET} route[39m[38;5;3m +0ms[39m
[32m[Nest] 11956  - [39m08/14/2026, 1:52:59 PM [32m    LOG[39m [38;5;3m[RouterExplorer] [39m[32mMapped {/api/v1/super-admin/tenant-list-filters, GET} route[39m[38;5;3m +1ms[39m
[32m[Nest] 11956  - [39m08/14/2026, 1:52:59 PM [32m    LOG[39m [38;5;3m[RouterExplorer] [39m[32mMapped {/api/v1/super-admin/tenants/:tenantId, GET} route[39m[38;5;3m +0ms[39m
[32m[Nest] 11956  - [39m08/14/2026, 1:52:59 PM [32m    LOG[39m [38;5;3m[RouterExplorer] [39m[32mMapped {/api/v1/super-admin/tenants/:tenantId/status, PATCH} route[39m[38;5;3m +0ms[39m
[32m[Nest] 11956  - [39m08/14/2026, 1:52:59 PM [32m    LOG[39m [38;5;3m[RouterExplorer] [39m[32mMapped {/api/v1/super-admin/tenants/:tenantId/password, POST} route[39m[38;5;3m +0ms[39m
[32m[Nest] 11956  - [39m08/14/2026, 1:52:59 PM [32m    LOG[39m [38;5;3m[RouterExplorer] [39m[32mMapped {/api/v1/super-admin/tenants, POST} route[39m[38;5;3m +1ms[39m
[32m[Nest] 11956  - [39m08/14/2026, 1:52:59 PM [32m    LOG[39m [38;5;3m[RouterExplorer] [39m[32mMapped {/api/v1/invitations, POST} route[39m[38;5;3m +0ms[39m
[32m[Nest] 11956  - [39m08/14/2026, 1:52:59 PM [32m    LOG[39m [38;5;3m[RouterExplorer] [39m[32mMapped {/api/v1/invitations/:invitationId/cancel, POST} route[39m[38;5;3m +1ms[39m
[32m[Nest] 11956  - [39m08/14/2026, 1:52:59 PM [32m    LOG[39m [38;5;3m[RouterExplorer] [39m[32mMapped {/api/v1/invitations/:invitationId/revoke, POST} route[39m[38;5;3m +0ms[39m
[32m[Nest] 11956  - [39m08/14/2026, 1:52:59 PM [32m    LOG[39m [38;5;3m[RouterExplorer] [39m[32mMapped {/api/v1/invitations/:invitationId/accept, POST} route[39m[38;5;3m +0ms[39m
[32m[Nest] 11956  - [39m08/14/2026, 1:52:59 PM [32m    LOG[39m [38;5;3m[RouterExplorer] [39m[32mMapped {/api/v1/memberships/:membershipId/revoke, POST} route[39m[38;5;3m +0ms[39m
[32m[Nest] 11956  - [39m08/14/2026, 1:52:59 PM [32m    LOG[39m [38;5;3m[RouterExplorer] [39m[32mMapped {/api/v1/memberships/:membershipId/reactivate, POST} route[39m[38;5;3m +1ms[39m
[32m[Nest] 11956  - [39m08/14/2026, 1:52:59 PM [32m    LOG[39m [38;5;3m[RoutesResolver] [39m[32mPortalAuthController {/api/v1/auth}:[39m[38;5;3m +35ms[39m
[32m[Nest] 11956  - [39m08/14/2026, 1:52:59 PM [32m    LOG[39m [38;5;3m[RouterExplorer] [39m[32mMapped {/api/v1/auth/super-admin/login, POST} route[39m[38;5;3m +1ms[39m
[32m[Nest] 11956  - [39m08/14/2026, 1:52:59 PM [32m    LOG[39m [38;5;3m[RouterExplorer] [39m[32mMapped {/api/v1/auth/tenant/login, POST} route[39m[38;5;3m +0ms[39m
[32m[Nest] 11956  - [39m08/14/2026, 1:52:59 PM [32m    LOG[39m [38;5;3m[RouterExplorer] [39m[32mMapped {/api/v1/auth/employee/login, POST} route[39m[38;5;3m +1ms[39m
[32m[Nest] 11956  - [39m08/14/2026, 1:52:59 PM [32m    LOG[39m [38;5;3m[RouterExplorer] [39m[32mMapped {/api/v1/auth/client/login, POST} route[39m[38;5;3m +1ms[39m
[32m[Nest] 11956  - [39m08/14/2026, 1:52:59 PM [32m    LOG[39m [38;5;3m[RouterExplorer] [39m[32mMapped {/api/v1/auth/super-admin/session, GET} route[39m[38;5;3m +0ms[39m
[32m[Nest] 11956  - [39m08/14/2026, 1:52:59 PM [32m    LOG[39m [38;5;3m[RouterExplorer] [39m[32mMapped {/api/v1/auth/tenant/session, GET} route[39m[38;5;3m +0ms[39m
[32m[Nest] 11956  - [39m08/14/2026, 1:52:59 PM [32m    LOG[39m [38;5;3m[RouterExplorer] [39m[32mMapped {/api/v1/auth/employee/session, GET} route[39m[38;5;3m +1ms[39m
[32m[Nest] 11956  - [39m08/14/2026, 1:52:59 PM [32m    LOG[39m [38;5;3m[RouterExplorer] [39m[32mMapped {/api/v1/auth/client/session, GET} route[39m[38;5;3m +0ms[39m
[32m[Nest] 11956  - [39m08/14/2026, 1:52:59 PM [32m    LOG[39m [38;5;3m[RouterExplorer] [39m[32mMapped {/api/v1/auth/super-admin/logout, POST} route[39m[38;5;3m +0ms[39m
[32m[Nest] 11956  - [39m08/14/2026, 1:52:59 PM [32m    LOG[39m [38;5;3m[RouterExplorer] [39m[32mMapped {/api/v1/auth/tenant/logout, POST} route[39m[38;5;3m +1ms[39m
[32m[Nest] 11956  - [39m08/14/2026, 1:52:59 PM [32m    LOG[39m [38;5;3m[RouterExplorer] [39m[32mMapped {/api/v1/auth/employee/logout, POST} route[39m[38;5;3m +0ms[39m
[32m[Nest] 11956  - [39m08/14/2026, 1:52:59 PM [32m    LOG[39m [38;5;3m[RouterExplorer] [39m[32mMapped {/api/v1/auth/client/logout, POST} route[39m[38;5;3m +1ms[39m
[32m[Nest] 11956  - [39m08/14/2026, 1:52:59 PM [32m    LOG[39m [38;5;3m[RoutesResolver] [39m[32mSuperAdminAuditLogController {/api/v1/super-admin/audit-log}:[39m[38;5;3m +0ms[39m
[32m[Nest] 11956  - [39m08/14/2026, 1:52:59 PM [32m    LOG[39m [38;5;3m[RouterExplorer] [39m[32mMapped {/api/v1/super-admin/audit-log, GET} route[39m[38;5;3m +0ms[39m
[32m[Nest] 11956  - [39m08/14/2026, 1:52:59 PM [32m    LOG[39m [38;5;3m[RoutesResolver] [39m[32mSuperAdminDashboardController {/api/v1/super-admin}:[39m[38;5;3m +1ms[39m
[32m[Nest] 11956  - [39m08/14/2026, 1:52:59 PM [32m    LOG[39m [38;5;3m[RouterExplorer] [39m[32mMapped {/api/v1/super-admin/dashboard, GET} route[39m[38;5;3m +0ms[39m
[32m[Nest] 11956  - [39m08/14/2026, 1:52:59 PM [32m    LOG[39m [38;5;3m[RouterExplorer] [39m[32mMapped {/api/v1/super-admin/alerts/:alertId/view, PATCH} route[39m[38;5;3m +0ms[39m
[32m[Nest] 11956  - [39m08/14/2026, 1:52:59 PM [32m    LOG[39m [38;5;3m[RouterExplorer] [39m[32mMapped {/api/v1/super-admin/alerts/:alertId/reviews, POST} route[39m[38;5;3m +1ms[39m
[32m[Nest] 11956  - [39m08/14/2026, 1:52:59 PM [32m    LOG[39m [38;5;3m[RouterExplorer] [39m[32mMapped {/api/v1/super-admin/tenant-reviews/:reviewId, PATCH} route[39m[38;5;3m +0ms[39m
[32m[Nest] 11956  - [39m08/14/2026, 1:52:59 PM [32m    LOG[39m [38;5;3m[RoutesResolver] [39m[32mSuperAdminSearchController {/api/v1/super-admin}:[39m[38;5;3m +0ms[39m
[32m[Nest] 11956  - [39m08/14/2026, 1:52:59 PM [32m    LOG[39m [38;5;3m[RouterExplorer] [39m[32mMapped {/api/v1/super-admin/search, GET} route[39m[38;5;3m +1ms[39m
[32m[Nest] 11956  - [39m08/14/2026, 1:52:59 PM [32m    LOG[39m [38;5;3m[RoutesResolver] [39m[32mSuperAdminNotificationsController {/api/v1/super-admin/notifications}:[39m[38;5;3m +0ms[39m
[32m[Nest] 11956  - [39m08/14/2026, 1:52:59 PM [32m    LOG[39m [38;5;3m[RouterExplorer] [39m[32mMapped {/api/v1/super-admin/notifications, GET} route[39m[38;5;3m +0ms[39m
[32m[Nest] 11956  - [39m08/14/2026, 1:52:59 PM [32m    LOG[39m [38;5;3m[RouterExplorer] [39m[32mMapped {/api/v1/super-admin/notifications/unread-count, GET} route[39m[38;5;3m +1ms[39m
[32m[Nest] 11956  - [39m08/14/2026, 1:52:59 PM [32m    LOG[39m [38;5;3m[RouterExplorer] [39m[32mMapped {/api/v1/super-admin/notifications/:notificationId/read, PATCH} route[39m[38;5;3m +0ms[39m
[32m[Nest] 11956  - [39m08/14/2026, 1:52:59 PM [32m    LOG[39m [38;5;3m[RouterExplorer] [39m[32mMapped {/api/v1/super-admin/notifications/read-all, PATCH} route[39m[38;5;3m +0ms[39m
[32m[Nest] 11956  - [39m08/14/2026, 1:52:59 PM [32m    LOG[39m [38;5;3m[RoutesResolver] [39m[32mSuperAdminPlatformConfigurationController {/api/v1/super-admin/platform-configuration}:[39m[38;5;3m +0ms[39m
[32m[Nest] 11956  - [39m08/14/2026, 1:52:59 PM [32m    LOG[39m [38;5;3m[RouterExplorer] [39m[32mMapped {/api/v1/super-admin/platform-configuration, GET} route[39m[38;5;3m +1ms[39m
[32m[Nest] 11956  - [39m08/14/2026, 1:52:59 PM [32m    LOG[39m [38;5;3m[RouterExplorer] [39m[32mMapped {/api/v1/super-admin/platform-configuration, PATCH} route[39m[38;5;3m +0ms[39m
[32m[Nest] 11956  - [39m08/14/2026, 1:52:59 PM [32m    LOG[39m [38;5;3m[RoutesResolver] [39m[32mClientPortalDashboardController {/api/v1/client-portal/dashboard}:[39m[38;5;3m +0ms[39m
[32m[Nest] 11956  - [39m08/14/2026, 1:52:59 PM [32m    LOG[39m [38;5;3m[RouterExplorer] [39m[32mMapped {/api/v1/client-portal/dashboard, GET} route[39m[38;5;3m +0ms[39m
[32m[Nest] 11956  - [39m08/14/2026, 1:52:59 PM [32m    LOG[39m [38;5;3m[RoutesResolver] [39m[32mClientPortalDeliverablesController {/api/v1/client-portal/deliverables}:[39m[38;5;3m +1ms[39m
[32m[Nest] 11956  - [39m08/14/2026, 1:52:59 PM [32m    LOG[39m [38;5;3m[RouterExplorer] [39m[32mMapped {/api/v1/client-portal/deliverables, GET} route[39m[38;5;3m +0ms[39m
[32m[Nest] 11956  - [39m08/14/2026, 1:52:59 PM [32m    LOG[39m [38;5;3m[RouterExplorer] [39m[32mMapped {/api/v1/client-portal/deliverables/:documentId/decision, POST} route[39m[38;5;3m +0ms[39m
[32m[Nest] 11956  - [39m08/14/2026, 1:52:59 PM [32m    LOG[39m [38;5;3m[RouterExplorer] [39m[32mMapped {/api/v1/client-portal/deliverables/:documentId/download, GET} route[39m[38;5;3m +1ms[39m
[32m[Nest] 11956  - [39m08/14/2026, 1:52:59 PM [32m    LOG[39m [38;5;3m[RoutesResolver] [39m[32mClientPortalNotificationsController {/api/v1/client-portal/notifications}:[39m[38;5;3m +0ms[39m
[32m[Nest] 11956  - [39m08/14/2026, 1:52:59 PM [32m    LOG[39m [38;5;3m[RouterExplorer] [39m[32mMapped {/api/v1/client-portal/notifications, GET} route[39m[38;5;3m +4ms[39m
[32m[Nest] 11956  - [39m08/14/2026, 1:52:59 PM [32m    LOG[39m [38;5;3m[RoutesResolver] [39m[32mClientPortalProfileController {/api/v1/client-portal/profile}:[39m[38;5;3m +2ms[39m
[32m[Nest] 11956  - [39m08/14/2026, 1:52:59 PM [32m    LOG[39m [38;5;3m[RouterExplorer] [39m[32mMapped {/api/v1/client-portal/profile, GET} route[39m[38;5;3m +2ms[39m
[32m[Nest] 11956  - [39m08/14/2026, 1:52:59 PM [32m    LOG[39m [38;5;3m[RouterExplorer] [39m[32mMapped {/api/v1/client-portal/profile, PATCH} route[39m[38;5;3m +3ms[39m
[32m[Nest] 11956  - [39m08/14/2026, 1:52:59 PM [32m    LOG[39m [38;5;3m[RoutesResolver] [39m[32mClientPortalRequestsController {/api/v1/client-portal/requests}:[39m[38;5;3m +4ms[39m
[32m[Nest] 11956  - [39m08/14/2026, 1:52:59 PM [32m    LOG[39m [38;5;3m[RouterExplorer] [39m[32mMapped {/api/v1/client-portal/requests/options, GET} route[39m[38;5;3m +2ms[39m
[32m[Nest] 11956  - [39m08/14/2026, 1:52:59 PM [32m    LOG[39m [38;5;3m[RouterExplorer] [39m[32mMapped {/api/v1/client-portal/requests, POST} route[39m[38;5;3m +1ms[39m
[32m[Nest] 11956  - [39m08/14/2026, 1:52:59 PM [32m    LOG[39m [38;5;3m[RoutesResolver] [39m[32mEmployeeDashboardController {/api/v1/employee/dashboard}:[39m[38;5;3m +1ms[39m
[32m[Nest] 11956  - [39m08/14/2026, 1:52:59 PM [32m    LOG[39m [38;5;3m[RouterExplorer] [39m[32mMapped {/api/v1/employee/dashboard, GET} route[39m[38;5;3m +0ms[39m
[32m[Nest] 11956  - [39m08/14/2026, 1:52:59 PM [32m    LOG[39m [38;5;3m[RoutesResolver] [39m[32mEmployeeDocumentsController {/api/v1/employee/documents}:[39m[38;5;3m +0ms[39m
[32m[Nest] 11956  - [39m08/14/2026, 1:52:59 PM [32m    LOG[39m [38;5;3m[RouterExplorer] [39m[32mMapped {/api/v1/employee/documents/options, GET} route[39m[38;5;3m +1ms[39m
[32m[Nest] 11956  - [39m08/14/2026, 1:52:59 PM [32m    LOG[39m [38;5;3m[RouterExplorer] [39m[32mMapped {/api/v1/employee/documents, GET} route[39m[38;5;3m +0ms[39m
[32m[Nest] 11956  - [39m08/14/2026, 1:52:59 PM [32m    LOG[39m [38;5;3m[RouterExplorer] [39m[32mMapped {/api/v1/employee/documents, POST} route[39m[38;5;3m +0ms[39m
[32m[Nest] 11956  - [39m08/14/2026, 1:52:59 PM [32m    LOG[39m [38;5;3m[RouterExplorer] [39m[32mMapped {/api/v1/employee/documents/upload-url, POST} route[39m[38;5;3m +0ms[39m
[32m[Nest] 11956  - [39m08/14/2026, 1:52:59 PM [32m    LOG[39m [38;5;3m[RouterExplorer] [39m[32mMapped {/api/v1/employee/documents/:documentId/download, GET} route[39m[38;5;3m +1ms[39m
[32m[Nest] 11956  - [39m08/14/2026, 1:52:59 PM [32m    LOG[39m [38;5;3m[RoutesResolver] [39m[32mEmployeeManagerController {/api/v1/employee/manager}:[39m[38;5;3m +0ms[39m
[32m[Nest] 11956  - [39m08/14/2026, 1:52:59 PM [32m    LOG[39m [38;5;3m[RouterExplorer] [39m[32mMapped {/api/v1/employee/manager/clients, GET} route[39m[38;5;3m +0ms[39m
[32m[Nest] 11956  - [39m08/14/2026, 1:52:59 PM [32m    LOG[39m [38;5;3m[RouterExplorer] [39m[32mMapped {/api/v1/employee/manager/task-options, GET} route[39m[38;5;3m +1ms[39m
[32m[Nest] 11956  - [39m08/14/2026, 1:52:59 PM [32m    LOG[39m [38;5;3m[RouterExplorer] [39m[32mMapped {/api/v1/employee/manager/reviews, GET} route[39m[38;5;3m +0ms[39m
[32m[Nest] 11956  - [39m08/14/2026, 1:52:59 PM [32m    LOG[39m [38;5;3m[RouterExplorer] [39m[32mMapped {/api/v1/employee/manager/tasks, POST} route[39m[38;5;3m +0ms[39m
[32m[Nest] 11956  - [39m08/14/2026, 1:52:59 PM [32m    LOG[39m [38;5;3m[RouterExplorer] [39m[32mMapped {/api/v1/employee/manager/reviews/:taskId, POST} route[39m[38;5;3m +1ms[39m
[32m[Nest] 11956  - [39m08/14/2026, 1:52:59 PM [32m    LOG[39m [38;5;3m[RoutesResolver] [39m[32mEmployeeNotificationsController {/api/v1/employee/notifications}:[39m[38;5;3m +0ms[39m
[32m[Nest] 11956  - [39m08/14/2026, 1:52:59 PM [32m    LOG[39m [38;5;3m[RouterExplorer] [39m[32mMapped {/api/v1/employee/notifications, GET} route[39m[38;5;3m +0ms[39m
[32m[Nest] 11956  - [39m08/14/2026, 1:52:59 PM [32m    LOG[39m [38;5;3m[RouterExplorer] [39m[32mMapped {/api/v1/employee/notifications/unread-count, GET} route[39m[38;5;3m +0ms[39m
[32m[Nest] 11956  - [39m08/14/2026, 1:52:59 PM [32m    LOG[39m [38;5;3m[RouterExplorer] [39m[32mMapped {/api/v1/employee/notifications/:notificationId/read, PATCH} route[39m[38;5;3m +1ms[39m
[32m[Nest] 11956  - [39m08/14/2026, 1:52:59 PM [32m    LOG[39m [38;5;3m[RouterExplorer] [39m[32mMapped {/api/v1/employee/notifications/read-all, PATCH} route[39m[38;5;3m +0ms[39m
[32m[Nest] 11956  - [39m08/14/2026, 1:52:59 PM [32m    LOG[39m [38;5;3m[RoutesResolver] [39m[32mEmployeeProfileController {/api/v1/employee/profile}:[39m[38;5;3m +0ms[39m
[32m[Nest] 11956  - [39m08/14/2026, 1:52:59 PM [32m    LOG[39m [38;5;3m[RouterExplorer] [39m[32mMapped {/api/v1/employee/profile, GET} route[39m[38;5;3m +1ms[39m
[32m[Nest] 11956  - [39m08/14/2026, 1:52:59 PM [32m    LOG[39m [38;5;3m[RoutesResolver] [39m[32mEmployeeTasksController {/api/v1/employee}:[39m[38;5;3m +0ms[39m
[32m[Nest] 11956  - [39m08/14/2026, 1:52:59 PM [32m    LOG[39m [38;5;3m[RouterExplorer] [39m[32mMapped {/api/v1/employee/tasks, GET} route[39m[38;5;3m +1ms[39m
[32m[Nest] 11956  - [39m08/14/2026, 1:52:59 PM [32m    LOG[39m [38;5;3m[RouterExplorer] [39m[32mMapped {/api/v1/employee/work-logs, GET} route[39m[38;5;3m +0ms[39m
[32m[Nest] 11956  - [39m08/14/2026, 1:52:59 PM [32m    LOG[39m [38;5;3m[RouterExplorer] [39m[32mMapped {/api/v1/employee/tasks/:taskId/start, POST} route[39m[38;5;3m +0ms[39m
[32m[Nest] 11956  - [39m08/14/2026, 1:52:59 PM [32m    LOG[39m [38;5;3m[RouterExplorer] [39m[32mMapped {/api/v1/employee/tasks/:taskId/pause, POST} route[39m[38;5;3m +0ms[39m
[32m[Nest] 11956  - [39m08/14/2026, 1:52:59 PM [32m    LOG[39m [38;5;3m[RouterExplorer] [39m[32mMapped {/api/v1/employee/tasks/:taskId/resume, POST} route[39m[38;5;3m +1ms[39m
[32m[Nest] 11956  - [39m08/14/2026, 1:52:59 PM [32m    LOG[39m [38;5;3m[RouterExplorer] [39m[32mMapped {/api/v1/employee/tasks/:taskId/submit, POST} route[39m[38;5;3m +0ms[39m
[32m[Nest] 11956  - [39m08/14/2026, 1:52:59 PM [32m    LOG[39m [38;5;3m[RoutesResolver] [39m[32mTenantAdminDashboardController {/api/v1/tenant-admin/dashboard}:[39m[38;5;3m +1ms[39m
[32m[Nest] 11956  - [39m08/14/2026, 1:52:59 PM [32m    LOG[39m [38;5;3m[RouterExplorer] [39m[32mMapped {/api/v1/tenant-admin/dashboard, GET} route[39m[38;5;3m +0ms[39m
[32m[Nest] 11956  - [39m08/14/2026, 1:52:59 PM [32m    LOG[39m [38;5;3m[RouterExplorer] [39m[32mMapped {/api/v1/tenant-admin/dashboard/profile, GET} route[39m[38;5;3m +0ms[39m
[32m[Nest] 11956  - [39m08/14/2026, 1:52:59 PM [32m    LOG[39m [38;5;3m[RouterExplorer] [39m[32mMapped {/api/v1/tenant-admin/dashboard/profile, PATCH} route[39m[38;5;3m +1ms[39m
[32m[Nest] 11956  - [39m08/14/2026, 1:52:59 PM [32m    LOG[39m [38;5;3m[RoutesResolver] [39m[32mTenantAdminClientsController {/api/v1/tenant-admin/clients}:[39m[38;5;3m +0ms[39m
[32m[Nest] 11956  - [39m08/14/2026, 1:52:59 PM [32m    LOG[39m [38;5;3m[RouterExplorer] [39m[32mMapped {/api/v1/tenant-admin/clients, GET} route[39m[38;5;3m +0ms[39m
[32m[Nest] 11956  - [39m08/14/2026, 1:52:59 PM [32m    LOG[39m [38;5;3m[RouterExplorer] [39m[32mMapped {/api/v1/tenant-admin/clients, POST} route[39m[38;5;3m +1ms[39m
[32m[Nest] 11956  - [39m08/14/2026, 1:52:59 PM [32m    LOG[39m [38;5;3m[RouterExplorer] [39m[32mMapped {/api/v1/tenant-admin/clients/:clientRef, GET} route[39m[38;5;3m +0ms[39m
[32m[Nest] 11956  - [39m08/14/2026, 1:52:59 PM [32m    LOG[39m [38;5;3m[RouterExplorer] [39m[32mMapped {/api/v1/tenant-admin/clients/:clientRef, DELETE} route[39m[38;5;3m +0ms[39m
[32m[Nest] 11956  - [39m08/14/2026, 1:52:59 PM [32m    LOG[39m [38;5;3m[RouterExplorer] [39m[32mMapped {/api/v1/tenant-admin/clients/:clientRef/contacts, POST} route[39m[38;5;3m +0ms[39m
[32m[Nest] 11956  - [39m08/14/2026, 1:52:59 PM [32m    LOG[39m [38;5;3m[RouterExplorer] [39m[32mMapped {/api/v1/tenant-admin/clients/:clientRef/contacts/:contactId, PATCH} route[39m[38;5;3m +0ms[39m
[32m[Nest] 11956  - [39m08/14/2026, 1:52:59 PM [32m    LOG[39m [38;5;3m[RoutesResolver] [39m[32mTenantAdminEmployeePerformanceController {/api/v1/tenant-admin/employee-performance}:[39m[38;5;3m +1ms[39m
[32m[Nest] 11956  - [39m08/14/2026, 1:52:59 PM [32m    LOG[39m [38;5;3m[RouterExplorer] [39m[32mMapped {/api/v1/tenant-admin/employee-performance, GET} route[39m[38;5;3m +0ms[39m
[32m[Nest] 11956  - [39m08/14/2026, 1:52:59 PM [32m    LOG[39m [38;5;3m[RouterExplorer] [39m[32mMapped {/api/v1/tenant-admin/employee-performance/:employeeId, GET} route[39m[38;5;3m +0ms[39m
[32m[Nest] 11956  - [39m08/14/2026, 1:52:59 PM [32m    LOG[39m [38;5;3m[RoutesResolver] [39m[32mTenantAdminFinanceController {/api/v1/tenant-admin/finance}:[39m[38;5;3m +0ms[39m
[32m[Nest] 11956  - [39m08/14/2026, 1:52:59 PM [32m    LOG[39m [38;5;3m[RouterExplorer] [39m[32mMapped {/api/v1/tenant-admin/finance/documents, GET} route[39m[38;5;3m +0ms[39m
[32m[Nest] 11956  - [39m08/14/2026, 1:52:59 PM [32m    LOG[39m [38;5;3m[RouterExplorer] [39m[32mMapped {/api/v1/tenant-admin/finance/documents, POST} route[39m[38;5;3m +0ms[39m
[32m[Nest] 11956  - [39m08/14/2026, 1:52:59 PM [32m    LOG[39m [38;5;3m[RouterExplorer] [39m[32mMapped {/api/v1/tenant-admin/finance/documents/upload-url, POST} route[39m[38;5;3m +0ms[39m
[32m[Nest] 11956  - [39m08/14/2026, 1:52:59 PM [32m    LOG[39m [38;5;3m[RouterExplorer] [39m[32mMapped {/api/v1/tenant-admin/finance/documents/:documentId/download, GET} route[39m[38;5;3m +0ms[39m
[32m[Nest] 11956  - [39m08/14/2026, 1:52:59 PM [32m    LOG[39m [38;5;3m[RouterExplorer] [39m[32mMapped {/api/v1/tenant-admin/finance/invoices, GET} route[39m[38;5;3m +0ms[39m
[32m[Nest] 11956  - [39m08/14/2026, 1:52:59 PM [32m    LOG[39m [38;5;3m[RouterExplorer] [39m[32mMapped {/api/v1/tenant-admin/finance/invoices, POST} route[39m[38;5;3m +1ms[39m
[32m[Nest] 11956  - [39m08/14/2026, 1:52:59 PM [32m    LOG[39m [38;5;3m[RouterExplorer] [39m[32mMapped {/api/v1/tenant-admin/finance/billable-tasks, GET} route[39m[38;5;3m +0ms[39m
[32m[Nest] 11956  - [39m08/14/2026, 1:52:59 PM [32m    LOG[39m [38;5;3m[RouterExplorer] [39m[32mMapped {/api/v1/tenant-admin/finance/invoices/from-task, POST} route[39m[38;5;3m +0ms[39m
[32m[Nest] 11956  - [39m08/14/2026, 1:52:59 PM [32m    LOG[39m [38;5;3m[RouterExplorer] [39m[32mMapped {/api/v1/tenant-admin/finance/invoices/:invoiceId/send, POST} route[39m[38;5;3m +0ms[39m
[32m[Nest] 11956  - [39m08/14/2026, 1:52:59 PM [32m    LOG[39m [38;5;3m[RoutesResolver] [39m[32mTenantAdminNotificationsController {/api/v1/tenant-admin/notifications}:[39m[38;5;3m +0ms[39m
[32m[Nest] 11956  - [39m08/14/2026, 1:52:59 PM [32m    LOG[39m [38;5;3m[RouterExplorer] [39m[32mMapped {/api/v1/tenant-admin/notifications, GET} route[39m[38;5;3m +0ms[39m
[32m[Nest] 11956  - [39m08/14/2026, 1:52:59 PM [32m    LOG[39m [38;5;3m[RouterExplorer] [39m[32mMapped {/api/v1/tenant-admin/notifications/unread-count, GET} route[39m[38;5;3m +0ms[39m
[32m[Nest] 11956  - [39m08/14/2026, 1:52:59 PM [32m    LOG[39m [38;5;3m[RouterExplorer] [39m[32mMapped {/api/v1/tenant-admin/notifications/:notificationId/read, PATCH} route[39m[38;5;3m +0ms[39m
[32m[Nest] 11956  - [39m08/14/2026, 1:52:59 PM [32m    LOG[39m [38;5;3m[RouterExplorer] [39m[32mMapped {/api/v1/tenant-admin/notifications/read-all, PATCH} route[39m[38;5;3m +0ms[39m
[32m[Nest] 11956  - [39m08/14/2026, 1:52:59 PM [32m    LOG[39m [38;5;3m[RoutesResolver] [39m[32mTenantAdminServicesController {/api/v1/tenant-admin/services}:[39m[38;5;3m +0ms[39m
[32m[Nest] 11956  - [39m08/14/2026, 1:52:59 PM [32m    LOG[39m [38;5;3m[RouterExplorer] [39m[32mMapped {/api/v1/tenant-admin/services, GET} route[39m[38;5;3m +0ms[39m
[32m[Nest] 11956  - [39m08/14/2026, 1:52:59 PM [32m    LOG[39m [38;5;3m[RouterExplorer] [39m[32mMapped {/api/v1/tenant-admin/services, POST} route[39m[38;5;3m +0ms[39m
[32m[Nest] 11956  - [39m08/14/2026, 1:52:59 PM [32m    LOG[39m [38;5;3m[RoutesResolver] [39m[32mTenantAdminTasksController {/api/v1/tenant-admin/tasks}:[39m[38;5;3m +0ms[39m
[32m[Nest] 11956  - [39m08/14/2026, 1:52:59 PM [32m    LOG[39m [38;5;3m[RouterExplorer] [39m[32mMapped {/api/v1/tenant-admin/tasks/options, GET} route[39m[38;5;3m +1ms[39m
[32m[Nest] 11956  - [39m08/14/2026, 1:52:59 PM [32m    LOG[39m [38;5;3m[RouterExplorer] [39m[32mMapped {/api/v1/tenant-admin/tasks, GET} route[39m[38;5;3m +0ms[39m
[32m[Nest] 11956  - [39m08/14/2026, 1:52:59 PM [32m    LOG[39m [38;5;3m[RouterExplorer] [39m[32mMapped {/api/v1/tenant-admin/tasks, POST} route[39m[38;5;3m +0ms[39m
[32m[Nest] 11956  - [39m08/14/2026, 1:52:59 PM [32m    LOG[39m [38;5;3m[RouterExplorer] [39m[32mMapped {/api/v1/tenant-admin/tasks/:taskId/approval, POST} route[39m[38;5;3m +0ms[39m
[32m[Nest] 11956  - [39m08/14/2026, 1:52:59 PM [32m    LOG[39m [38;5;3m[RouterExplorer] [39m[32mMapped {/api/v1/tenant-admin/tasks/employees, POST} route[39m[38;5;3m +0ms[39m
[32m[Nest] 11956  - [39m08/14/2026, 1:52:59 PM [32m    LOG[39m [38;5;3m[RouterExplorer] [39m[32mMapped {/api/v1/tenant-admin/tasks/employees/email-availability, GET} route[39m[38;5;3m +0ms[39m
[32m[Nest] 11956  - [39m08/14/2026, 1:52:59 PM [32m    LOG[39m [38;5;3m[RouterExplorer] [39m[32mMapped {/api/v1/tenant-admin/tasks/employees, GET} route[39m[38;5;3m +0ms[39m
[32m[Nest] 11956  - [39m08/14/2026, 1:52:59 PM [32m    LOG[39m [38;5;3m[RouterExplorer] [39m[32mMapped {/api/v1/tenant-admin/tasks/departments, GET} route[39m[38;5;3m +0ms[39m
[32m[Nest] 11956  - [39m08/14/2026, 1:52:59 PM [32m    LOG[39m [38;5;3m[RouterExplorer] [39m[32mMapped {/api/v1/tenant-admin/tasks/departments, POST} route[39m[38;5;3m +1ms[39m
[32m[Nest] 11956  - [39m08/14/2026, 1:52:59 PM [32m    LOG[39m [38;5;3m[RouterExplorer] [39m[32mMapped {/api/v1/tenant-admin/tasks/employees/:employeeId/assignment, PATCH} route[39m[38;5;3m +0ms[39m
[32m[Nest] 11956  - [39m08/14/2026, 1:52:59 PM [32m    LOG[39m [38;5;3m[RouterExplorer] [39m[32mMapped {/api/v1/tenant-admin/tasks/employees/:employeeId/manager, PATCH} route[39m[38;5;3m +0ms[39m
[32m[Nest] 11956  - [39m08/14/2026, 1:52:59 PM [32m    LOG[39m [38;5;3m[RouterExplorer] [39m[32mMapped {/api/v1/tenant-admin/tasks/employees/:employeeId/manager, DELETE} route[39m[38;5;3m +0ms[39m
[32m[Nest] 11956  - [39m08/14/2026, 1:52:59 PM [32m    LOG[39m [38;5;3m[RouterExplorer] [39m[32mMapped {/api/v1/tenant-admin/tasks/employees/:employeeId/capacity, PATCH} route[39m[38;5;3m +0ms[39m
[32m[Nest] 11956  - [39m08/14/2026, 1:52:59 PM [32m    LOG[39m [38;5;3m[RouterExplorer] [39m[32mMapped {/api/v1/tenant-admin/tasks/work-groups, GET} route[39m[38;5;3m +0ms[39m
[32m[Nest] 11956  - [39m08/14/2026, 1:52:59 PM [32m    LOG[39m [38;5;3m[RouterExplorer] [39m[32mMapped {/api/v1/tenant-admin/tasks/work-groups, POST} route[39m[38;5;3m +0ms[39m
[32m[Nest] 11956  - [39m08/14/2026, 1:52:59 PM [32m    LOG[39m [38;5;3m[RouterExplorer] [39m[32mMapped {/api/v1/tenant-admin/tasks/work-groups/:workGroupId, PATCH} route[39m[38;5;3m +0ms[39m
[32m[Nest] 11956  - [39m08/14/2026, 1:52:59 PM [32m    LOG[39m [38;5;3m[RoutesResolver] [39m[32mTenantAnalyticsController {/api/v1/super-admin/tenant-analytics}:[39m[38;5;3m +0ms[39m
[32m[Nest] 11956  - [39m08/14/2026, 1:52:59 PM [32m    LOG[39m [38;5;3m[RouterExplorer] [39m[32mMapped {/api/v1/super-admin/tenant-analytics, GET} route[39m[38;5;3m +0ms[39m
[32m[Nest] 11956  - [39m08/14/2026, 1:52:59 PM [32m    LOG[39m [38;5;3m[TaskNotificationOutboxWorker] [39m[32m[Notifications] Task notification worker is running. It checks committed notifications every 500ms.[39m
[32m[Nest] 11956  - [39m08/14/2026, 1:52:59 PM [32m    LOG[39m [38;5;3m[NestApplication] [39m[32mNest application successfully started[39m[38;5;3m +1ms[39m
{"level":30,"time":1786695779753,"service":"SaaS App Backend","environment":"development","msg":"Server listening at http://172.16.0.2:4000"}
{"level":30,"time":1786695779753,"service":"SaaS App Backend","environment":"development","msg":"Server listening at http://192.168.1.29:4000"}
2:17:27 PM [tsx] change in ./src\platform\tenant-admin-tasks.dto.ts Restarting...
[32m[Nest] 21380  - [39m08/14/2026, 2:17:34 PM [32m    LOG[39m [38;5;3m[NestFactory] [39m[32mStarting Nest application...[39m
[32m[Nest] 21380  - [39m08/14/2026, 2:17:34 PM [32m    LOG[39m [38;5;3m[InstanceLoader] [39m[32mAppConfigModule dependencies initialized[39m[38;5;3m +3ms[39m
[32m[Nest] 21380  - [39m08/14/2026, 2:17:34 PM [32m    LOG[39m [38;5;3m[InstanceLoader] [39m[32mAppConfigModule dependencies initialized[39m[38;5;3m +0ms[39m
[32m[Nest] 21380  - [39m08/14/2026, 2:17:34 PM [32m    LOG[39m [38;5;3m[InstanceLoader] [39m[32mCommonModule dependencies initialized[39m[38;5;3m +0ms[39m
[32m[Nest] 21380  - [39m08/14/2026, 2:17:34 PM [32m    LOG[39m [38;5;3m[InstanceLoader] [39m[32mAppModule dependencies initialized[39m[38;5;3m +0ms[39m
[32m[Nest] 21380  - [39m08/14/2026, 2:17:34 PM [32m    LOG[39m [38;5;3m[InstanceLoader] [39m[32mDatabaseModule dependencies initialized[39m[38;5;3m +1ms[39m
[32m[Nest] 21380  - [39m08/14/2026, 2:17:34 PM [32m    LOG[39m [38;5;3m[InstanceLoader] [39m[32mHealthModule dependencies initialized[39m[38;5;3m +0ms[39m
[32m[Nest] 21380  - [39m08/14/2026, 2:17:34 PM [32m    LOG[39m [38;5;3m[InstanceLoader] [39m[32mAuthModule dependencies initialized[39m[38;5;3m +0ms[39m
[32m[Nest] 21380  - [39m08/14/2026, 2:17:34 PM [32m    LOG[39m [38;5;3m[InstanceLoader] [39m[32mPlatformModule dependencies initialized[39m[38;5;3m +0ms[39m
[32m[Nest] 21380  - [39m08/14/2026, 2:17:34 PM [32m    LOG[39m [38;5;3m[RoutesResolver] [39m[32mHealthController {/api/v1/health}:[39m[38;5;3m +0ms[39m
[32m[Nest] 21380  - [39m08/14/2026, 2:17:34 PM [32m    LOG[39m [38;5;3m[RouterExplorer] [39m[32mMapped {/api/v1/health/live, GET} route[39m[38;5;3m +0ms[39m
[32m[Nest] 21380  - [39m08/14/2026, 2:17:34 PM [32m    LOG[39m [38;5;3m[RouterExplorer] [39m[32mMapped {/api/v1/health/ready, GET} route[39m[38;5;3m +0ms[39m
[32m[Nest] 21380  - [39m08/14/2026, 2:17:34 PM [32m    LOG[39m [38;5;3m[RoutesResolver] [39m[32mMeController {/api/v1/me}:[39m[38;5;3m +0ms[39m
[32m[Nest] 21380  - [39m08/14/2026, 2:17:34 PM [32m    LOG[39m [38;5;3m[RouterExplorer] [39m[32mMapped {/api/v1/me, GET} route[39m[38;5;3m +1ms[39m
[32m[Nest] 21380  - [39m08/14/2026, 2:17:34 PM [32m    LOG[39m [38;5;3m[RouterExplorer] [39m[32mMapped {/api/v1/me/profile, PATCH} route[39m[38;5;3m +0ms[39m
[32m[Nest] 21380  - [39m08/14/2026, 2:17:34 PM [32m    LOG[39m [38;5;3m[RouterExplorer] [39m[32mMapped {/api/v1/me/preferences, PATCH} route[39m[38;5;3m +0ms[39m
[32m[Nest] 21380  - [39m08/14/2026, 2:17:34 PM [32m    LOG[39m [38;5;3m[RoutesResolver] [39m[32mAccessAdminController {/api/v1}:[39m[38;5;3m +0ms[39m
[32m[Nest] 21380  - [39m08/14/2026, 2:17:34 PM [32m    LOG[39m [38;5;3m[RouterExplorer] [39m[32mMapped {/api/v1/super-admin/tenant-creation-options, GET} route[39m[38;5;3m +0ms[39m
[32m[Nest] 21380  - [39m08/14/2026, 2:17:34 PM [32m    LOG[39m [38;5;3m[RouterExplorer] [39m[32mMapped {/api/v1/super-admin/tenants, GET} route[39m[38;5;3m +0ms[39m
[32m[Nest] 21380  - [39m08/14/2026, 2:17:34 PM [32m    LOG[39m [38;5;3m[RouterExplorer] [39m[32mMapped {/api/v1/super-admin/users/email-availability, GET} route[39m[38;5;3m +0ms[39m
[32m[Nest] 21380  - [39m08/14/2026, 2:17:34 PM [32m    LOG[39m [38;5;3m[RouterExplorer] [39m[32mMapped {/api/v1/super-admin/tenant-list-filters, GET} route[39m[38;5;3m +0ms[39m
[32m[Nest] 21380  - [39m08/14/2026, 2:17:34 PM [32m    LOG[39m [38;5;3m[RouterExplorer] [39m[32mMapped {/api/v1/super-admin/tenants/:tenantId, GET} route[39m[38;5;3m +0ms[39m
[32m[Nest] 21380  - [39m08/14/2026, 2:17:34 PM [32m    LOG[39m [38;5;3m[RouterExplorer] [39m[32mMapped {/api/v1/super-admin/tenants/:tenantId/status, PATCH} route[39m[38;5;3m +0ms[39m
[32m[Nest] 21380  - [39m08/14/2026, 2:17:34 PM [32m    LOG[39m [38;5;3m[RouterExplorer] [39m[32mMapped {/api/v1/super-admin/tenants/:tenantId/password, POST} route[39m[38;5;3m +0ms[39m
[32m[Nest] 21380  - [39m08/14/2026, 2:17:34 PM [32m    LOG[39m [38;5;3m[RouterExplorer] [39m[32mMapped {/api/v1/super-admin/tenants, POST} route[39m[38;5;3m +0ms[39m
[32m[Nest] 21380  - [39m08/14/2026, 2:17:34 PM [32m    LOG[39m [38;5;3m[RouterExplorer] [39m[32mMapped {/api/v1/invitations, POST} route[39m[38;5;3m +0ms[39m
[32m[Nest] 21380  - [39m08/14/2026, 2:17:34 PM [32m    LOG[39m [38;5;3m[RouterExplorer] [39m[32mMapped {/api/v1/invitations/:invitationId/cancel, POST} route[39m[38;5;3m +1ms[39m
[32m[Nest] 21380  - [39m08/14/2026, 2:17:34 PM [32m    LOG[39m [38;5;3m[RouterExplorer] [39m[32mMapped {/api/v1/invitations/:invitationId/revoke, POST} route[39m[38;5;3m +0ms[39m
[32m[Nest] 21380  - [39m08/14/2026, 2:17:34 PM [32m    LOG[39m [38;5;3m[RouterExplorer] [39m[32mMapped {/api/v1/invitations/:invitationId/accept, POST} route[39m[38;5;3m +0ms[39m
[32m[Nest] 21380  - [39m08/14/2026, 2:17:34 PM [32m    LOG[39m [38;5;3m[RouterExplorer] [39m[32mMapped {/api/v1/memberships/:membershipId/revoke, POST} route[39m[38;5;3m +0ms[39m
[32m[Nest] 21380  - [39m08/14/2026, 2:17:34 PM [32m    LOG[39m [38;5;3m[RouterExplorer] [39m[32mMapped {/api/v1/memberships/:membershipId/reactivate, POST} route[39m[38;5;3m +0ms[39m
[32m[Nest] 21380  - [39m08/14/2026, 2:17:34 PM [32m    LOG[39m [38;5;3m[RoutesResolver] [39m[32mPortalAuthController {/api/v1/auth}:[39m[38;5;3m +0ms[39m
[32m[Nest] 21380  - [39m08/14/2026, 2:17:34 PM [32m    LOG[39m [38;5;3m[RouterExplorer] [39m[32mMapped {/api/v1/auth/super-admin/login, POST} route[39m[38;5;3m +0ms[39m
[32m[Nest] 21380  - [39m08/14/2026, 2:17:34 PM [32m    LOG[39m [38;5;3m[RouterExplorer] [39m[32mMapped {/api/v1/auth/tenant/login, POST} route[39m[38;5;3m +0ms[39m
[32m[Nest] 21380  - [39m08/14/2026, 2:17:34 PM [32m    LOG[39m [38;5;3m[RouterExplorer] [39m[32mMapped {/api/v1/auth/employee/login, POST} route[39m[38;5;3m +0ms[39m
[32m[Nest] 21380  - [39m08/14/2026, 2:17:34 PM [32m    LOG[39m [38;5;3m[RouterExplorer] [39m[32mMapped {/api/v1/auth/client/login, POST} route[39m[38;5;3m +0ms[39m
[32m[Nest] 21380  - [39m08/14/2026, 2:17:34 PM [32m    LOG[39m [38;5;3m[RouterExplorer] [39m[32mMapped {/api/v1/auth/super-admin/session, GET} route[39m[38;5;3m +0ms[39m
[32m[Nest] 21380  - [39m08/14/2026, 2:17:34 PM [32m    LOG[39m [38;5;3m[RouterExplorer] [39m[32mMapped {/api/v1/auth/tenant/session, GET} route[39m[38;5;3m +0ms[39m
[32m[Nest] 21380  - [39m08/14/2026, 2:17:34 PM [32m    LOG[39m [38;5;3m[RouterExplorer] [39m[32mMapped {/api/v1/auth/employee/session, GET} route[39m[38;5;3m +1ms[39m
[32m[Nest] 21380  - [39m08/14/2026, 2:17:34 PM [32m    LOG[39m [38;5;3m[RouterExplorer] [39m[32mMapped {/api/v1/auth/client/session, GET} route[39m[38;5;3m +0ms[39m
[32m[Nest] 21380  - [39m08/14/2026, 2:17:34 PM [32m    LOG[39m [38;5;3m[RouterExplorer] [39m[32mMapped {/api/v1/auth/super-admin/logout, POST} route[39m[38;5;3m +0ms[39m
[32m[Nest] 21380  - [39m08/14/2026, 2:17:34 PM [32m    LOG[39m [38;5;3m[RouterExplorer] [39m[32mMapped {/api/v1/auth/tenant/logout, POST} route[39m[38;5;3m +0ms[39m
[32m[Nest] 21380  - [39m08/14/2026, 2:17:34 PM [32m    LOG[39m [38;5;3m[RouterExplorer] [39m[32mMapped {/api/v1/auth/employee/logout, POST} route[39m[38;5;3m +0ms[39m
[32m[Nest] 21380  - [39m08/14/2026, 2:17:34 PM [32m    LOG[39m [38;5;3m[RouterExplorer] [39m[32mMapped {/api/v1/auth/client/logout, POST} route[39m[38;5;3m +0ms[39m
[32m[Nest] 21380  - [39m08/14/2026, 2:17:34 PM [32m    LOG[39m [38;5;3m[RoutesResolver] [39m[32mSuperAdminAuditLogController {/api/v1/super-admin/audit-log}:[39m[38;5;3m +0ms[39m
[32m[Nest] 21380  - [39m08/14/2026, 2:17:34 PM [32m    LOG[39m [38;5;3m[RouterExplorer] [39m[32mMapped {/api/v1/super-admin/audit-log, GET} route[39m[38;5;3m +0ms[39m
[32m[Nest] 21380  - [39m08/14/2026, 2:17:34 PM [32m    LOG[39m [38;5;3m[RoutesResolver] [39m[32mSuperAdminDashboardController {/api/v1/super-admin}:[39m[38;5;3m +0ms[39m
[32m[Nest] 21380  - [39m08/14/2026, 2:17:34 PM [32m    LOG[39m [38;5;3m[RouterExplorer] [39m[32mMapped {/api/v1/super-admin/dashboard, GET} route[39m[38;5;3m +0ms[39m
[32m[Nest] 21380  - [39m08/14/2026, 2:17:34 PM [32m    LOG[39m [38;5;3m[RouterExplorer] [39m[32mMapped {/api/v1/super-admin/alerts/:alertId/view, PATCH} route[39m[38;5;3m +0ms[39m
[32m[Nest] 21380  - [39m08/14/2026, 2:17:34 PM [32m    LOG[39m [38;5;3m[RouterExplorer] [39m[32mMapped {/api/v1/super-admin/alerts/:alertId/reviews, POST} route[39m[38;5;3m +1ms[39m
[32m[Nest] 21380  - [39m08/14/2026, 2:17:34 PM [32m    LOG[39m [38;5;3m[RouterExplorer] [39m[32mMapped {/api/v1/super-admin/tenant-reviews/:reviewId, PATCH} route[39m[38;5;3m +0ms[39m
[32m[Nest] 21380  - [39m08/14/2026, 2:17:34 PM [32m    LOG[39m [38;5;3m[RoutesResolver] [39m[32mSuperAdminSearchController {/api/v1/super-admin}:[39m[38;5;3m +0ms[39m
[32m[Nest] 21380  - [39m08/14/2026, 2:17:34 PM [32m    LOG[39m [38;5;3m[RouterExplorer] [39m[32mMapped {/api/v1/super-admin/search, GET} route[39m[38;5;3m +0ms[39m
[32m[Nest] 21380  - [39m08/14/2026, 2:17:34 PM [32m    LOG[39m [38;5;3m[RoutesResolver] [39m[32mSuperAdminNotificationsController {/api/v1/super-admin/notifications}:[39m[38;5;3m +0ms[39m
[32m[Nest] 21380  - [39m08/14/2026, 2:17:34 PM [32m    LOG[39m [38;5;3m[RouterExplorer] [39m[32mMapped {/api/v1/super-admin/notifications, GET} route[39m[38;5;3m +0ms[39m
[32m[Nest] 21380  - [39m08/14/2026, 2:17:34 PM [32m    LOG[39m [38;5;3m[RouterExplorer] [39m[32mMapped {/api/v1/super-admin/notifications/unread-count, GET} route[39m[38;5;3m +0ms[39m
[32m[Nest] 21380  - [39m08/14/2026, 2:17:34 PM [32m    LOG[39m [38;5;3m[RouterExplorer] [39m[32mMapped {/api/v1/super-admin/notifications/:notificationId/read, PATCH} route[39m[38;5;3m +0ms[39m
[32m[Nest] 21380  - [39m08/14/2026, 2:17:34 PM [32m    LOG[39m [38;5;3m[RouterExplorer] [39m[32mMapped {/api/v1/super-admin/notifications/read-all, PATCH} route[39m[38;5;3m +0ms[39m
[32m[Nest] 21380  - [39m08/14/2026, 2:17:34 PM [32m    LOG[39m [38;5;3m[RoutesResolver] [39m[32mSuperAdminPlatformConfigurationController {/api/v1/super-admin/platform-configuration}:[39m[38;5;3m +0ms[39m
[32m[Nest] 21380  - [39m08/14/2026, 2:17:34 PM [32m    LOG[39m [38;5;3m[RouterExplorer] [39m[32mMapped {/api/v1/super-admin/platform-configuration, GET} route[39m[38;5;3m +0ms[39m
[32m[Nest] 21380  - [39m08/14/2026, 2:17:34 PM [32m    LOG[39m [38;5;3m[RouterExplorer] [39m[32mMapped {/api/v1/super-admin/platform-configuration, PATCH} route[39m[38;5;3m +0ms[39m
[32m[Nest] 21380  - [39m08/14/2026, 2:17:34 PM [32m    LOG[39m [38;5;3m[RoutesResolver] [39m[32mClientPortalDashboardController {/api/v1/client-portal/dashboard}:[39m[38;5;3m +0ms[39m
[32m[Nest] 21380  - [39m08/14/2026, 2:17:34 PM [32m    LOG[39m [38;5;3m[RouterExplorer] [39m[32mMapped {/api/v1/client-portal/dashboard, GET} route[39m[38;5;3m +1ms[39m
[32m[Nest] 21380  - [39m08/14/2026, 2:17:34 PM [32m    LOG[39m [38;5;3m[RoutesResolver] [39m[32mClientPortalDeliverablesController {/api/v1/client-portal/deliverables}:[39m[38;5;3m +0ms[39m
[32m[Nest] 21380  - [39m08/14/2026, 2:17:34 PM [32m    LOG[39m [38;5;3m[RouterExplorer] [39m[32mMapped {/api/v1/client-portal/deliverables, GET} route[39m[38;5;3m +0ms[39m
[32m[Nest] 21380  - [39m08/14/2026, 2:17:34 PM [32m    LOG[39m [38;5;3m[RouterExplorer] [39m[32mMapped {/api/v1/client-portal/deliverables/:documentId/decision, POST} route[39m[38;5;3m +0ms[39m
[32m[Nest] 21380  - [39m08/14/2026, 2:17:34 PM [32m    LOG[39m [38;5;3m[RouterExplorer] [39m[32mMapped {/api/v1/client-portal/deliverables/:documentId/download, GET} route[39m[38;5;3m +0ms[39m
[32m[Nest] 21380  - [39m08/14/2026, 2:17:34 PM [32m    LOG[39m [38;5;3m[RoutesResolver] [39m[32mClientPortalNotificationsController {/api/v1/client-portal/notifications}:[39m[38;5;3m +0ms[39m
[32m[Nest] 21380  - [39m08/14/2026, 2:17:34 PM [32m    LOG[39m [38;5;3m[RouterExplorer] [39m[32mMapped {/api/v1/client-portal/notifications, GET} route[39m[38;5;3m +0ms[39m
[32m[Nest] 21380  - [39m08/14/2026, 2:17:34 PM [32m    LOG[39m [38;5;3m[RoutesResolver] [39m[32mClientPortalProfileController {/api/v1/client-portal/profile}:[39m[38;5;3m +1ms[39m
[32m[Nest] 21380  - [39m08/14/2026, 2:17:34 PM [32m    LOG[39m [38;5;3m[RouterExplorer] [39m[32mMapped {/api/v1/client-portal/profile, GET} route[39m[38;5;3m +0ms[39m
[32m[Nest] 21380  - [39m08/14/2026, 2:17:34 PM [32m    LOG[39m [38;5;3m[RouterExplorer] [39m[32mMapped {/api/v1/client-portal/profile, PATCH} route[39m[38;5;3m +0ms[39m
[32m[Nest] 21380  - [39m08/14/2026, 2:17:34 PM [32m    LOG[39m [38;5;3m[RoutesResolver] [39m[32mClientPortalRequestsController {/api/v1/client-portal/requests}:[39m[38;5;3m +0ms[39m
[32m[Nest] 21380  - [39m08/14/2026, 2:17:34 PM [32m    LOG[39m [38;5;3m[RouterExplorer] [39m[32mMapped {/api/v1/client-portal/requests/options, GET} route[39m[38;5;3m +0ms[39m
[32m[Nest] 21380  - [39m08/14/2026, 2:17:34 PM [32m    LOG[39m [38;5;3m[RouterExplorer] [39m[32mMapped {/api/v1/client-portal/requests, POST} route[39m[38;5;3m +1ms[39m
[32m[Nest] 21380  - [39m08/14/2026, 2:17:34 PM [32m    LOG[39m [38;5;3m[RoutesResolver] [39m[32mEmployeeDashboardController {/api/v1/employee/dashboard}:[39m[38;5;3m +0ms[39m
[32m[Nest] 21380  - [39m08/14/2026, 2:17:34 PM [32m    LOG[39m [38;5;3m[RouterExplorer] [39m[32mMapped {/api/v1/employee/dashboard, GET} route[39m[38;5;3m +0ms[39m
[32m[Nest] 21380  - [39m08/14/2026, 2:17:34 PM [32m    LOG[39m [38;5;3m[RoutesResolver] [39m[32mEmployeeDocumentsController {/api/v1/employee/documents}:[39m[38;5;3m +0ms[39m
[32m[Nest] 21380  - [39m08/14/2026, 2:17:34 PM [32m    LOG[39m [38;5;3m[RouterExplorer] [39m[32mMapped {/api/v1/employee/documents/options, GET} route[39m[38;5;3m +0ms[39m
[32m[Nest] 21380  - [39m08/14/2026, 2:17:34 PM [32m    LOG[39m [38;5;3m[RouterExplorer] [39m[32mMapped {/api/v1/employee/documents, GET} route[39m[38;5;3m +0ms[39m
[32m[Nest] 21380  - [39m08/14/2026, 2:17:34 PM [32m    LOG[39m [38;5;3m[RouterExplorer] [39m[32mMapped {/api/v1/employee/documents, POST} route[39m[38;5;3m +0ms[39m
[32m[Nest] 21380  - [39m08/14/2026, 2:17:34 PM [32m    LOG[39m [38;5;3m[RouterExplorer] [39m[32mMapped {/api/v1/employee/documents/upload-url, POST} route[39m[38;5;3m +0ms[39m
[32m[Nest] 21380  - [39m08/14/2026, 2:17:34 PM [32m    LOG[39m [38;5;3m[RouterExplorer] [39m[32mMapped {/api/v1/employee/documents/:documentId/download, GET} route[39m[38;5;3m +0ms[39m
[32m[Nest] 21380  - [39m08/14/2026, 2:17:34 PM [32m    LOG[39m [38;5;3m[RoutesResolver] [39m[32mEmployeeManagerController {/api/v1/employee/manager}:[39m[38;5;3m +0ms[39m
[32m[Nest] 21380  - [39m08/14/2026, 2:17:34 PM [32m    LOG[39m [38;5;3m[RouterExplorer] [39m[32mMapped {/api/v1/employee/manager/clients, GET} route[39m[38;5;3m +0ms[39m
[32m[Nest] 21380  - [39m08/14/2026, 2:17:34 PM [32m    LOG[39m [38;5;3m[RouterExplorer] [39m[32mMapped {/api/v1/employee/manager/task-options, GET} route[39m[38;5;3m +0ms[39m
[32m[Nest] 21380  - [39m08/14/2026, 2:17:34 PM [32m    LOG[39m [38;5;3m[RouterExplorer] [39m[32mMapped {/api/v1/employee/manager/reviews, GET} route[39m[38;5;3m +0ms[39m
[32m[Nest] 21380  - [39m08/14/2026, 2:17:34 PM [32m    LOG[39m [38;5;3m[RouterExplorer] [39m[32mMapped {/api/v1/employee/manager/tasks, POST} route[39m[38;5;3m +1ms[39m
[32m[Nest] 21380  - [39m08/14/2026, 2:17:34 PM [32m    LOG[39m [38;5;3m[RouterExplorer] [39m[32mMapped {/api/v1/employee/manager/reviews/:taskId, POST} route[39m[38;5;3m +0ms[39m
[32m[Nest] 21380  - [39m08/14/2026, 2:17:34 PM [32m    LOG[39m [38;5;3m[RoutesResolver] [39m[32mEmployeeNotificationsController {/api/v1/employee/notifications}:[39m[38;5;3m +0ms[39m
[32m[Nest] 21380  - [39m08/14/2026, 2:17:34 PM [32m    LOG[39m [38;5;3m[RouterExplorer] [39m[32mMapped {/api/v1/employee/notifications, GET} route[39m[38;5;3m +0ms[39m
[32m[Nest] 21380  - [39m08/14/2026, 2:17:34 PM [32m    LOG[39m [38;5;3m[RouterExplorer] [39m[32mMapped {/api/v1/employee/notifications/unread-count, GET} route[39m[38;5;3m +0ms[39m
[32m[Nest] 21380  - [39m08/14/2026, 2:17:34 PM [32m    LOG[39m [38;5;3m[RouterExplorer] [39m[32mMapped {/api/v1/employee/notifications/:notificationId/read, PATCH} route[39m[38;5;3m +0ms[39m
[32m[Nest] 21380  - [39m08/14/2026, 2:17:34 PM [32m    LOG[39m [38;5;3m[RouterExplorer] [39m[32mMapped {/api/v1/employee/notifications/read-all, PATCH} route[39m[38;5;3m +0ms[39m
[32m[Nest] 21380  - [39m08/14/2026, 2:17:34 PM [32m    LOG[39m [38;5;3m[RoutesResolver] [39m[32mEmployeeProfileController {/api/v1/employee/profile}:[39m[38;5;3m +0ms[39m
[32m[Nest] 21380  - [39m08/14/2026, 2:17:34 PM [32m    LOG[39m [38;5;3m[RouterExplorer] [39m[32mMapped {/api/v1/employee/profile, GET} route[39m[38;5;3m +0ms[39m
[32m[Nest] 21380  - [39m08/14/2026, 2:17:34 PM [32m    LOG[39m [38;5;3m[RoutesResolver] [39m[32mEmployeeTasksController {/api/v1/employee}:[39m[38;5;3m +0ms[39m
[32m[Nest] 21380  - [39m08/14/2026, 2:17:34 PM [32m    LOG[39m [38;5;3m[RouterExplorer] [39m[32mMapped {/api/v1/employee/tasks, GET} route[39m[38;5;3m +0ms[39m
[32m[Nest] 21380  - [39m08/14/2026, 2:17:34 PM [32m    LOG[39m [38;5;3m[RouterExplorer] [39m[32mMapped {/api/v1/employee/work-logs, GET} route[39m[38;5;3m +0ms[39m
[32m[Nest] 21380  - [39m08/14/2026, 2:17:34 PM [32m    LOG[39m [38;5;3m[RouterExplorer] [39m[32mMapped {/api/v1/employee/tasks/:taskId/start, POST} route[39m[38;5;3m +0ms[39m
[32m[Nest] 21380  - [39m08/14/2026, 2:17:34 PM [32m    LOG[39m [38;5;3m[RouterExplorer] [39m[32mMapped {/api/v1/employee/tasks/:taskId/pause, POST} route[39m[38;5;3m +1ms[39m
[32m[Nest] 21380  - [39m08/14/2026, 2:17:34 PM [32m    LOG[39m [38;5;3m[RouterExplorer] [39m[32mMapped {/api/v1/employee/tasks/:taskId/resume, POST} route[39m[38;5;3m +0ms[39m
[32m[Nest] 21380  - [39m08/14/2026, 2:17:34 PM [32m    LOG[39m [38;5;3m[RouterExplorer] [39m[32mMapped {/api/v1/employee/tasks/:taskId/submit, POST} route[39m[38;5;3m +0ms[39m
[32m[Nest] 21380  - [39m08/14/2026, 2:17:34 PM [32m    LOG[39m [38;5;3m[RoutesResolver] [39m[32mTenantAdminDashboardController {/api/v1/tenant-admin/dashboard}:[39m[38;5;3m +0ms[39m
[32m[Nest] 21380  - [39m08/14/2026, 2:17:34 PM [32m    LOG[39m [38;5;3m[RouterExplorer] [39m[32mMapped {/api/v1/tenant-admin/dashboard, GET} route[39m[38;5;3m +0ms[39m
[32m[Nest] 21380  - [39m08/14/2026, 2:17:34 PM [32m    LOG[39m [38;5;3m[RouterExplorer] [39m[32mMapped {/api/v1/tenant-admin/dashboard/profile, GET} route[39m[38;5;3m +0ms[39m
[32m[Nest] 21380  - [39m08/14/2026, 2:17:34 PM [32m    LOG[39m [38;5;3m[RouterExplorer] [39m[32mMapped {/api/v1/tenant-admin/dashboard/profile, PATCH} route[39m[38;5;3m +0ms[39m
[32m[Nest] 21380  - [39m08/14/2026, 2:17:34 PM [32m    LOG[39m [38;5;3m[RoutesResolver] [39m[32mTenantAdminClientsController {/api/v1/tenant-admin/clients}:[39m[38;5;3m +0ms[39m
[32m[Nest] 21380  - [39m08/14/2026, 2:17:34 PM [32m    LOG[39m [38;5;3m[RouterExplorer] [39m[32mMapped {/api/v1/tenant-admin/clients, GET} route[39m[38;5;3m +0ms[39m
[32m[Nest] 21380  - [39m08/14/2026, 2:17:34 PM [32m    LOG[39m [38;5;3m[RouterExplorer] [39m[32mMapped {/api/v1/tenant-admin/clients, POST} route[39m[38;5;3m +0ms[39m
[32m[Nest] 21380  - [39m08/14/2026, 2:17:34 PM [32m    LOG[39m [38;5;3m[RouterExplorer] [39m[32mMapped {/api/v1/tenant-admin/clients/:clientRef, GET} route[39m[38;5;3m +0ms[39m
[32m[Nest] 21380  - [39m08/14/2026, 2:17:34 PM [32m    LOG[39m [38;5;3m[RouterExplorer] [39m[32mMapped {/api/v1/tenant-admin/clients/:clientRef, DELETE} route[39m[38;5;3m +0ms[39m
[32m[Nest] 21380  - [39m08/14/2026, 2:17:34 PM [32m    LOG[39m [38;5;3m[RouterExplorer] [39m[32mMapped {/api/v1/tenant-admin/clients/:clientRef/contacts, POST} route[39m[38;5;3m +1ms[39m
[32m[Nest] 21380  - [39m08/14/2026, 2:17:34 PM [32m    LOG[39m [38;5;3m[RouterExplorer] [39m[32mMapped {/api/v1/tenant-admin/clients/:clientRef/contacts/:contactId, PATCH} route[39m[38;5;3m +0ms[39m
[32m[Nest] 21380  - [39m08/14/2026, 2:17:34 PM [32m    LOG[39m [38;5;3m[RoutesResolver] [39m[32mTenantAdminEmployeePerformanceController {/api/v1/tenant-admin/employee-performance}:[39m[38;5;3m +0ms[39m
[32m[Nest] 21380  - [39m08/14/2026, 2:17:34 PM [32m    LOG[39m [38;5;3m[RouterExplorer] [39m[32mMapped {/api/v1/tenant-admin/employee-performance, GET} route[39m[38;5;3m +0ms[39m
[32m[Nest] 21380  - [39m08/14/2026, 2:17:34 PM [32m    LOG[39m [38;5;3m[RouterExplorer] [39m[32mMapped {/api/v1/tenant-admin/employee-performance/:employeeId, GET} route[39m[38;5;3m +0ms[39m
[32m[Nest] 21380  - [39m08/14/2026, 2:17:34 PM [32m    LOG[39m [38;5;3m[RoutesResolver] [39m[32mTenantAdminFinanceController {/api/v1/tenant-admin/finance}:[39m[38;5;3m +0ms[39m
[32m[Nest] 21380  - [39m08/14/2026, 2:17:34 PM [32m    LOG[39m [38;5;3m[RouterExplorer] [39m[32mMapped {/api/v1/tenant-admin/finance/documents, GET} route[39m[38;5;3m +0ms[39m
[32m[Nest] 21380  - [39m08/14/2026, 2:17:34 PM [32m    LOG[39m [38;5;3m[RouterExplorer] [39m[32mMapped {/api/v1/tenant-admin/finance/documents, POST} route[39m[38;5;3m +0ms[39m
[32m[Nest] 21380  - [39m08/14/2026, 2:17:34 PM [32m    LOG[39m [38;5;3m[RouterExplorer] [39m[32mMapped {/api/v1/tenant-admin/finance/documents/upload-url, POST} route[39m[38;5;3m +0ms[39m
[32m[Nest] 21380  - [39m08/14/2026, 2:17:34 PM [32m    LOG[39m [38;5;3m[RouterExplorer] [39m[32mMapped {/api/v1/tenant-admin/finance/documents/:documentId/download, GET} route[39m[38;5;3m +0ms[39m
[32m[Nest] 21380  - [39m08/14/2026, 2:17:34 PM [32m    LOG[39m [38;5;3m[RouterExplorer] [39m[32mMapped {/api/v1/tenant-admin/finance/invoices, GET} route[39m[38;5;3m +0ms[39m
[32m[Nest] 21380  - [39m08/14/2026, 2:17:34 PM [32m    LOG[39m [38;5;3m[RouterExplorer] [39m[32mMapped {/api/v1/tenant-admin/finance/invoices, POST} route[39m[38;5;3m +0ms[39m
[32m[Nest] 21380  - [39m08/14/2026, 2:17:34 PM [32m    LOG[39m [38;5;3m[RouterExplorer] [39m[32mMapped {/api/v1/tenant-admin/finance/billable-tasks, GET} route[39m[38;5;3m +0ms[39m
[32m[Nest] 21380  - [39m08/14/2026, 2:17:34 PM [32m    LOG[39m [38;5;3m[RouterExplorer] [39m[32mMapped {/api/v1/tenant-admin/finance/invoices/from-task, POST} route[39m[38;5;3m +1ms[39m
[32m[Nest] 21380  - [39m08/14/2026, 2:17:34 PM [32m    LOG[39m [38;5;3m[RouterExplorer] [39m[32mMapped {/api/v1/tenant-admin/finance/invoices/:invoiceId/send, POST} route[39m[38;5;3m +0ms[39m
[32m[Nest] 21380  - [39m08/14/2026, 2:17:34 PM [32m    LOG[39m [38;5;3m[RoutesResolver] [39m[32mTenantAdminNotificationsController {/api/v1/tenant-admin/notifications}:[39m[38;5;3m +0ms[39m
[32m[Nest] 21380  - [39m08/14/2026, 2:17:34 PM [32m    LOG[39m [38;5;3m[RouterExplorer] [39m[32mMapped {/api/v1/tenant-admin/notifications, GET} route[39m[38;5;3m +0ms[39m
[32m[Nest] 21380  - [39m08/14/2026, 2:17:34 PM [32m    LOG[39m [38;5;3m[RouterExplorer] [39m[32mMapped {/api/v1/tenant-admin/notifications/unread-count, GET} route[39m[38;5;3m +0ms[39m
[32m[Nest] 21380  - [39m08/14/2026, 2:17:34 PM [32m    LOG[39m [38;5;3m[RouterExplorer] [39m[32mMapped {/api/v1/tenant-admin/notifications/:notificationId/read, PATCH} route[39m[38;5;3m +0ms[39m
[32m[Nest] 21380  - [39m08/14/2026, 2:17:34 PM [32m    LOG[39m [38;5;3m[RouterExplorer] [39m[32mMapped {/api/v1/tenant-admin/notifications/read-all, PATCH} route[39m[38;5;3m +0ms[39m
[32m[Nest] 21380  - [39m08/14/2026, 2:17:34 PM [32m    LOG[39m [38;5;3m[RoutesResolver] [39m[32mTenantAdminServicesController {/api/v1/tenant-admin/services}:[39m[38;5;3m +0ms[39m
[32m[Nest] 21380  - [39m08/14/2026, 2:17:34 PM [32m    LOG[39m [38;5;3m[RouterExplorer] [39m[32mMapped {/api/v1/tenant-admin/services, GET} route[39m[38;5;3m +0ms[39m
[32m[Nest] 21380  - [39m08/14/2026, 2:17:34 PM [32m    LOG[39m [38;5;3m[RouterExplorer] [39m[32mMapped {/api/v1/tenant-admin/services, POST} route[39m[38;5;3m +0ms[39m
[32m[Nest] 21380  - [39m08/14/2026, 2:17:34 PM [32m    LOG[39m [38;5;3m[RoutesResolver] [39m[32mTenantAdminTasksController {/api/v1/tenant-admin/tasks}:[39m[38;5;3m +0ms[39m
[32m[Nest] 21380  - [39m08/14/2026, 2:17:34 PM [32m    LOG[39m [38;5;3m[RouterExplorer] [39m[32mMapped {/api/v1/tenant-admin/tasks/options, GET} route[39m[38;5;3m +0ms[39m
[32m[Nest] 21380  - [39m08/14/2026, 2:17:34 PM [32m    LOG[39m [38;5;3m[RouterExplorer] [39m[32mMapped {/api/v1/tenant-admin/tasks, GET} route[39m[38;5;3m +1ms[39m
[32m[Nest] 21380  - [39m08/14/2026, 2:17:34 PM [32m    LOG[39m [38;5;3m[RouterExplorer] [39m[32mMapped {/api/v1/tenant-admin/tasks, POST} route[39m[38;5;3m +0ms[39m
[32m[Nest] 21380  - [39m08/14/2026, 2:17:34 PM [32m    LOG[39m [38;5;3m[RouterExplorer] [39m[32mMapped {/api/v1/tenant-admin/tasks/:taskId/approval, POST} route[39m[38;5;3m +0ms[39m
[32m[Nest] 21380  - [39m08/14/2026, 2:17:34 PM [32m    LOG[39m [38;5;3m[RouterExplorer] [39m[32mMapped {/api/v1/tenant-admin/tasks/employees, POST} route[39m[38;5;3m +0ms[39m
[32m[Nest] 21380  - [39m08/14/2026, 2:17:34 PM [32m    LOG[39m [38;5;3m[RouterExplorer] [39m[32mMapped {/api/v1/tenant-admin/tasks/employees/email-availability, GET} route[39m[38;5;3m +0ms[39m
[32m[Nest] 21380  - [39m08/14/2026, 2:17:34 PM [32m    LOG[39m [38;5;3m[RouterExplorer] [39m[32mMapped {/api/v1/tenant-admin/tasks/employees, GET} route[39m[38;5;3m +0ms[39m
[32m[Nest] 21380  - [39m08/14/2026, 2:17:34 PM [32m    LOG[39m [38;5;3m[RouterExplorer] [39m[32mMapped {/api/v1/tenant-admin/tasks/departments, GET} route[39m[38;5;3m +0ms[39m
[32m[Nest] 21380  - [39m08/14/2026, 2:17:34 PM [32m    LOG[39m [38;5;3m[RouterExplorer] [39m[32mMapped {/api/v1/tenant-admin/tasks/departments, POST} route[39m[38;5;3m +0ms[39m
[32m[Nest] 21380  - [39m08/14/2026, 2:17:34 PM [32m    LOG[39m [38;5;3m[RouterExplorer] [39m[32mMapped {/api/v1/tenant-admin/tasks/employees/:employeeId/assignment, PATCH} route[39m[38;5;3m +0ms[39m
[32m[Nest] 21380  - [39m08/14/2026, 2:17:34 PM [32m    LOG[39m [38;5;3m[RouterExplorer] [39m[32mMapped {/api/v1/tenant-admin/tasks/employees/:employeeId/manager, PATCH} route[39m[38;5;3m +0ms[39m
[32m[Nest] 21380  - [39m08/14/2026, 2:17:34 PM [32m    LOG[39m [38;5;3m[RouterExplorer] [39m[32mMapped {/api/v1/tenant-admin/tasks/employees/:employeeId/manager, DELETE} route[39m[38;5;3m +0ms[39m
[32m[Nest] 21380  - [39m08/14/2026, 2:17:34 PM [32m    LOG[39m [38;5;3m[RouterExplorer] [39m[32mMapped {/api/v1/tenant-admin/tasks/employees/:employeeId/capacity, PATCH} route[39m[38;5;3m +0ms[39m
[32m[Nest] 21380  - [39m08/14/2026, 2:17:34 PM [32m    LOG[39m [38;5;3m[RouterExplorer] [39m[32mMapped {/api/v1/tenant-admin/tasks/work-groups, GET} route[39m[38;5;3m +0ms[39m
[32m[Nest] 21380  - [39m08/14/2026, 2:17:34 PM [32m    LOG[39m [38;5;3m[RouterExplorer] [39m[32mMapped {/api/v1/tenant-admin/tasks/work-groups, POST} route[39m[38;5;3m +1ms[39m
[32m[Nest] 21380  - [39m08/14/2026, 2:17:34 PM [32m    LOG[39m [38;5;3m[RouterExplorer] [39m[32mMapped {/api/v1/tenant-admin/tasks/work-groups/:workGroupId, PATCH} route[39m[38;5;3m +0ms[39m
[32m[Nest] 21380  - [39m08/14/2026, 2:17:34 PM [32m    LOG[39m [38;5;3m[RoutesResolver] [39m[32mTenantAnalyticsController {/api/v1/super-admin/tenant-analytics}:[39m[38;5;3m +0ms[39m
[32m[Nest] 21380  - [39m08/14/2026, 2:17:34 PM [32m    LOG[39m [38;5;3m[RouterExplorer] [39m[32mMapped {/api/v1/super-admin/tenant-analytics, GET} route[39m[38;5;3m +0ms[39m
[32m[Nest] 21380  - [39m08/14/2026, 2:17:34 PM [32m    LOG[39m [38;5;3m[TaskNotificationOutboxWorker] [39m[32m[Notifications] Task notification worker is running. It checks committed notifications every 500ms.[39m
[32m[Nest] 21380  - [39m08/14/2026, 2:17:34 PM [32m    LOG[39m [38;5;3m[NestApplication] [39m[32mNest application successfully started[39m[38;5;3m +0ms[39m
2:18:05 PM [tsx] change in ./src\platform\tenant-admin-tasks.repository.ts Restarting...
{"level":30,"time":1786697291852,"service":"SaaS App Backend","environment":"development","msg":"Server listening at http://127.0.0.1:4000"}
[32m[Nest] 11416  - [39m08/14/2026, 2:18:11 PM [32m    LOG[39m [38;5;3m[NestFactory] [39m[32mStarting Nest application...[39m
[32m[Nest] 11416  - [39m08/14/2026, 2:18:11 PM [32m    LOG[39m [38;5;3m[InstanceLoader] [39m[32mAppConfigModule dependencies initialized[39m[38;5;3m +3ms[39m
[32m[Nest] 11416  - [39m08/14/2026, 2:18:11 PM [32m    LOG[39m [38;5;3m[InstanceLoader] [39m[32mAppConfigModule dependencies initialized[39m[38;5;3m +0ms[39m
[32m[Nest] 11416  - [39m08/14/2026, 2:18:11 PM [32m    LOG[39m [38;5;3m[InstanceLoader] [39m[32mCommonModule dependencies initialized[39m[38;5;3m +0ms[39m
[32m[Nest] 11416  - [39m08/14/2026, 2:18:11 PM [32m    LOG[39m [38;5;3m[InstanceLoader] [39m[32mAppModule dependencies initialized[39m[38;5;3m +0ms[39m
[32m[Nest] 11416  - [39m08/14/2026, 2:18:11 PM [32m    LOG[39m [38;5;3m[InstanceLoader] [39m[32mDatabaseModule dependencies initialized[39m[38;5;3m +0ms[39m
[32m[Nest] 11416  - [39m08/14/2026, 2:18:11 PM [32m    LOG[39m [38;5;3m[InstanceLoader] [39m[32mHealthModule dependencies initialized[39m[38;5;3m +1ms[39m
[32m[Nest] 11416  - [39m08/14/2026, 2:18:11 PM [32m    LOG[39m [38;5;3m[InstanceLoader] [39m[32mAuthModule dependencies initialized[39m[38;5;3m +0ms[39m
[32m[Nest] 11416  - [39m08/14/2026, 2:18:11 PM [32m    LOG[39m [38;5;3m[InstanceLoader] [39m[32mPlatformModule dependencies initialized[39m[38;5;3m +0ms[39m
[32m[Nest] 11416  - [39m08/14/2026, 2:18:11 PM [32m    LOG[39m [38;5;3m[RoutesResolver] [39m[32mHealthController {/api/v1/health}:[39m[38;5;3m +0ms[39m
[32m[Nest] 11416  - [39m08/14/2026, 2:18:11 PM [32m    LOG[39m [38;5;3m[RouterExplorer] [39m[32mMapped {/api/v1/health/live, GET} route[39m[38;5;3m +0ms[39m
[32m[Nest] 11416  - [39m08/14/2026, 2:18:11 PM [32m    LOG[39m [38;5;3m[RouterExplorer] [39m[32mMapped {/api/v1/health/ready, GET} route[39m[38;5;3m +0ms[39m
[32m[Nest] 11416  - [39m08/14/2026, 2:18:11 PM [32m    LOG[39m [38;5;3m[RoutesResolver] [39m[32mMeController {/api/v1/me}:[39m[38;5;3m +0ms[39m
[32m[Nest] 11416  - [39m08/14/2026, 2:18:11 PM [32m    LOG[39m [38;5;3m[RouterExplorer] [39m[32mMapped {/api/v1/me, GET} route[39m[38;5;3m +0ms[39m
[32m[Nest] 11416  - [39m08/14/2026, 2:18:11 PM [32m    LOG[39m [38;5;3m[RouterExplorer] [39m[32mMapped {/api/v1/me/profile, PATCH} route[39m[38;5;3m +0ms[39m
[32m[Nest] 11416  - [39m08/14/2026, 2:18:11 PM [32m    LOG[39m [38;5;3m[RouterExplorer] [39m[32mMapped {/api/v1/me/preferences, PATCH} route[39m[38;5;3m +0ms[39m
[32m[Nest] 11416  - [39m08/14/2026, 2:18:11 PM [32m    LOG[39m [38;5;3m[RoutesResolver] [39m[32mAccessAdminController {/api/v1}:[39m[38;5;3m +1ms[39m
[32m[Nest] 11416  - [39m08/14/2026, 2:18:11 PM [32m    LOG[39m [38;5;3m[RouterExplorer] [39m[32mMapped {/api/v1/super-admin/tenant-creation-options, GET} route[39m[38;5;3m +0ms[39m
[32m[Nest] 11416  - [39m08/14/2026, 2:18:11 PM [32m    LOG[39m [38;5;3m[RouterExplorer] [39m[32mMapped {/api/v1/super-admin/tenants, GET} route[39m[38;5;3m +0ms[39m
[32m[Nest] 11416  - [39m08/14/2026, 2:18:11 PM [32m    LOG[39m [38;5;3m[RouterExplorer] [39m[32mMapped {/api/v1/super-admin/users/email-availability, GET} route[39m[38;5;3m +0ms[39m
[32m[Nest] 11416  - [39m08/14/2026, 2:18:11 PM [32m    LOG[39m [38;5;3m[RouterExplorer] [39m[32mMapped {/api/v1/super-admin/tenant-list-filters, GET} route[39m[38;5;3m +0ms[39m
[32m[Nest] 11416  - [39m08/14/2026, 2:18:11 PM [32m    LOG[39m [38;5;3m[RouterExplorer] [39m[32mMapped {/api/v1/super-admin/tenants/:tenantId, GET} route[39m[38;5;3m +0ms[39m
[32m[Nest] 11416  - [39m08/14/2026, 2:18:11 PM [32m    LOG[39m [38;5;3m[RouterExplorer] [39m[32mMapped {/api/v1/super-admin/tenants/:tenantId/status, PATCH} route[39m[38;5;3m +0ms[39m
[32m[Nest] 11416  - [39m08/14/2026, 2:18:11 PM [32m    LOG[39m [38;5;3m[RouterExplorer] [39m[32mMapped {/api/v1/super-admin/tenants/:tenantId/password, POST} route[39m[38;5;3m +0ms[39m
[32m[Nest] 11416  - [39m08/14/2026, 2:18:11 PM [32m    LOG[39m [38;5;3m[RouterExplorer] [39m[32mMapped {/api/v1/super-admin/tenants, POST} route[39m[38;5;3m +0ms[39m
[32m[Nest] 11416  - [39m08/14/2026, 2:18:11 PM [32m    LOG[39m [38;5;3m[RouterExplorer] [39m[32mMapped {/api/v1/invitations, POST} route[39m[38;5;3m +0ms[39m
[32m[Nest] 11416  - [39m08/14/2026, 2:18:11 PM [32m    LOG[39m [38;5;3m[RouterExplorer] [39m[32mMapped {/api/v1/invitations/:invitationId/cancel, POST} route[39m[38;5;3m +0ms[39m
[32m[Nest] 11416  - [39m08/14/2026, 2:18:11 PM [32m    LOG[39m [38;5;3m[RouterExplorer] [39m[32mMapped {/api/v1/invitations/:invitationId/revoke, POST} route[39m[38;5;3m +0ms[39m
[32m[Nest] 11416  - [39m08/14/2026, 2:18:11 PM [32m    LOG[39m [38;5;3m[RouterExplorer] [39m[32mMapped {/api/v1/invitations/:invitationId/accept, POST} route[39m[38;5;3m +0ms[39m
[32m[Nest] 11416  - [39m08/14/2026, 2:18:11 PM [32m    LOG[39m [38;5;3m[RouterExplorer] [39m[32mMapped {/api/v1/memberships/:membershipId/revoke, POST} route[39m[38;5;3m +1ms[39m
[32m[Nest] 11416  - [39m08/14/2026, 2:18:11 PM [32m    LOG[39m [38;5;3m[RouterExplorer] [39m[32mMapped {/api/v1/memberships/:membershipId/reactivate, POST} route[39m[38;5;3m +0ms[39m
[32m[Nest] 11416  - [39m08/14/2026, 2:18:11 PM [32m    LOG[39m [38;5;3m[RoutesResolver] [39m[32mPortalAuthController {/api/v1/auth}:[39m[38;5;3m +0ms[39m
[32m[Nest] 11416  - [39m08/14/2026, 2:18:11 PM [32m    LOG[39m [38;5;3m[RouterExplorer] [39m[32mMapped {/api/v1/auth/super-admin/login, POST} route[39m[38;5;3m +0ms[39m
[32m[Nest] 11416  - [39m08/14/2026, 2:18:11 PM [32m    LOG[39m [38;5;3m[RouterExplorer] [39m[32mMapped {/api/v1/auth/tenant/login, POST} route[39m[38;5;3m +0ms[39m
[32m[Nest] 11416  - [39m08/14/2026, 2:18:11 PM [32m    LOG[39m [38;5;3m[RouterExplorer] [39m[32mMapped {/api/v1/auth/employee/login, POST} route[39m[38;5;3m +0ms[39m
[32m[Nest] 11416  - [39m08/14/2026, 2:18:11 PM [32m    LOG[39m [38;5;3m[RouterExplorer] [39m[32mMapped {/api/v1/auth/client/login, POST} route[39m[38;5;3m +0ms[39m
[32m[Nest] 11416  - [39m08/14/2026, 2:18:11 PM [32m    LOG[39m [38;5;3m[RouterExplorer] [39m[32mMapped {/api/v1/auth/super-admin/session, GET} route[39m[38;5;3m +0ms[39m
[32m[Nest] 11416  - [39m08/14/2026, 2:18:11 PM [32m    LOG[39m [38;5;3m[RouterExplorer] [39m[32mMapped {/api/v1/auth/tenant/session, GET} route[39m[38;5;3m +0ms[39m
[32m[Nest] 11416  - [39m08/14/2026, 2:18:11 PM [32m    LOG[39m [38;5;3m[RouterExplorer] [39m[32mMapped {/api/v1/auth/employee/session, GET} route[39m[38;5;3m +0ms[39m
[32m[Nest] 11416  - [39m08/14/2026, 2:18:11 PM [32m    LOG[39m [38;5;3m[RouterExplorer] [39m[32mMapped {/api/v1/auth/client/session, GET} route[39m[38;5;3m +0ms[39m
[32m[Nest] 11416  - [39m08/14/2026, 2:18:11 PM [32m    LOG[39m [38;5;3m[RouterExplorer] [39m[32mMapped {/api/v1/auth/super-admin/logout, POST} route[39m[38;5;3m +0ms[39m
[32m[Nest] 11416  - [39m08/14/2026, 2:18:11 PM [32m    LOG[39m [38;5;3m[RouterExplorer] [39m[32mMapped {/api/v1/auth/tenant/logout, POST} route[39m[38;5;3m +0ms[39m
[32m[Nest] 11416  - [39m08/14/2026, 2:18:11 PM [32m    LOG[39m [38;5;3m[RouterExplorer] [39m[32mMapped {/api/v1/auth/employee/logout, POST} route[39m[38;5;3m +1ms[39m
[32m[Nest] 11416  - [39m08/14/2026, 2:18:11 PM [32m    LOG[39m [38;5;3m[RouterExplorer] [39m[32mMapped {/api/v1/auth/client/logout, POST} route[39m[38;5;3m +0ms[39m
[32m[Nest] 11416  - [39m08/14/2026, 2:18:11 PM [32m    LOG[39m [38;5;3m[RoutesResolver] [39m[32mSuperAdminAuditLogController {/api/v1/super-admin/audit-log}:[39m[38;5;3m +0ms[39m
[32m[Nest] 11416  - [39m08/14/2026, 2:18:11 PM [32m    LOG[39m [38;5;3m[RouterExplorer] [39m[32mMapped {/api/v1/super-admin/audit-log, GET} route[39m[38;5;3m +0ms[39m
[32m[Nest] 11416  - [39m08/14/2026, 2:18:11 PM [32m    LOG[39m [38;5;3m[RoutesResolver] [39m[32mSuperAdminDashboardController {/api/v1/super-admin}:[39m[38;5;3m +0ms[39m
[32m[Nest] 11416  - [39m08/14/2026, 2:18:11 PM [32m    LOG[39m [38;5;3m[RouterExplorer] [39m[32mMapped {/api/v1/super-admin/dashboard, GET} route[39m[38;5;3m +0ms[39m
[32m[Nest] 11416  - [39m08/14/2026, 2:18:11 PM [32m    LOG[39m [38;5;3m[RouterExplorer] [39m[32mMapped {/api/v1/super-admin/alerts/:alertId/view, PATCH} route[39m[38;5;3m +0ms[39m
[32m[Nest] 11416  - [39m08/14/2026, 2:18:11 PM [32m    LOG[39m [38;5;3m[RouterExplorer] [39m[32mMapped {/api/v1/super-admin/alerts/:alertId/reviews, POST} route[39m[38;5;3m +0ms[39m
[32m[Nest] 11416  - [39m08/14/2026, 2:18:11 PM [32m    LOG[39m [38;5;3m[RouterExplorer] [39m[32mMapped {/api/v1/super-admin/tenant-reviews/:reviewId, PATCH} route[39m[38;5;3m +0ms[39m
[32m[Nest] 11416  - [39m08/14/2026, 2:18:11 PM [32m    LOG[39m [38;5;3m[RoutesResolver] [39m[32mSuperAdminSearchController {/api/v1/super-admin}:[39m[38;5;3m +0ms[39m
[32m[Nest] 11416  - [39m08/14/2026, 2:18:11 PM [32m    LOG[39m [38;5;3m[RouterExplorer] [39m[32mMapped {/api/v1/super-admin/search, GET} route[39m[38;5;3m +0ms[39m
[32m[Nest] 11416  - [39m08/14/2026, 2:18:11 PM [32m    LOG[39m [38;5;3m[RoutesResolver] [39m[32mSuperAdminNotificationsController {/api/v1/super-admin/notifications}:[39m[38;5;3m +0ms[39m
[32m[Nest] 11416  - [39m08/14/2026, 2:18:11 PM [32m    LOG[39m [38;5;3m[RouterExplorer] [39m[32mMapped {/api/v1/super-admin/notifications, GET} route[39m[38;5;3m +0ms[39m
[32m[Nest] 11416  - [39m08/14/2026, 2:18:11 PM [32m    LOG[39m [38;5;3m[RouterExplorer] [39m[32mMapped {/api/v1/super-admin/notifications/unread-count, GET} route[39m[38;5;3m +0ms[39m
[32m[Nest] 11416  - [39m08/14/2026, 2:18:11 PM [32m    LOG[39m [38;5;3m[RouterExplorer] [39m[32mMapped {/api/v1/super-admin/notifications/:notificationId/read, PATCH} route[39m[38;5;3m +1ms[39m
[32m[Nest] 11416  - [39m08/14/2026, 2:18:11 PM [32m    LOG[39m [38;5;3m[RouterExplorer] [39m[32mMapped {/api/v1/super-admin/notifications/read-all, PATCH} route[39m[38;5;3m +0ms[39m
[32m[Nest] 11416  - [39m08/14/2026, 2:18:11 PM [32m    LOG[39m [38;5;3m[RoutesResolver] [39m[32mSuperAdminPlatformConfigurationController {/api/v1/super-admin/platform-configuration}:[39m[38;5;3m +0ms[39m
[32m[Nest] 11416  - [39m08/14/2026, 2:18:11 PM [32m    LOG[39m [38;5;3m[RouterExplorer] [39m[32mMapped {/api/v1/super-admin/platform-configuration, GET} route[39m[38;5;3m +0ms[39m
[32m[Nest] 11416  - [39m08/14/2026, 2:18:11 PM [32m    LOG[39m [38;5;3m[RouterExplorer] [39m[32mMapped {/api/v1/super-admin/platform-configuration, PATCH} route[39m[38;5;3m +0ms[39m
[32m[Nest] 11416  - [39m08/14/2026, 2:18:11 PM [32m    LOG[39m [38;5;3m[RoutesResolver] [39m[32mClientPortalDashboardController {/api/v1/client-portal/dashboard}:[39m[38;5;3m +0ms[39m
[32m[Nest] 11416  - [39m08/14/2026, 2:18:11 PM [32m    LOG[39m [38;5;3m[RouterExplorer] [39m[32mMapped {/api/v1/client-portal/dashboard, GET} route[39m[38;5;3m +0ms[39m
[32m[Nest] 11416  - [39m08/14/2026, 2:18:11 PM [32m    LOG[39m [38;5;3m[RoutesResolver] [39m[32mClientPortalDeliverablesController {/api/v1/client-portal/deliverables}:[39m[38;5;3m +0ms[39m
[32m[Nest] 11416  - [39m08/14/2026, 2:18:11 PM [32m    LOG[39m [38;5;3m[RouterExplorer] [39m[32mMapped {/api/v1/client-portal/deliverables, GET} route[39m[38;5;3m +0ms[39m
[32m[Nest] 11416  - [39m08/14/2026, 2:18:11 PM [32m    LOG[39m [38;5;3m[RouterExplorer] [39m[32mMapped {/api/v1/client-portal/deliverables/:documentId/decision, POST} route[39m[38;5;3m +0ms[39m
[32m[Nest] 11416  - [39m08/14/2026, 2:18:11 PM [32m    LOG[39m [38;5;3m[RouterExplorer] [39m[32mMapped {/api/v1/client-portal/deliverables/:documentId/download, GET} route[39m[38;5;3m +0ms[39m
[32m[Nest] 11416  - [39m08/14/2026, 2:18:11 PM [32m    LOG[39m [38;5;3m[RoutesResolver] [39m[32mClientPortalNotificationsController {/api/v1/client-portal/notifications}:[39m[38;5;3m +0ms[39m
[32m[Nest] 11416  - [39m08/14/2026, 2:18:11 PM [32m    LOG[39m [38;5;3m[RouterExplorer] [39m[32mMapped {/api/v1/client-portal/notifications, GET} route[39m[38;5;3m +0ms[39m
[32m[Nest] 11416  - [39m08/14/2026, 2:18:11 PM [32m    LOG[39m [38;5;3m[RoutesResolver] [39m[32mClientPortalProfileController {/api/v1/client-portal/profile}:[39m[38;5;3m +1ms[39m
[32m[Nest] 11416  - [39m08/14/2026, 2:18:11 PM [32m    LOG[39m [38;5;3m[RouterExplorer] [39m[32mMapped {/api/v1/client-portal/profile, GET} route[39m[38;5;3m +0ms[39m
[32m[Nest] 11416  - [39m08/14/2026, 2:18:11 PM [32m    LOG[39m [38;5;3m[RouterExplorer] [39m[32mMapped {/api/v1/client-portal/profile, PATCH} route[39m[38;5;3m +0ms[39m
[32m[Nest] 11416  - [39m08/14/2026, 2:18:11 PM [32m    LOG[39m [38;5;3m[RoutesResolver] [39m[32mClientPortalRequestsController {/api/v1/client-portal/requests}:[39m[38;5;3m +0ms[39m
[32m[Nest] 11416  - [39m08/14/2026, 2:18:11 PM [32m    LOG[39m [38;5;3m[RouterExplorer] [39m[32mMapped {/api/v1/client-portal/requests/options, GET} route[39m[38;5;3m +0ms[39m
[32m[Nest] 11416  - [39m08/14/2026, 2:18:11 PM [32m    LOG[39m [38;5;3m[RouterExplorer] [39m[32mMapped {/api/v1/client-portal/requests, POST} route[39m[38;5;3m +0ms[39m
[32m[Nest] 11416  - [39m08/14/2026, 2:18:11 PM [32m    LOG[39m [38;5;3m[RoutesResolver] [39m[32mEmployeeDashboardController {/api/v1/employee/dashboard}:[39m[38;5;3m +0ms[39m
[32m[Nest] 11416  - [39m08/14/2026, 2:18:11 PM [32m    LOG[39m [38;5;3m[RouterExplorer] [39m[32mMapped {/api/v1/employee/dashboard, GET} route[39m[38;5;3m +0ms[39m
[32m[Nest] 11416  - [39m08/14/2026, 2:18:11 PM [32m    LOG[39m [38;5;3m[RoutesResolver] [39m[32mEmployeeDocumentsController {/api/v1/employee/documents}:[39m[38;5;3m +0ms[39m
[32m[Nest] 11416  - [39m08/14/2026, 2:18:11 PM [32m    LOG[39m [38;5;3m[RouterExplorer] [39m[32mMapped {/api/v1/employee/documents/options, GET} route[39m[38;5;3m +0ms[39m
[32m[Nest] 11416  - [39m08/14/2026, 2:18:11 PM [32m    LOG[39m [38;5;3m[RouterExplorer] [39m[32mMapped {/api/v1/employee/documents, GET} route[39m[38;5;3m +0ms[39m
[32m[Nest] 11416  - [39m08/14/2026, 2:18:11 PM [32m    LOG[39m [38;5;3m[RouterExplorer] [39m[32mMapped {/api/v1/employee/documents, POST} route[39m[38;5;3m +0ms[39m
[32m[Nest] 11416  - [39m08/14/2026, 2:18:11 PM [32m    LOG[39m [38;5;3m[RouterExplorer] [39m[32mMapped {/api/v1/employee/documents/upload-url, POST} route[39m[38;5;3m +0ms[39m
[32m[Nest] 11416  - [39m08/14/2026, 2:18:11 PM [32m    LOG[39m [38;5;3m[RouterExplorer] [39m[32mMapped {/api/v1/employee/documents/:documentId/download, GET} route[39m[38;5;3m +0ms[39m
[32m[Nest] 11416  - [39m08/14/2026, 2:18:11 PM [32m    LOG[39m [38;5;3m[RoutesResolver] [39m[32mEmployeeManagerController {/api/v1/employee/manager}:[39m[38;5;3m +1ms[39m
[32m[Nest] 11416  - [39m08/14/2026, 2:18:11 PM [32m    LOG[39m [38;5;3m[RouterExplorer] [39m[32mMapped {/api/v1/employee/manager/clients, GET} route[39m[38;5;3m +0ms[39m
[32m[Nest] 11416  - [39m08/14/2026, 2:18:11 PM [32m    LOG[39m [38;5;3m[RouterExplorer] [39m[32mMapped {/api/v1/employee/manager/task-options, GET} route[39m[38;5;3m +0ms[39m
[32m[Nest] 11416  - [39m08/14/2026, 2:18:11 PM [32m    LOG[39m [38;5;3m[RouterExplorer] [39m[32mMapped {/api/v1/employee/manager/reviews, GET} route[39m[38;5;3m +0ms[39m
[32m[Nest] 11416  - [39m08/14/2026, 2:18:11 PM [32m    LOG[39m [38;5;3m[RouterExplorer] [39m[32mMapped {/api/v1/employee/manager/tasks, POST} route[39m[38;5;3m +0ms[39m
[32m[Nest] 11416  - [39m08/14/2026, 2:18:11 PM [32m    LOG[39m [38;5;3m[RouterExplorer] [39m[32mMapped {/api/v1/employee/manager/reviews/:taskId, POST} route[39m[38;5;3m +0ms[39m
[32m[Nest] 11416  - [39m08/14/2026, 2:18:11 PM [32m    LOG[39m [38;5;3m[RoutesResolver] [39m[32mEmployeeNotificationsController {/api/v1/employee/notifications}:[39m[38;5;3m +0ms[39m
[32m[Nest] 11416  - [39m08/14/2026, 2:18:11 PM [32m    LOG[39m [38;5;3m[RouterExplorer] [39m[32mMapped {/api/v1/employee/notifications, GET} route[39m[38;5;3m +0ms[39m
[32m[Nest] 11416  - [39m08/14/2026, 2:18:11 PM [32m    LOG[39m [38;5;3m[RouterExplorer] [39m[32mMapped {/api/v1/employee/notifications/unread-count, GET} route[39m[38;5;3m +1ms[39m
[32m[Nest] 11416  - [39m08/14/2026, 2:18:11 PM [32m    LOG[39m [38;5;3m[RouterExplorer] [39m[32mMapped {/api/v1/employee/notifications/:notificationId/read, PATCH} route[39m[38;5;3m +0ms[39m
[32m[Nest] 11416  - [39m08/14/2026, 2:18:11 PM [32m    LOG[39m [38;5;3m[RouterExplorer] [39m[32mMapped {/api/v1/employee/notifications/read-all, PATCH} route[39m[38;5;3m +0ms[39m
[32m[Nest] 11416  - [39m08/14/2026, 2:18:11 PM [32m    LOG[39m [38;5;3m[RoutesResolver] [39m[32mEmployeeProfileController {/api/v1/employee/profile}:[39m[38;5;3m +0ms[39m
[32m[Nest] 11416  - [39m08/14/2026, 2:18:11 PM [32m    LOG[39m [38;5;3m[RouterExplorer] [39m[32mMapped {/api/v1/employee/profile, GET} route[39m[38;5;3m +0ms[39m
[32m[Nest] 11416  - [39m08/14/2026, 2:18:11 PM [32m    LOG[39m [38;5;3m[RoutesResolver] [39m[32mEmployeeTasksController {/api/v1/employee}:[39m[38;5;3m +0ms[39m
[32m[Nest] 11416  - [39m08/14/2026, 2:18:11 PM [32m    LOG[39m [38;5;3m[RouterExplorer] [39m[32mMapped {/api/v1/employee/tasks, GET} route[39m[38;5;3m +0ms[39m
[32m[Nest] 11416  - [39m08/14/2026, 2:18:11 PM [32m    LOG[39m [38;5;3m[RouterExplorer] [39m[32mMapped {/api/v1/employee/work-logs, GET} route[39m[38;5;3m +0ms[39m
[32m[Nest] 11416  - [39m08/14/2026, 2:18:11 PM [32m    LOG[39m [38;5;3m[RouterExplorer] [39m[32mMapped {/api/v1/employee/tasks/:taskId/start, POST} route[39m[38;5;3m +0ms[39m
[32m[Nest] 11416  - [39m08/14/2026, 2:18:11 PM [32m    LOG[39m [38;5;3m[RouterExplorer] [39m[32mMapped {/api/v1/employee/tasks/:taskId/pause, POST} route[39m[38;5;3m +0ms[39m
[32m[Nest] 11416  - [39m08/14/2026, 2:18:11 PM [32m    LOG[39m [38;5;3m[RouterExplorer] [39m[32mMapped {/api/v1/employee/tasks/:taskId/resume, POST} route[39m[38;5;3m +0ms[39m
[32m[Nest] 11416  - [39m08/14/2026, 2:18:11 PM [32m    LOG[39m [38;5;3m[RouterExplorer] [39m[32mMapped {/api/v1/employee/tasks/:taskId/submit, POST} route[39m[38;5;3m +1ms[39m
[32m[Nest] 11416  - [39m08/14/2026, 2:18:11 PM [32m    LOG[39m [38;5;3m[RoutesResolver] [39m[32mTenantAdminDashboardController {/api/v1/tenant-admin/dashboard}:[39m[38;5;3m +0ms[39m
[32m[Nest] 11416  - [39m08/14/2026, 2:18:11 PM [32m    LOG[39m [38;5;3m[RouterExplorer] [39m[32mMapped {/api/v1/tenant-admin/dashboard, GET} route[39m[38;5;3m +0ms[39m
[32m[Nest] 11416  - [39m08/14/2026, 2:18:11 PM [32m    LOG[39m [38;5;3m[RouterExplorer] [39m[32mMapped {/api/v1/tenant-admin/dashboard/profile, GET} route[39m[38;5;3m +0ms[39m
[32m[Nest] 11416  - [39m08/14/2026, 2:18:11 PM [32m    LOG[39m [38;5;3m[RouterExplorer] [39m[32mMapped {/api/v1/tenant-admin/dashboard/profile, PATCH} route[39m[38;5;3m +0ms[39m
[32m[Nest] 11416  - [39m08/14/2026, 2:18:11 PM [32m    LOG[39m [38;5;3m[RoutesResolver] [39m[32mTenantAdminClientsController {/api/v1/tenant-admin/clients}:[39m[38;5;3m +0ms[39m
[32m[Nest] 11416  - [39m08/14/2026, 2:18:11 PM [32m    LOG[39m [38;5;3m[RouterExplorer] [39m[32mMapped {/api/v1/tenant-admin/clients, GET} route[39m[38;5;3m +0ms[39m
[32m[Nest] 11416  - [39m08/14/2026, 2:18:11 PM [32m    LOG[39m [38;5;3m[RouterExplorer] [39m[32mMapped {/api/v1/tenant-admin/clients, POST} route[39m[38;5;3m +0ms[39m
[32m[Nest] 11416  - [39m08/14/2026, 2:18:11 PM [32m    LOG[39m [38;5;3m[RouterExplorer] [39m[32mMapped {/api/v1/tenant-admin/clients/:clientRef, GET} route[39m[38;5;3m +0ms[39m
[32m[Nest] 11416  - [39m08/14/2026, 2:18:11 PM [32m    LOG[39m [38;5;3m[RouterExplorer] [39m[32mMapped {/api/v1/tenant-admin/clients/:clientRef, DELETE} route[39m[38;5;3m +1ms[39m
[32m[Nest] 11416  - [39m08/14/2026, 2:18:11 PM [32m    LOG[39m [38;5;3m[RouterExplorer] [39m[32mMapped {/api/v1/tenant-admin/clients/:clientRef/contacts, POST} route[39m[38;5;3m +0ms[39m
[32m[Nest] 11416  - [39m08/14/2026, 2:18:11 PM [32m    LOG[39m [38;5;3m[RouterExplorer] [39m[32mMapped {/api/v1/tenant-admin/clients/:clientRef/contacts/:contactId, PATCH} route[39m[38;5;3m +0ms[39m
[32m[Nest] 11416  - [39m08/14/2026, 2:18:11 PM [32m    LOG[39m [38;5;3m[RoutesResolver] [39m[32mTenantAdminEmployeePerformanceController {/api/v1/tenant-admin/employee-performance}:[39m[38;5;3m +0ms[39m
[32m[Nest] 11416  - [39m08/14/2026, 2:18:11 PM [32m    LOG[39m [38;5;3m[RouterExplorer] [39m[32mMapped {/api/v1/tenant-admin/employee-performance, GET} route[39m[38;5;3m +0ms[39m
[32m[Nest] 11416  - [39m08/14/2026, 2:18:11 PM [32m    LOG[39m [38;5;3m[RouterExplorer] [39m[32mMapped {/api/v1/tenant-admin/employee-performance/:employeeId, GET} route[39m[38;5;3m +0ms[39m
[32m[Nest] 11416  - [39m08/14/2026, 2:18:11 PM [32m    LOG[39m [38;5;3m[RoutesResolver] [39m[32mTenantAdminFinanceController {/api/v1/tenant-admin/finance}:[39m[38;5;3m +0ms[39m
[32m[Nest] 11416  - [39m08/14/2026, 2:18:11 PM [32m    LOG[39m [38;5;3m[RouterExplorer] [39m[32mMapped {/api/v1/tenant-admin/finance/documents, GET} route[39m[38;5;3m +0ms[39m
[32m[Nest] 11416  - [39m08/14/2026, 2:18:11 PM [32m    LOG[39m [38;5;3m[RouterExplorer] [39m[32mMapped {/api/v1/tenant-admin/finance/documents, POST} route[39m[38;5;3m +0ms[39m
[32m[Nest] 11416  - [39m08/14/2026, 2:18:11 PM [32m    LOG[39m [38;5;3m[RouterExplorer] [39m[32mMapped {/api/v1/tenant-admin/finance/documents/upload-url, POST} route[39m[38;5;3m +0ms[39m
[32m[Nest] 11416  - [39m08/14/2026, 2:18:11 PM [32m    LOG[39m [38;5;3m[RouterExplorer] [39m[32mMapped {/api/v1/tenant-admin/finance/documents/:documentId/download, GET} route[39m[38;5;3m +0ms[39m
[32m[Nest] 11416  - [39m08/14/2026, 2:18:11 PM [32m    LOG[39m [38;5;3m[RouterExplorer] [39m[32mMapped {/api/v1/tenant-admin/finance/invoices, GET} route[39m[38;5;3m +0ms[39m
[32m[Nest] 11416  - [39m08/14/2026, 2:18:11 PM [32m    LOG[39m [38;5;3m[RouterExplorer] [39m[32mMapped {/api/v1/tenant-admin/finance/invoices, POST} route[39m[38;5;3m +0ms[39m
[32m[Nest] 11416  - [39m08/14/2026, 2:18:11 PM [32m    LOG[39m [38;5;3m[RouterExplorer] [39m[32mMapped {/api/v1/tenant-admin/finance/billable-tasks, GET} route[39m[38;5;3m +1ms[39m
[32m[Nest] 11416  - [39m08/14/2026, 2:18:11 PM [32m    LOG[39m [38;5;3m[RouterExplorer] [39m[32mMapped {/api/v1/tenant-admin/finance/invoices/from-task, POST} route[39m[38;5;3m +0ms[39m
[32m[Nest] 11416  - [39m08/14/2026, 2:18:11 PM [32m    LOG[39m [38;5;3m[RouterExplorer] [39m[32mMapped {/api/v1/tenant-admin/finance/invoices/:invoiceId/send, POST} route[39m[38;5;3m +0ms[39m
[32m[Nest] 11416  - [39m08/14/2026, 2:18:11 PM [32m    LOG[39m [38;5;3m[RoutesResolver] [39m[32mTenantAdminNotificationsController {/api/v1/tenant-admin/notifications}:[39m[38;5;3m +0ms[39m
[32m[Nest] 11416  - [39m08/14/2026, 2:18:11 PM [32m    LOG[39m [38;5;3m[RouterExplorer] [39m[32mMapped {/api/v1/tenant-admin/notifications, GET} route[39m[38;5;3m +0ms[39m
[32m[Nest] 11416  - [39m08/14/2026, 2:18:11 PM [32m    LOG[39m [38;5;3m[RouterExplorer] [39m[32mMapped {/api/v1/tenant-admin/notifications/unread-count, GET} route[39m[38;5;3m +0ms[39m
[32m[Nest] 11416  - [39m08/14/2026, 2:18:11 PM [32m    LOG[39m [38;5;3m[RouterExplorer] [39m[32mMapped {/api/v1/tenant-admin/notifications/:notificationId/read, PATCH} route[39m[38;5;3m +0ms[39m
[32m[Nest] 11416  - [39m08/14/2026, 2:18:11 PM [32m    LOG[39m [38;5;3m[RouterExplorer] [39m[32mMapped {/api/v1/tenant-admin/notifications/read-all, PATCH} route[39m[38;5;3m +0ms[39m
[32m[Nest] 11416  - [39m08/14/2026, 2:18:11 PM [32m    LOG[39m [38;5;3m[RoutesResolver] [39m[32mTenantAdminServicesController {/api/v1/tenant-admin/services}:[39m[38;5;3m +0ms[39m
[32m[Nest] 11416  - [39m08/14/2026, 2:18:11 PM [32m    LOG[39m [38;5;3m[RouterExplorer] [39m[32mMapped {/api/v1/tenant-admin/services, GET} route[39m[38;5;3m +0ms[39m
[32m[Nest] 11416  - [39m08/14/2026, 2:18:11 PM [32m    LOG[39m [38;5;3m[RouterExplorer] [39m[32mMapped {/api/v1/tenant-admin/services, POST} route[39m[38;5;3m +0ms[39m
[32m[Nest] 11416  - [39m08/14/2026, 2:18:11 PM [32m    LOG[39m [38;5;3m[RoutesResolver] [39m[32mTenantAdminTasksController {/api/v1/tenant-admin/tasks}:[39m[38;5;3m +0ms[39m
[32m[Nest] 11416  - [39m08/14/2026, 2:18:11 PM [32m    LOG[39m [38;5;3m[RouterExplorer] [39m[32mMapped {/api/v1/tenant-admin/tasks/options, GET} route[39m[38;5;3m +0ms[39m
[32m[Nest] 11416  - [39m08/14/2026, 2:18:11 PM [32m    LOG[39m [38;5;3m[RouterExplorer] [39m[32mMapped {/api/v1/tenant-admin/tasks, GET} route[39m[38;5;3m +1ms[39m
[32m[Nest] 11416  - [39m08/14/2026, 2:18:11 PM [32m    LOG[39m [38;5;3m[RouterExplorer] [39m[32mMapped {/api/v1/tenant-admin/tasks, POST} route[39m[38;5;3m +0ms[39m
[32m[Nest] 11416  - [39m08/14/2026, 2:18:11 PM [32m    LOG[39m [38;5;3m[RouterExplorer] [39m[32mMapped {/api/v1/tenant-admin/tasks/:taskId/approval, POST} route[39m[38;5;3m +0ms[39m
[32m[Nest] 11416  - [39m08/14/2026, 2:18:11 PM [32m    LOG[39m [38;5;3m[RouterExplorer] [39m[32mMapped {/api/v1/tenant-admin/tasks/employees, POST} route[39m[38;5;3m +0ms[39m
[32m[Nest] 11416  - [39m08/14/2026, 2:18:11 PM [32m    LOG[39m [38;5;3m[RouterExplorer] [39m[32mMapped {/api/v1/tenant-admin/tasks/employees/email-availability, GET} route[39m[38;5;3m +0ms[39m
[32m[Nest] 11416  - [39m08/14/2026, 2:18:11 PM [32m    LOG[39m [38;5;3m[RouterExplorer] [39m[32mMapped {/api/v1/tenant-admin/tasks/employees, GET} route[39m[38;5;3m +0ms[39m
[32m[Nest] 11416  - [39m08/14/2026, 2:18:11 PM [32m    LOG[39m [38;5;3m[RouterExplorer] [39m[32mMapped {/api/v1/tenant-admin/tasks/departments, GET} route[39m[38;5;3m +0ms[39m
[32m[Nest] 11416  - [39m08/14/2026, 2:18:11 PM [32m    LOG[39m [38;5;3m[RouterExplorer] [39m[32mMapped {/api/v1/tenant-admin/tasks/departments, POST} route[39m[38;5;3m +0ms[39m
[32m[Nest] 11416  - [39m08/14/2026, 2:18:11 PM [32m    LOG[39m [38;5;3m[RouterExplorer] [39m[32mMapped {/api/v1/tenant-admin/tasks/employees/:employeeId/assignment, PATCH} route[39m[38;5;3m +0ms[39m
[32m[Nest] 11416  - [39m08/14/2026, 2:18:11 PM [32m    LOG[39m [38;5;3m[RouterExplorer] [39m[32mMapped {/api/v1/tenant-admin/tasks/employees/:employeeId/manager, PATCH} route[39m[38;5;3m +0ms[39m
[32m[Nest] 11416  - [39m08/14/2026, 2:18:11 PM [32m    LOG[39m [38;5;3m[RouterExplorer] [39m[32mMapped {/api/v1/tenant-admin/tasks/employees/:employeeId/manager, DELETE} route[39m[38;5;3m +0ms[39m
[32m[Nest] 11416  - [39m08/14/2026, 2:18:11 PM [32m    LOG[39m [38;5;3m[RouterExplorer] [39m[32mMapped {/api/v1/tenant-admin/tasks/employees/:employeeId/capacity, PATCH} route[39m[38;5;3m +0ms[39m
[32m[Nest] 11416  - [39m08/14/2026, 2:18:11 PM [32m    LOG[39m [38;5;3m[RouterExplorer] [39m[32mMapped {/api/v1/tenant-admin/tasks/work-groups, GET} route[39m[38;5;3m +1ms[39m
[32m[Nest] 11416  - [39m08/14/2026, 2:18:11 PM [32m    LOG[39m [38;5;3m[RouterExplorer] [39m[32mMapped {/api/v1/tenant-admin/tasks/work-groups, POST} route[39m[38;5;3m +0ms[39m
[32m[Nest] 11416  - [39m08/14/2026, 2:18:11 PM [32m    LOG[39m [38;5;3m[RouterExplorer] [39m[32mMapped {/api/v1/tenant-admin/tasks/work-groups/:workGroupId, PATCH} route[39m[38;5;3m +1ms[39m
[32m[Nest] 11416  - [39m08/14/2026, 2:18:11 PM [32m    LOG[39m [38;5;3m[RoutesResolver] [39m[32mTenantAnalyticsController {/api/v1/super-admin/tenant-analytics}:[39m[38;5;3m +0ms[39m
[32m[Nest] 11416  - [39m08/14/2026, 2:18:11 PM [32m    LOG[39m [38;5;3m[RouterExplorer] [39m[32mMapped {/api/v1/super-admin/tenant-analytics, GET} route[39m[38;5;3m +0ms[39m
[32m[Nest] 11416  - [39m08/14/2026, 2:18:11 PM [32m    LOG[39m [38;5;3m[TaskNotificationOutboxWorker] [39m[32m[Notifications] Task notification worker is running. It checks committed notifications every 500ms.[39m
[32m[Nest] 11416  - [39m08/14/2026, 2:18:11 PM [32m    LOG[39m [38;5;3m[NestApplication] [39m[32mNest application successfully started[39m[38;5;3m +0ms[39m
{"level":30,"time":1786697291852,"service":"SaaS App Backend","environment":"development","msg":"Server listening at http://172.16.0.2:4000"}
{"level":30,"time":1786697291852,"service":"SaaS App Backend","environment":"development","msg":"Server listening at http://192.168.1.29:4000"}
2:18:19 PM [tsx] change in ./src\platform\tenant-admin-tasks.service.ts Restarting...
{"level":30,"time":1786697305643,"service":"SaaS App Backend","environment":"development","msg":"Server listening at http://127.0.0.1:4000"}
[32m[Nest] 29920  - [39m08/14/2026, 2:18:25 PM [32m    LOG[39m [38;5;3m[NestFactory] [39m[32mStarting Nest application...[39m
[32m[Nest] 29920  - [39m08/14/2026, 2:18:25 PM [32m    LOG[39m [38;5;3m[InstanceLoader] [39m[32mAppConfigModule dependencies initialized[39m[38;5;3m +2ms[39m
[32m[Nest] 29920  - [39m08/14/2026, 2:18:25 PM [32m    LOG[39m [38;5;3m[InstanceLoader] [39m[32mAppConfigModule dependencies initialized[39m[38;5;3m +1ms[39m
[32m[Nest] 29920  - [39m08/14/2026, 2:18:25 PM [32m    LOG[39m [38;5;3m[InstanceLoader] [39m[32mCommonModule dependencies initialized[39m[38;5;3m +0ms[39m
[32m[Nest] 29920  - [39m08/14/2026, 2:18:25 PM [32m    LOG[39m [38;5;3m[InstanceLoader] [39m[32mAppModule dependencies initialized[39m[38;5;3m +0ms[39m
[32m[Nest] 29920  - [39m08/14/2026, 2:18:25 PM [32m    LOG[39m [38;5;3m[InstanceLoader] [39m[32mDatabaseModule dependencies initialized[39m[38;5;3m +0ms[39m
[32m[Nest] 29920  - [39m08/14/2026, 2:18:25 PM [32m    LOG[39m [38;5;3m[InstanceLoader] [39m[32mHealthModule dependencies initialized[39m[38;5;3m +0ms[39m
[32m[Nest] 29920  - [39m08/14/2026, 2:18:25 PM [32m    LOG[39m [38;5;3m[InstanceLoader] [39m[32mAuthModule dependencies initialized[39m[38;5;3m +0ms[39m
[32m[Nest] 29920  - [39m08/14/2026, 2:18:25 PM [32m    LOG[39m [38;5;3m[InstanceLoader] [39m[32mPlatformModule dependencies initialized[39m[38;5;3m +1ms[39m
[32m[Nest] 29920  - [39m08/14/2026, 2:18:25 PM [32m    LOG[39m [38;5;3m[RoutesResolver] [39m[32mHealthController {/api/v1/health}:[39m[38;5;3m +0ms[39m
[32m[Nest] 29920  - [39m08/14/2026, 2:18:25 PM [32m    LOG[39m [38;5;3m[RouterExplorer] [39m[32mMapped {/api/v1/health/live, GET} route[39m[38;5;3m +0ms[39m
[32m[Nest] 29920  - [39m08/14/2026, 2:18:25 PM [32m    LOG[39m [38;5;3m[RouterExplorer] [39m[32mMapped {/api/v1/health/ready, GET} route[39m[38;5;3m +0ms[39m
[32m[Nest] 29920  - [39m08/14/2026, 2:18:25 PM [32m    LOG[39m [38;5;3m[RoutesResolver] [39m[32mMeController {/api/v1/me}:[39m[38;5;3m +0ms[39m
[32m[Nest] 29920  - [39m08/14/2026, 2:18:25 PM [32m    LOG[39m [38;5;3m[RouterExplorer] [39m[32mMapped {/api/v1/me, GET} route[39m[38;5;3m +0ms[39m
[32m[Nest] 29920  - [39m08/14/2026, 2:18:25 PM [32m    LOG[39m [38;5;3m[RouterExplorer] [39m[32mMapped {/api/v1/me/profile, PATCH} route[39m[38;5;3m +1ms[39m
[32m[Nest] 29920  - [39m08/14/2026, 2:18:25 PM [32m    LOG[39m [38;5;3m[RouterExplorer] [39m[32mMapped {/api/v1/me/preferences, PATCH} route[39m[38;5;3m +0ms[39m
[32m[Nest] 29920  - [39m08/14/2026, 2:18:25 PM [32m    LOG[39m [38;5;3m[RoutesResolver] [39m[32mAccessAdminController {/api/v1}:[39m[38;5;3m +0ms[39m
[32m[Nest] 29920  - [39m08/14/2026, 2:18:25 PM [32m    LOG[39m [38;5;3m[RouterExplorer] [39m[32mMapped {/api/v1/super-admin/tenant-creation-options, GET} route[39m[38;5;3m +0ms[39m
[32m[Nest] 29920  - [39m08/14/2026, 2:18:25 PM [32m    LOG[39m [38;5;3m[RouterExplorer] [39m[32mMapped {/api/v1/super-admin/tenants, GET} route[39m[38;5;3m +0ms[39m
[32m[Nest] 29920  - [39m08/14/2026, 2:18:25 PM [32m    LOG[39m [38;5;3m[RouterExplorer] [39m[32mMapped {/api/v1/super-admin/users/email-availability, GET} route[39m[38;5;3m +0ms[39m
[32m[Nest] 29920  - [39m08/14/2026, 2:18:25 PM [32m    LOG[39m [38;5;3m[RouterExplorer] [39m[32mMapped {/api/v1/super-admin/tenant-list-filters, GET} route[39m[38;5;3m +0ms[39m
[32m[Nest] 29920  - [39m08/14/2026, 2:18:25 PM [32m    LOG[39m [38;5;3m[RouterExplorer] [39m[32mMapped {/api/v1/super-admin/tenants/:tenantId, GET} route[39m[38;5;3m +0ms[39m
[32m[Nest] 29920  - [39m08/14/2026, 2:18:25 PM [32m    LOG[39m [38;5;3m[RouterExplorer] [39m[32mMapped {/api/v1/super-admin/tenants/:tenantId/status, PATCH} route[39m[38;5;3m +0ms[39m
[32m[Nest] 29920  - [39m08/14/2026, 2:18:25 PM [32m    LOG[39m [38;5;3m[RouterExplorer] [39m[32mMapped {/api/v1/super-admin/tenants/:tenantId/password, POST} route[39m[38;5;3m +1ms[39m
[32m[Nest] 29920  - [39m08/14/2026, 2:18:25 PM [32m    LOG[39m [38;5;3m[RouterExplorer] [39m[32mMapped {/api/v1/super-admin/tenants, POST} route[39m[38;5;3m +0ms[39m
[32m[Nest] 29920  - [39m08/14/2026, 2:18:25 PM [32m    LOG[39m [38;5;3m[RouterExplorer] [39m[32mMapped {/api/v1/invitations, POST} route[39m[38;5;3m +0ms[39m
[32m[Nest] 29920  - [39m08/14/2026, 2:18:25 PM [32m    LOG[39m [38;5;3m[RouterExplorer] [39m[32mMapped {/api/v1/invitations/:invitationId/cancel, POST} route[39m[38;5;3m +0ms[39m
[32m[Nest] 29920  - [39m08/14/2026, 2:18:25 PM [32m    LOG[39m [38;5;3m[RouterExplorer] [39m[32mMapped {/api/v1/invitations/:invitationId/revoke, POST} route[39m[38;5;3m +0ms[39m
[32m[Nest] 29920  - [39m08/14/2026, 2:18:25 PM [32m    LOG[39m [38;5;3m[RouterExplorer] [39m[32mMapped {/api/v1/invitations/:invitationId/accept, POST} route[39m[38;5;3m +0ms[39m
[32m[Nest] 29920  - [39m08/14/2026, 2:18:25 PM [32m    LOG[39m [38;5;3m[RouterExplorer] [39m[32mMapped {/api/v1/memberships/:membershipId/revoke, POST} route[39m[38;5;3m +0ms[39m
[32m[Nest] 29920  - [39m08/14/2026, 2:18:25 PM [32m    LOG[39m [38;5;3m[RouterExplorer] [39m[32mMapped {/api/v1/memberships/:membershipId/reactivate, POST} route[39m[38;5;3m +0ms[39m
[32m[Nest] 29920  - [39m08/14/2026, 2:18:25 PM [32m    LOG[39m [38;5;3m[RoutesResolver] [39m[32mPortalAuthController {/api/v1/auth}:[39m[38;5;3m +0ms[39m
[32m[Nest] 29920  - [39m08/14/2026, 2:18:25 PM [32m    LOG[39m [38;5;3m[RouterExplorer] [39m[32mMapped {/api/v1/auth/super-admin/login, POST} route[39m[38;5;3m +1ms[39m
[32m[Nest] 29920  - [39m08/14/2026, 2:18:25 PM [32m    LOG[39m [38;5;3m[RouterExplorer] [39m[32mMapped {/api/v1/auth/tenant/login, POST} route[39m[38;5;3m +0ms[39m
[32m[Nest] 29920  - [39m08/14/2026, 2:18:25 PM [32m    LOG[39m [38;5;3m[RouterExplorer] [39m[32mMapped {/api/v1/auth/employee/login, POST} route[39m[38;5;3m +0ms[39m
[32m[Nest] 29920  - [39m08/14/2026, 2:18:25 PM [32m    LOG[39m [38;5;3m[RouterExplorer] [39m[32mMapped {/api/v1/auth/client/login, POST} route[39m[38;5;3m +0ms[39m
[32m[Nest] 29920  - [39m08/14/2026, 2:18:25 PM [32m    LOG[39m [38;5;3m[RouterExplorer] [39m[32mMapped {/api/v1/auth/super-admin/session, GET} route[39m[38;5;3m +0ms[39m
[32m[Nest] 29920  - [39m08/14/2026, 2:18:25 PM [32m    LOG[39m [38;5;3m[RouterExplorer] [39m[32mMapped {/api/v1/auth/tenant/session, GET} route[39m[38;5;3m +0ms[39m
[32m[Nest] 29920  - [39m08/14/2026, 2:18:25 PM [32m    LOG[39m [38;5;3m[RouterExplorer] [39m[32mMapped {/api/v1/auth/employee/session, GET} route[39m[38;5;3m +0ms[39m
[32m[Nest] 29920  - [39m08/14/2026, 2:18:25 PM [32m    LOG[39m [38;5;3m[RouterExplorer] [39m[32mMapped {/api/v1/auth/client/session, GET} route[39m[38;5;3m +0ms[39m
[32m[Nest] 29920  - [39m08/14/2026, 2:18:25 PM [32m    LOG[39m [38;5;3m[RouterExplorer] [39m[32mMapped {/api/v1/auth/super-admin/logout, POST} route[39m[38;5;3m +0ms[39m
[32m[Nest] 29920  - [39m08/14/2026, 2:18:25 PM [32m    LOG[39m [38;5;3m[RouterExplorer] [39m[32mMapped {/api/v1/auth/tenant/logout, POST} route[39m[38;5;3m +0ms[39m
[32m[Nest] 29920  - [39m08/14/2026, 2:18:25 PM [32m    LOG[39m [38;5;3m[RouterExplorer] [39m[32mMapped {/api/v1/auth/employee/logout, POST} route[39m[38;5;3m +1ms[39m
[32m[Nest] 29920  - [39m08/14/2026, 2:18:25 PM [32m    LOG[39m [38;5;3m[RouterExplorer] [39m[32mMapped {/api/v1/auth/client/logout, POST} route[39m[38;5;3m +0ms[39m
[32m[Nest] 29920  - [39m08/14/2026, 2:18:25 PM [32m    LOG[39m [38;5;3m[RoutesResolver] [39m[32mSuperAdminAuditLogController {/api/v1/super-admin/audit-log}:[39m[38;5;3m +0ms[39m
[32m[Nest] 29920  - [39m08/14/2026, 2:18:25 PM [32m    LOG[39m [38;5;3m[RouterExplorer] [39m[32mMapped {/api/v1/super-admin/audit-log, GET} route[39m[38;5;3m +1ms[39m
[32m[Nest] 29920  - [39m08/14/2026, 2:18:25 PM [32m    LOG[39m [38;5;3m[RoutesResolver] [39m[32mSuperAdminDashboardController {/api/v1/super-admin}:[39m[38;5;3m +0ms[39m
[32m[Nest] 29920  - [39m08/14/2026, 2:18:25 PM [32m    LOG[39m [38;5;3m[RouterExplorer] [39m[32mMapped {/api/v1/super-admin/dashboard, GET} route[39m[38;5;3m +0ms[39m
[32m[Nest] 29920  - [39m08/14/2026, 2:18:25 PM [32m    LOG[39m [38;5;3m[RouterExplorer] [39m[32mMapped {/api/v1/super-admin/alerts/:alertId/view, PATCH} route[39m[38;5;3m +1ms[39m
[32m[Nest] 29920  - [39m08/14/2026, 2:18:25 PM [32m    LOG[39m [38;5;3m[RouterExplorer] [39m[32mMapped {/api/v1/super-admin/alerts/:alertId/reviews, POST} route[39m[38;5;3m +0ms[39m
[32m[Nest] 29920  - [39m08/14/2026, 2:18:25 PM [32m    LOG[39m [38;5;3m[RouterExplorer] [39m[32mMapped {/api/v1/super-admin/tenant-reviews/:reviewId, PATCH} route[39m[38;5;3m +0ms[39m
[32m[Nest] 29920  - [39m08/14/2026, 2:18:25 PM [32m    LOG[39m [38;5;3m[RoutesResolver] [39m[32mSuperAdminSearchController {/api/v1/super-admin}:[39m[38;5;3m +0ms[39m
[32m[Nest] 29920  - [39m08/14/2026, 2:18:25 PM [32m    LOG[39m [38;5;3m[RouterExplorer] [39m[32mMapped {/api/v1/super-admin/search, GET} route[39m[38;5;3m +0ms[39m
[32m[Nest] 29920  - [39m08/14/2026, 2:18:25 PM [32m    LOG[39m [38;5;3m[RoutesResolver] [39m[32mSuperAdminNotificationsController {/api/v1/super-admin/notifications}:[39m[38;5;3m +0ms[39m
[32m[Nest] 29920  - [39m08/14/2026, 2:18:25 PM [32m    LOG[39m [38;5;3m[RouterExplorer] [39m[32mMapped {/api/v1/super-admin/notifications, GET} route[39m[38;5;3m +1ms[39m
[32m[Nest] 29920  - [39m08/14/2026, 2:18:25 PM [32m    LOG[39m [38;5;3m[RouterExplorer] [39m[32mMapped {/api/v1/super-admin/notifications/unread-count, GET} route[39m[38;5;3m +0ms[39m
[32m[Nest] 29920  - [39m08/14/2026, 2:18:25 PM [32m    LOG[39m [38;5;3m[RouterExplorer] [39m[32mMapped {/api/v1/super-admin/notifications/:notificationId/read, PATCH} route[39m[38;5;3m +0ms[39m
[32m[Nest] 29920  - [39m08/14/2026, 2:18:25 PM [32m    LOG[39m [38;5;3m[RouterExplorer] [39m[32mMapped {/api/v1/super-admin/notifications/read-all, PATCH} route[39m[38;5;3m +0ms[39m
[32m[Nest] 29920  - [39m08/14/2026, 2:18:25 PM [32m    LOG[39m [38;5;3m[RoutesResolver] [39m[32mSuperAdminPlatformConfigurationController {/api/v1/super-admin/platform-configuration}:[39m[38;5;3m +0ms[39m
[32m[Nest] 29920  - [39m08/14/2026, 2:18:25 PM [32m    LOG[39m [38;5;3m[RouterExplorer] [39m[32mMapped {/api/v1/super-admin/platform-configuration, GET} route[39m[38;5;3m +0ms[39m
[32m[Nest] 29920  - [39m08/14/2026, 2:18:25 PM [32m    LOG[39m [38;5;3m[RouterExplorer] [39m[32mMapped {/api/v1/super-admin/platform-configuration, PATCH} route[39m[38;5;3m +0ms[39m
[32m[Nest] 29920  - [39m08/14/2026, 2:18:25 PM [32m    LOG[39m [38;5;3m[RoutesResolver] [39m[32mClientPortalDashboardController {/api/v1/client-portal/dashboard}:[39m[38;5;3m +0ms[39m
[32m[Nest] 29920  - [39m08/14/2026, 2:18:25 PM [32m    LOG[39m [38;5;3m[RouterExplorer] [39m[32mMapped {/api/v1/client-portal/dashboard, GET} route[39m[38;5;3m +1ms[39m
[32m[Nest] 29920  - [39m08/14/2026, 2:18:25 PM [32m    LOG[39m [38;5;3m[RoutesResolver] [39m[32mClientPortalDeliverablesController {/api/v1/client-portal/deliverables}:[39m[38;5;3m +0ms[39m
[32m[Nest] 29920  - [39m08/14/2026, 2:18:25 PM [32m    LOG[39m [38;5;3m[RouterExplorer] [39m[32mMapped {/api/v1/client-portal/deliverables, GET} route[39m[38;5;3m +0ms[39m
[32m[Nest] 29920  - [39m08/14/2026, 2:18:25 PM [32m    LOG[39m [38;5;3m[RouterExplorer] [39m[32mMapped {/api/v1/client-portal/deliverables/:documentId/decision, POST} route[39m[38;5;3m +0ms[39m
[32m[Nest] 29920  - [39m08/14/2026, 2:18:25 PM [32m    LOG[39m [38;5;3m[RouterExplorer] [39m[32mMapped {/api/v1/client-portal/deliverables/:documentId/download, GET} route[39m[38;5;3m +0ms[39m
[32m[Nest] 29920  - [39m08/14/2026, 2:18:25 PM [32m    LOG[39m [38;5;3m[RoutesResolver] [39m[32mClientPortalNotificationsController {/api/v1/client-portal/notifications}:[39m[38;5;3m +0ms[39m
[32m[Nest] 29920  - [39m08/14/2026, 2:18:25 PM [32m    LOG[39m [38;5;3m[RouterExplorer] [39m[32mMapped {/api/v1/client-portal/notifications, GET} route[39m[38;5;3m +0ms[39m
[32m[Nest] 29920  - [39m08/14/2026, 2:18:25 PM [32m    LOG[39m [38;5;3m[RoutesResolver] [39m[32mClientPortalProfileController {/api/v1/client-portal/profile}:[39m[38;5;3m +0ms[39m
[32m[Nest] 29920  - [39m08/14/2026, 2:18:25 PM [32m    LOG[39m [38;5;3m[RouterExplorer] [39m[32mMapped {/api/v1/client-portal/profile, GET} route[39m[38;5;3m +0ms[39m
[32m[Nest] 29920  - [39m08/14/2026, 2:18:25 PM [32m    LOG[39m [38;5;3m[RouterExplorer] [39m[32mMapped {/api/v1/client-portal/profile, PATCH} route[39m[38;5;3m +0ms[39m
[32m[Nest] 29920  - [39m08/14/2026, 2:18:25 PM [32m    LOG[39m [38;5;3m[RoutesResolver] [39m[32mClientPortalRequestsController {/api/v1/client-portal/requests}:[39m[38;5;3m +0ms[39m
[32m[Nest] 29920  - [39m08/14/2026, 2:18:25 PM [32m    LOG[39m [38;5;3m[RouterExplorer] [39m[32mMapped {/api/v1/client-portal/requests/options, GET} route[39m[38;5;3m +0ms[39m
[32m[Nest] 29920  - [39m08/14/2026, 2:18:25 PM [32m    LOG[39m [38;5;3m[RouterExplorer] [39m[32mMapped {/api/v1/client-portal/requests, POST} route[39m[38;5;3m +0ms[39m
[32m[Nest] 29920  - [39m08/14/2026, 2:18:25 PM [32m    LOG[39m [38;5;3m[RoutesResolver] [39m[32mEmployeeDashboardController {/api/v1/employee/dashboard}:[39m[38;5;3m +0ms[39m
[32m[Nest] 29920  - [39m08/14/2026, 2:18:25 PM [32m    LOG[39m [38;5;3m[RouterExplorer] [39m[32mMapped {/api/v1/employee/dashboard, GET} route[39m[38;5;3m +1ms[39m
[32m[Nest] 29920  - [39m08/14/2026, 2:18:25 PM [32m    LOG[39m [38;5;3m[RoutesResolver] [39m[32mEmployeeDocumentsController {/api/v1/employee/documents}:[39m[38;5;3m +0ms[39m
[32m[Nest] 29920  - [39m08/14/2026, 2:18:25 PM [32m    LOG[39m [38;5;3m[RouterExplorer] [39m[32mMapped {/api/v1/employee/documents/options, GET} route[39m[38;5;3m +0ms[39m
[32m[Nest] 29920  - [39m08/14/2026, 2:18:25 PM [32m    LOG[39m [38;5;3m[RouterExplorer] [39m[32mMapped {/api/v1/employee/documents, GET} route[39m[38;5;3m +0ms[39m
[32m[Nest] 29920  - [39m08/14/2026, 2:18:25 PM [32m    LOG[39m [38;5;3m[RouterExplorer] [39m[32mMapped {/api/v1/employee/documents, POST} route[39m[38;5;3m +0ms[39m
[32m[Nest] 29920  - [39m08/14/2026, 2:18:25 PM [32m    LOG[39m [38;5;3m[RouterExplorer] [39m[32mMapped {/api/v1/employee/documents/upload-url, POST} route[39m[38;5;3m +0ms[39m
[32m[Nest] 29920  - [39m08/14/2026, 2:18:25 PM [32m    LOG[39m [38;5;3m[RouterExplorer] [39m[32mMapped {/api/v1/employee/documents/:documentId/download, GET} route[39m[38;5;3m +0ms[39m
[32m[Nest] 29920  - [39m08/14/2026, 2:18:25 PM [32m    LOG[39m [38;5;3m[RoutesResolver] [39m[32mEmployeeManagerController {/api/v1/employee/manager}:[39m[38;5;3m +0ms[39m
[32m[Nest] 29920  - [39m08/14/2026, 2:18:25 PM [32m    LOG[39m [38;5;3m[RouterExplorer] [39m[32mMapped {/api/v1/employee/manager/clients, GET} route[39m[38;5;3m +0ms[39m
[32m[Nest] 29920  - [39m08/14/2026, 2:18:25 PM [32m    LOG[39m [38;5;3m[RouterExplorer] [39m[32mMapped {/api/v1/employee/manager/task-options, GET} route[39m[38;5;3m +0ms[39m
[32m[Nest] 29920  - [39m08/14/2026, 2:18:25 PM [32m    LOG[39m [38;5;3m[RouterExplorer] [39m[32mMapped {/api/v1/employee/manager/reviews, GET} route[39m[38;5;3m +0ms[39m
[32m[Nest] 29920  - [39m08/14/2026, 2:18:25 PM [32m    LOG[39m [38;5;3m[RouterExplorer] [39m[32mMapped {/api/v1/employee/manager/tasks, POST} route[39m[38;5;3m +0ms[39m
[32m[Nest] 29920  - [39m08/14/2026, 2:18:25 PM [32m    LOG[39m [38;5;3m[RouterExplorer] [39m[32mMapped {/api/v1/employee/manager/reviews/:taskId, POST} route[39m[38;5;3m +1ms[39m
[32m[Nest] 29920  - [39m08/14/2026, 2:18:25 PM [32m    LOG[39m [38;5;3m[RoutesResolver] [39m[32mEmployeeNotificationsController {/api/v1/employee/notifications}:[39m[38;5;3m +0ms[39m
[32m[Nest] 29920  - [39m08/14/2026, 2:18:25 PM [32m    LOG[39m [38;5;3m[RouterExplorer] [39m[32mMapped {/api/v1/employee/notifications, GET} route[39m[38;5;3m +0ms[39m
[32m[Nest] 29920  - [39m08/14/2026, 2:18:25 PM [32m    LOG[39m [38;5;3m[RouterExplorer] [39m[32mMapped {/api/v1/employee/notifications/unread-count, GET} route[39m[38;5;3m +0ms[39m
[32m[Nest] 29920  - [39m08/14/2026, 2:18:25 PM [32m    LOG[39m [38;5;3m[RouterExplorer] [39m[32mMapped {/api/v1/employee/notifications/:notificationId/read, PATCH} route[39m[38;5;3m +0ms[39m
[32m[Nest] 29920  - [39m08/14/2026, 2:18:25 PM [32m    LOG[39m [38;5;3m[RouterExplorer] [39m[32mMapped {/api/v1/employee/notifications/read-all, PATCH} route[39m[38;5;3m +0ms[39m
[32m[Nest] 29920  - [39m08/14/2026, 2:18:25 PM [32m    LOG[39m [38;5;3m[RoutesResolver] [39m[32mEmployeeProfileController {/api/v1/employee/profile}:[39m[38;5;3m +0ms[39m
[32m[Nest] 29920  - [39m08/14/2026, 2:18:25 PM [32m    LOG[39m [38;5;3m[RouterExplorer] [39m[32mMapped {/api/v1/employee/profile, GET} route[39m[38;5;3m +0ms[39m
[32m[Nest] 29920  - [39m08/14/2026, 2:18:25 PM [32m    LOG[39m [38;5;3m[RoutesResolver] [39m[32mEmployeeTasksController {/api/v1/employee}:[39m[38;5;3m +0ms[39m
[32m[Nest] 29920  - [39m08/14/2026, 2:18:25 PM [32m    LOG[39m [38;5;3m[RouterExplorer] [39m[32mMapped {/api/v1/employee/tasks, GET} route[39m[38;5;3m +0ms[39m
[32m[Nest] 29920  - [39m08/14/2026, 2:18:25 PM [32m    LOG[39m [38;5;3m[RouterExplorer] [39m[32mMapped {/api/v1/employee/work-logs, GET} route[39m[38;5;3m +0ms[39m
[32m[Nest] 29920  - [39m08/14/2026, 2:18:25 PM [32m    LOG[39m [38;5;3m[RouterExplorer] [39m[32mMapped {/api/v1/employee/tasks/:taskId/start, POST} route[39m[38;5;3m +0ms[39m
[32m[Nest] 29920  - [39m08/14/2026, 2:18:25 PM [32m    LOG[39m [38;5;3m[RouterExplorer] [39m[32mMapped {/api/v1/employee/tasks/:taskId/pause, POST} route[39m[38;5;3m +0ms[39m
[32m[Nest] 29920  - [39m08/14/2026, 2:18:25 PM [32m    LOG[39m [38;5;3m[RouterExplorer] [39m[32mMapped {/api/v1/employee/tasks/:taskId/resume, POST} route[39m[38;5;3m +1ms[39m
[32m[Nest] 29920  - [39m08/14/2026, 2:18:25 PM [32m    LOG[39m [38;5;3m[RouterExplorer] [39m[32mMapped {/api/v1/employee/tasks/:taskId/submit, POST} route[39m[38;5;3m +0ms[39m
[32m[Nest] 29920  - [39m08/14/2026, 2:18:25 PM [32m    LOG[39m [38;5;3m[RoutesResolver] [39m[32mTenantAdminDashboardController {/api/v1/tenant-admin/dashboard}:[39m[38;5;3m +0ms[39m
[32m[Nest] 29920  - [39m08/14/2026, 2:18:25 PM [32m    LOG[39m [38;5;3m[RouterExplorer] [39m[32mMapped {/api/v1/tenant-admin/dashboard, GET} route[39m[38;5;3m +0ms[39m
[32m[Nest] 29920  - [39m08/14/2026, 2:18:25 PM [32m    LOG[39m [38;5;3m[RouterExplorer] [39m[32mMapped {/api/v1/tenant-admin/dashboard/profile, GET} route[39m[38;5;3m +0ms[39m
[32m[Nest] 29920  - [39m08/14/2026, 2:18:25 PM [32m    LOG[39m [38;5;3m[RouterExplorer] [39m[32mMapped {/api/v1/tenant-admin/dashboard/profile, PATCH} route[39m[38;5;3m +0ms[39m
[32m[Nest] 29920  - [39m08/14/2026, 2:18:25 PM [32m    LOG[39m [38;5;3m[RoutesResolver] [39m[32mTenantAdminClientsController {/api/v1/tenant-admin/clients}:[39m[38;5;3m +0ms[39m
[32m[Nest] 29920  - [39m08/14/2026, 2:18:25 PM [32m    LOG[39m [38;5;3m[RouterExplorer] [39m[32mMapped {/api/v1/tenant-admin/clients, GET} route[39m[38;5;3m +0ms[39m
[32m[Nest] 29920  - [39m08/14/2026, 2:18:25 PM [32m    LOG[39m [38;5;3m[RouterExplorer] [39m[32mMapped {/api/v1/tenant-admin/clients, POST} route[39m[38;5;3m +0ms[39m
[32m[Nest] 29920  - [39m08/14/2026, 2:18:25 PM [32m    LOG[39m [38;5;3m[RouterExplorer] [39m[32mMapped {/api/v1/tenant-admin/clients/:clientRef, GET} route[39m[38;5;3m +0ms[39m
[32m[Nest] 29920  - [39m08/14/2026, 2:18:25 PM [32m    LOG[39m [38;5;3m[RouterExplorer] [39m[32mMapped {/api/v1/tenant-admin/clients/:clientRef, DELETE} route[39m[38;5;3m +0ms[39m
[32m[Nest] 29920  - [39m08/14/2026, 2:18:25 PM [32m    LOG[39m [38;5;3m[RouterExplorer] [39m[32mMapped {/api/v1/tenant-admin/clients/:clientRef/contacts, POST} route[39m[38;5;3m +0ms[39m
[32m[Nest] 29920  - [39m08/14/2026, 2:18:25 PM [32m    LOG[39m [38;5;3m[RouterExplorer] [39m[32mMapped {/api/v1/tenant-admin/clients/:clientRef/contacts/:contactId, PATCH} route[39m[38;5;3m +1ms[39m
[32m[Nest] 29920  - [39m08/14/2026, 2:18:25 PM [32m    LOG[39m [38;5;3m[RoutesResolver] [39m[32mTenantAdminEmployeePerformanceController {/api/v1/tenant-admin/employee-performance}:[39m[38;5;3m +0ms[39m
[32m[Nest] 29920  - [39m08/14/2026, 2:18:25 PM [32m    LOG[39m [38;5;3m[RouterExplorer] [39m[32mMapped {/api/v1/tenant-admin/employee-performance, GET} route[39m[38;5;3m +0ms[39m
[32m[Nest] 29920  - [39m08/14/2026, 2:18:25 PM [32m    LOG[39m [38;5;3m[RouterExplorer] [39m[32mMapped {/api/v1/tenant-admin/employee-performance/:employeeId, GET} route[39m[38;5;3m +0ms[39m
[32m[Nest] 29920  - [39m08/14/2026, 2:18:25 PM [32m    LOG[39m [38;5;3m[RoutesResolver] [39m[32mTenantAdminFinanceController {/api/v1/tenant-admin/finance}:[39m[38;5;3m +0ms[39m
[32m[Nest] 29920  - [39m08/14/2026, 2:18:25 PM [32m    LOG[39m [38;5;3m[RouterExplorer] [39m[32mMapped {/api/v1/tenant-admin/finance/documents, GET} route[39m[38;5;3m +0ms[39m
[32m[Nest] 29920  - [39m08/14/2026, 2:18:25 PM [32m    LOG[39m [38;5;3m[RouterExplorer] [39m[32mMapped {/api/v1/tenant-admin/finance/documents, POST} route[39m[38;5;3m +0ms[39m
[32m[Nest] 29920  - [39m08/14/2026, 2:18:25 PM [32m    LOG[39m [38;5;3m[RouterExplorer] [39m[32mMapped {/api/v1/tenant-admin/finance/documents/upload-url, POST} route[39m[38;5;3m +0ms[39m
[32m[Nest] 29920  - [39m08/14/2026, 2:18:25 PM [32m    LOG[39m [38;5;3m[RouterExplorer] [39m[32mMapped {/api/v1/tenant-admin/finance/documents/:documentId/download, GET} route[39m[38;5;3m +0ms[39m
[32m[Nest] 29920  - [39m08/14/2026, 2:18:25 PM [32m    LOG[39m [38;5;3m[RouterExplorer] [39m[32mMapped {/api/v1/tenant-admin/finance/invoices, GET} route[39m[38;5;3m +0ms[39m
[32m[Nest] 29920  - [39m08/14/2026, 2:18:25 PM [32m    LOG[39m [38;5;3m[RouterExplorer] [39m[32mMapped {/api/v1/tenant-admin/finance/invoices, POST} route[39m[38;5;3m +0ms[39m
[32m[Nest] 29920  - [39m08/14/2026, 2:18:25 PM [32m    LOG[39m [38;5;3m[RouterExplorer] [39m[32mMapped {/api/v1/tenant-admin/finance/billable-tasks, GET} route[39m[38;5;3m +1ms[39m
[32m[Nest] 29920  - [39m08/14/2026, 2:18:25 PM [32m    LOG[39m [38;5;3m[RouterExplorer] [39m[32mMapped {/api/v1/tenant-admin/finance/invoices/from-task, POST} route[39m[38;5;3m +0ms[39m
[32m[Nest] 29920  - [39m08/14/2026, 2:18:25 PM [32m    LOG[39m [38;5;3m[RouterExplorer] [39m[32mMapped {/api/v1/tenant-admin/finance/invoices/:invoiceId/send, POST} route[39m[38;5;3m +0ms[39m
[32m[Nest] 29920  - [39m08/14/2026, 2:18:25 PM [32m    LOG[39m [38;5;3m[RoutesResolver] [39m[32mTenantAdminNotificationsController {/api/v1/tenant-admin/notifications}:[39m[38;5;3m +0ms[39m
[32m[Nest] 29920  - [39m08/14/2026, 2:18:25 PM [32m    LOG[39m [38;5;3m[RouterExplorer] [39m[32mMapped {/api/v1/tenant-admin/notifications, GET} route[39m[38;5;3m +0ms[39m
[32m[Nest] 29920  - [39m08/14/2026, 2:18:25 PM [32m    LOG[39m [38;5;3m[RouterExplorer] [39m[32mMapped {/api/v1/tenant-admin/notifications/unread-count, GET} route[39m[38;5;3m +0ms[39m
[32m[Nest] 29920  - [39m08/14/2026, 2:18:25 PM [32m    LOG[39m [38;5;3m[RouterExplorer] [39m[32mMapped {/api/v1/tenant-admin/notifications/:notificationId/read, PATCH} route[39m[38;5;3m +0ms[39m
[32m[Nest] 29920  - [39m08/14/2026, 2:18:25 PM [32m    LOG[39m [38;5;3m[RouterExplorer] [39m[32mMapped {/api/v1/tenant-admin/notifications/read-all, PATCH} route[39m[38;5;3m +0ms[39m
[32m[Nest] 29920  - [39m08/14/2026, 2:18:25 PM [32m    LOG[39m [38;5;3m[RoutesResolver] [39m[32mTenantAdminServicesController {/api/v1/tenant-admin/services}:[39m[38;5;3m +0ms[39m
[32m[Nest] 29920  - [39m08/14/2026, 2:18:25 PM [32m    LOG[39m [38;5;3m[RouterExplorer] [39m[32mMapped {/api/v1/tenant-admin/services, GET} route[39m[38;5;3m +0ms[39m
[32m[Nest] 29920  - [39m08/14/2026, 2:18:25 PM [32m    LOG[39m [38;5;3m[RouterExplorer] [39m[32mMapped {/api/v1/tenant-admin/services, POST} route[39m[38;5;3m +0ms[39m
[32m[Nest] 29920  - [39m08/14/2026, 2:18:25 PM [32m    LOG[39m [38;5;3m[RoutesResolver] [39m[32mTenantAdminTasksController {/api/v1/tenant-admin/tasks}:[39m[38;5;3m +0ms[39m
[32m[Nest] 29920  - [39m08/14/2026, 2:18:25 PM [32m    LOG[39m [38;5;3m[RouterExplorer] [39m[32mMapped {/api/v1/tenant-admin/tasks/options, GET} route[39m[38;5;3m +0ms[39m
[32m[Nest] 29920  - [39m08/14/2026, 2:18:25 PM [32m    LOG[39m [38;5;3m[RouterExplorer] [39m[32mMapped {/api/v1/tenant-admin/tasks, GET} route[39m[38;5;3m +1ms[39m
[32m[Nest] 29920  - [39m08/14/2026, 2:18:25 PM [32m    LOG[39m [38;5;3m[RouterExplorer] [39m[32mMapped {/api/v1/tenant-admin/tasks, POST} route[39m[38;5;3m +0ms[39m
[32m[Nest] 29920  - [39m08/14/2026, 2:18:25 PM [32m    LOG[39m [38;5;3m[RouterExplorer] [39m[32mMapped {/api/v1/tenant-admin/tasks/:taskId/approval, POST} route[39m[38;5;3m +0ms[39m
[32m[Nest] 29920  - [39m08/14/2026, 2:18:25 PM [32m    LOG[39m [38;5;3m[RouterExplorer] [39m[32mMapped {/api/v1/tenant-admin/tasks/employees, POST} route[39m[38;5;3m +0ms[39m
[32m[Nest] 29920  - [39m08/14/2026, 2:18:25 PM [32m    LOG[39m [38;5;3m[RouterExplorer] [39m[32mMapped {/api/v1/tenant-admin/tasks/employees/email-availability, GET} route[39m[38;5;3m +0ms[39m
[32m[Nest] 29920  - [39m08/14/2026, 2:18:25 PM [32m    LOG[39m [38;5;3m[RouterExplorer] [39m[32mMapped {/api/v1/tenant-admin/tasks/employees, GET} route[39m[38;5;3m +0ms[39m
[32m[Nest] 29920  - [39m08/14/2026, 2:18:25 PM [32m    LOG[39m [38;5;3m[RouterExplorer] [39m[32mMapped {/api/v1/tenant-admin/tasks/departments, GET} route[39m[38;5;3m +0ms[39m
[32m[Nest] 29920  - [39m08/14/2026, 2:18:25 PM [32m    LOG[39m [38;5;3m[RouterExplorer] [39m[32mMapped {/api/v1/tenant-admin/tasks/departments, POST} route[39m[38;5;3m +0ms[39m
[32m[Nest] 29920  - [39m08/14/2026, 2:18:25 PM [32m    LOG[39m [38;5;3m[RouterExplorer] [39m[32mMapped {/api/v1/tenant-admin/tasks/employees/:employeeId/assignment, PATCH} route[39m[38;5;3m +0ms[39m
[32m[Nest] 29920  - [39m08/14/2026, 2:18:25 PM [32m    LOG[39m [38;5;3m[RouterExplorer] [39m[32mMapped {/api/v1/tenant-admin/tasks/employees/:employeeId/manager, PATCH} route[39m[38;5;3m +0ms[39m
[32m[Nest] 29920  - [39m08/14/2026, 2:18:25 PM [32m    LOG[39m [38;5;3m[RouterExplorer] [39m[32mMapped {/api/v1/tenant-admin/tasks/employees/:employeeId/manager, DELETE} route[39m[38;5;3m +0ms[39m
[32m[Nest] 29920  - [39m08/14/2026, 2:18:25 PM [32m    LOG[39m [38;5;3m[RouterExplorer] [39m[32mMapped {/api/v1/tenant-admin/tasks/employees/:employeeId/capacity, PATCH} route[39m[38;5;3m +0ms[39m
[32m[Nest] 29920  - [39m08/14/2026, 2:18:25 PM [32m    LOG[39m [38;5;3m[RouterExplorer] [39m[32mMapped {/api/v1/tenant-admin/tasks/work-groups, GET} route[39m[38;5;3m +1ms[39m
[32m[Nest] 29920  - [39m08/14/2026, 2:18:25 PM [32m    LOG[39m [38;5;3m[RouterExplorer] [39m[32mMapped {/api/v1/tenant-admin/tasks/work-groups, POST} route[39m[38;5;3m +0ms[39m
[32m[Nest] 29920  - [39m08/14/2026, 2:18:25 PM [32m    LOG[39m [38;5;3m[RouterExplorer] [39m[32mMapped {/api/v1/tenant-admin/tasks/work-groups/:workGroupId, PATCH} route[39m[38;5;3m +0ms[39m
[32m[Nest] 29920  - [39m08/14/2026, 2:18:25 PM [32m    LOG[39m [38;5;3m[RoutesResolver] [39m[32mTenantAnalyticsController {/api/v1/super-admin/tenant-analytics}:[39m[38;5;3m +0ms[39m
[32m[Nest] 29920  - [39m08/14/2026, 2:18:25 PM [32m    LOG[39m [38;5;3m[RouterExplorer] [39m[32mMapped {/api/v1/super-admin/tenant-analytics, GET} route[39m[38;5;3m +0ms[39m
[32m[Nest] 29920  - [39m08/14/2026, 2:18:25 PM [32m    LOG[39m [38;5;3m[TaskNotificationOutboxWorker] [39m[32m[Notifications] Task notification worker is running. It checks committed notifications every 500ms.[39m
[32m[Nest] 29920  - [39m08/14/2026, 2:18:25 PM [32m    LOG[39m [38;5;3m[NestApplication] [39m[32mNest application successfully started[39m[38;5;3m +0ms[39m
{"level":30,"time":1786697305644,"service":"SaaS App Backend","environment":"development","msg":"Server listening at http://172.16.0.2:4000"}
{"level":30,"time":1786697305644,"service":"SaaS App Backend","environment":"development","msg":"Server listening at http://192.168.1.29:4000"}
2:18:27 PM [tsx] change in ./src\platform\tenant-admin-tasks.controller.ts Restarting...
[32m[Nest] 32732  - [39m08/14/2026, 2:18:33 PM [32m    LOG[39m [38;5;3m[NestFactory] [39m[32mStarting Nest application...[39m
[32m[Nest] 32732  - [39m08/14/2026, 2:18:33 PM [32m    LOG[39m [38;5;3m[InstanceLoader] [39m[32mAppConfigModule dependencies initialized[39m[38;5;3m +3ms[39m
[32m[Nest] 32732  - [39m08/14/2026, 2:18:33 PM [32m    LOG[39m [38;5;3m[InstanceLoader] [39m[32mAppConfigModule dependencies initialized[39m[38;5;3m +0ms[39m
[32m[Nest] 32732  - [39m08/14/2026, 2:18:33 PM [32m    LOG[39m [38;5;3m[InstanceLoader] [39m[32mCommonModule dependencies initialized[39m[38;5;3m +1ms[39m
[32m[Nest] 32732  - [39m08/14/2026, 2:18:33 PM [32m    LOG[39m [38;5;3m[InstanceLoader] [39m[32mAppModule dependencies initialized[39m[38;5;3m +0ms[39m
[32m[Nest] 32732  - [39m08/14/2026, 2:18:33 PM [32m    LOG[39m [38;5;3m[InstanceLoader] [39m[32mDatabaseModule dependencies initialized[39m[38;5;3m +0ms[39m
[32m[Nest] 32732  - [39m08/14/2026, 2:18:33 PM [32m    LOG[39m [38;5;3m[InstanceLoader] [39m[32mHealthModule dependencies initialized[39m[38;5;3m +1ms[39m
[32m[Nest] 32732  - [39m08/14/2026, 2:18:33 PM [32m    LOG[39m [38;5;3m[InstanceLoader] [39m[32mAuthModule dependencies initialized[39m[38;5;3m +0ms[39m
[32m[Nest] 32732  - [39m08/14/2026, 2:18:33 PM [32m    LOG[39m [38;5;3m[InstanceLoader] [39m[32mPlatformModule dependencies initialized[39m[38;5;3m +0ms[39m
[32m[Nest] 32732  - [39m08/14/2026, 2:18:33 PM [32m    LOG[39m [38;5;3m[RoutesResolver] [39m[32mHealthController {/api/v1/health}:[39m[38;5;3m +0ms[39m
[32m[Nest] 32732  - [39m08/14/2026, 2:18:33 PM [32m    LOG[39m [38;5;3m[RouterExplorer] [39m[32mMapped {/api/v1/health/live, GET} route[39m[38;5;3m +1ms[39m
[32m[Nest] 32732  - [39m08/14/2026, 2:18:33 PM [32m    LOG[39m [38;5;3m[RouterExplorer] [39m[32mMapped {/api/v1/health/ready, GET} route[39m[38;5;3m +0ms[39m
[32m[Nest] 32732  - [39m08/14/2026, 2:18:33 PM [32m    LOG[39m [38;5;3m[RoutesResolver] [39m[32mMeController {/api/v1/me}:[39m[38;5;3m +0ms[39m
[32m[Nest] 32732  - [39m08/14/2026, 2:18:33 PM [32m    LOG[39m [38;5;3m[RouterExplorer] [39m[32mMapped {/api/v1/me, GET} route[39m[38;5;3m +0ms[39m
[32m[Nest] 32732  - [39m08/14/2026, 2:18:33 PM [32m    LOG[39m [38;5;3m[RouterExplorer] [39m[32mMapped {/api/v1/me/profile, PATCH} route[39m[38;5;3m +0ms[39m
[32m[Nest] 32732  - [39m08/14/2026, 2:18:33 PM [32m    LOG[39m [38;5;3m[RouterExplorer] [39m[32mMapped {/api/v1/me/preferences, PATCH} route[39m[38;5;3m +0ms[39m
[32m[Nest] 32732  - [39m08/14/2026, 2:18:33 PM [32m    LOG[39m [38;5;3m[RoutesResolver] [39m[32mAccessAdminController {/api/v1}:[39m[38;5;3m +0ms[39m
[32m[Nest] 32732  - [39m08/14/2026, 2:18:33 PM [32m    LOG[39m [38;5;3m[RouterExplorer] [39m[32mMapped {/api/v1/super-admin/tenant-creation-options, GET} route[39m[38;5;3m +0ms[39m
[32m[Nest] 32732  - [39m08/14/2026, 2:18:33 PM [32m    LOG[39m [38;5;3m[RouterExplorer] [39m[32mMapped {/api/v1/super-admin/tenants, GET} route[39m[38;5;3m +0ms[39m
[32m[Nest] 32732  - [39m08/14/2026, 2:18:33 PM [32m    LOG[39m [38;5;3m[RouterExplorer] [39m[32mMapped {/api/v1/super-admin/users/email-availability, GET} route[39m[38;5;3m +0ms[39m
[32m[Nest] 32732  - [39m08/14/2026, 2:18:33 PM [32m    LOG[39m [38;5;3m[RouterExplorer] [39m[32mMapped {/api/v1/super-admin/tenant-list-filters, GET} route[39m[38;5;3m +0ms[39m
[32m[Nest] 32732  - [39m08/14/2026, 2:18:33 PM [32m    LOG[39m [38;5;3m[RouterExplorer] [39m[32mMapped {/api/v1/super-admin/tenants/:tenantId, GET} route[39m[38;5;3m +0ms[39m
[32m[Nest] 32732  - [39m08/14/2026, 2:18:33 PM [32m    LOG[39m [38;5;3m[RouterExplorer] [39m[32mMapped {/api/v1/super-admin/tenants/:tenantId/status, PATCH} route[39m[38;5;3m +1ms[39m
[32m[Nest] 32732  - [39m08/14/2026, 2:18:33 PM [32m    LOG[39m [38;5;3m[RouterExplorer] [39m[32mMapped {/api/v1/super-admin/tenants/:tenantId/password, POST} route[39m[38;5;3m +0ms[39m
[32m[Nest] 32732  - [39m08/14/2026, 2:18:33 PM [32m    LOG[39m [38;5;3m[RouterExplorer] [39m[32mMapped {/api/v1/super-admin/tenants, POST} route[39m[38;5;3m +0ms[39m
[32m[Nest] 32732  - [39m08/14/2026, 2:18:33 PM [32m    LOG[39m [38;5;3m[RouterExplorer] [39m[32mMapped {/api/v1/invitations, POST} route[39m[38;5;3m +0ms[39m
[32m[Nest] 32732  - [39m08/14/2026, 2:18:33 PM [32m    LOG[39m [38;5;3m[RouterExplorer] [39m[32mMapped {/api/v1/invitations/:invitationId/cancel, POST} route[39m[38;5;3m +0ms[39m
[32m[Nest] 32732  - [39m08/14/2026, 2:18:33 PM [32m    LOG[39m [38;5;3m[RouterExplorer] [39m[32mMapped {/api/v1/invitations/:invitationId/revoke, POST} route[39m[38;5;3m +0ms[39m
[32m[Nest] 32732  - [39m08/14/2026, 2:18:33 PM [32m    LOG[39m [38;5;3m[RouterExplorer] [39m[32mMapped {/api/v1/invitations/:invitationId/accept, POST} route[39m[38;5;3m +0ms[39m
[32m[Nest] 32732  - [39m08/14/2026, 2:18:33 PM [32m    LOG[39m [38;5;3m[RouterExplorer] [39m[32mMapped {/api/v1/memberships/:membershipId/revoke, POST} route[39m[38;5;3m +0ms[39m
[32m[Nest] 32732  - [39m08/14/2026, 2:18:33 PM [32m    LOG[39m [38;5;3m[RouterExplorer] [39m[32mMapped {/api/v1/memberships/:membershipId/reactivate, POST} route[39m[38;5;3m +0ms[39m
[32m[Nest] 32732  - [39m08/14/2026, 2:18:33 PM [32m    LOG[39m [38;5;3m[RoutesResolver] [39m[32mPortalAuthController {/api/v1/auth}:[39m[38;5;3m +0ms[39m
[32m[Nest] 32732  - [39m08/14/2026, 2:18:33 PM [32m    LOG[39m [38;5;3m[RouterExplorer] [39m[32mMapped {/api/v1/auth/super-admin/login, POST} route[39m[38;5;3m +0ms[39m
[32m[Nest] 32732  - [39m08/14/2026, 2:18:33 PM [32m    LOG[39m [38;5;3m[RouterExplorer] [39m[32mMapped {/api/v1/auth/tenant/login, POST} route[39m[38;5;3m +0ms[39m
[32m[Nest] 32732  - [39m08/14/2026, 2:18:33 PM [32m    LOG[39m [38;5;3m[RouterExplorer] [39m[32mMapped {/api/v1/auth/employee/login, POST} route[39m[38;5;3m +1ms[39m
[32m[Nest] 32732  - [39m08/14/2026, 2:18:33 PM [32m    LOG[39m [38;5;3m[RouterExplorer] [39m[32mMapped {/api/v1/auth/client/login, POST} route[39m[38;5;3m +0ms[39m
[32m[Nest] 32732  - [39m08/14/2026, 2:18:33 PM [32m    LOG[39m [38;5;3m[RouterExplorer] [39m[32mMapped {/api/v1/auth/super-admin/session, GET} route[39m[38;5;3m +0ms[39m
[32m[Nest] 32732  - [39m08/14/2026, 2:18:33 PM [32m    LOG[39m [38;5;3m[RouterExplorer] [39m[32mMapped {/api/v1/auth/tenant/session, GET} route[39m[38;5;3m +0ms[39m
[32m[Nest] 32732  - [39m08/14/2026, 2:18:33 PM [32m    LOG[39m [38;5;3m[RouterExplorer] [39m[32mMapped {/api/v1/auth/employee/session, GET} route[39m[38;5;3m +0ms[39m
[32m[Nest] 32732  - [39m08/14/2026, 2:18:33 PM [32m    LOG[39m [38;5;3m[RouterExplorer] [39m[32mMapped {/api/v1/auth/client/session, GET} route[39m[38;5;3m +0ms[39m
[32m[Nest] 32732  - [39m08/14/2026, 2:18:33 PM [32m    LOG[39m [38;5;3m[RouterExplorer] [39m[32mMapped {/api/v1/auth/super-admin/logout, POST} route[39m[38;5;3m +0ms[39m
[32m[Nest] 32732  - [39m08/14/2026, 2:18:33 PM [32m    LOG[39m [38;5;3m[RouterExplorer] [39m[32mMapped {/api/v1/auth/tenant/logout, POST} route[39m[38;5;3m +0ms[39m
[32m[Nest] 32732  - [39m08/14/2026, 2:18:33 PM [32m    LOG[39m [38;5;3m[RouterExplorer] [39m[32mMapped {/api/v1/auth/employee/logout, POST} route[39m[38;5;3m +0ms[39m
[32m[Nest] 32732  - [39m08/14/2026, 2:18:33 PM [32m    LOG[39m [38;5;3m[RouterExplorer] [39m[32mMapped {/api/v1/auth/client/logout, POST} route[39m[38;5;3m +0ms[39m
[32m[Nest] 32732  - [39m08/14/2026, 2:18:33 PM [32m    LOG[39m [38;5;3m[RoutesResolver] [39m[32mSuperAdminAuditLogController {/api/v1/super-admin/audit-log}:[39m[38;5;3m +0ms[39m
[32m[Nest] 32732  - [39m08/14/2026, 2:18:33 PM [32m    LOG[39m [38;5;3m[RouterExplorer] [39m[32mMapped {/api/v1/super-admin/audit-log, GET} route[39m[38;5;3m +1ms[39m
[32m[Nest] 32732  - [39m08/14/2026, 2:18:33 PM [32m    LOG[39m [38;5;3m[RoutesResolver] [39m[32mSuperAdminDashboardController {/api/v1/super-admin}:[39m[38;5;3m +0ms[39m
[32m[Nest] 32732  - [39m08/14/2026, 2:18:33 PM [32m    LOG[39m [38;5;3m[RouterExplorer] [39m[32mMapped {/api/v1/super-admin/dashboard, GET} route[39m[38;5;3m +0ms[39m
[32m[Nest] 32732  - [39m08/14/2026, 2:18:33 PM [32m    LOG[39m [38;5;3m[RouterExplorer] [39m[32mMapped {/api/v1/super-admin/alerts/:alertId/view, PATCH} route[39m[38;5;3m +0ms[39m
[32m[Nest] 32732  - [39m08/14/2026, 2:18:33 PM [32m    LOG[39m [38;5;3m[RouterExplorer] [39m[32mMapped {/api/v1/super-admin/alerts/:alertId/reviews, POST} route[39m[38;5;3m +0ms[39m
[32m[Nest] 32732  - [39m08/14/2026, 2:18:33 PM [32m    LOG[39m [38;5;3m[RouterExplorer] [39m[32mMapped {/api/v1/super-admin/tenant-reviews/:reviewId, PATCH} route[39m[38;5;3m +0ms[39m
[32m[Nest] 32732  - [39m08/14/2026, 2:18:33 PM [32m    LOG[39m [38;5;3m[RoutesResolver] [39m[32mSuperAdminSearchController {/api/v1/super-admin}:[39m[38;5;3m +0ms[39m
[32m[Nest] 32732  - [39m08/14/2026, 2:18:33 PM [32m    LOG[39m [38;5;3m[RouterExplorer] [39m[32mMapped {/api/v1/super-admin/search, GET} route[39m[38;5;3m +0ms[39m
[32m[Nest] 32732  - [39m08/14/2026, 2:18:33 PM [32m    LOG[39m [38;5;3m[RoutesResolver] [39m[32mSuperAdminNotificationsController {/api/v1/super-admin/notifications}:[39m[38;5;3m +0ms[39m
[32m[Nest] 32732  - [39m08/14/2026, 2:18:33 PM [32m    LOG[39m [38;5;3m[RouterExplorer] [39m[32mMapped {/api/v1/super-admin/notifications, GET} route[39m[38;5;3m +0ms[39m
[32m[Nest] 32732  - [39m08/14/2026, 2:18:33 PM [32m    LOG[39m [38;5;3m[RouterExplorer] [39m[32mMapped {/api/v1/super-admin/notifications/unread-count, GET} route[39m[38;5;3m +0ms[39m
[32m[Nest] 32732  - [39m08/14/2026, 2:18:33 PM [32m    LOG[39m [38;5;3m[RouterExplorer] [39m[32mMapped {/api/v1/super-admin/notifications/:notificationId/read, PATCH} route[39m[38;5;3m +1ms[39m
[32m[Nest] 32732  - [39m08/14/2026, 2:18:33 PM [32m    LOG[39m [38;5;3m[RouterExplorer] [39m[32mMapped {/api/v1/super-admin/notifications/read-all, PATCH} route[39m[38;5;3m +0ms[39m
[32m[Nest] 32732  - [39m08/14/2026, 2:18:33 PM [32m    LOG[39m [38;5;3m[RoutesResolver] [39m[32mSuperAdminPlatformConfigurationController {/api/v1/super-admin/platform-configuration}:[39m[38;5;3m +0ms[39m
[32m[Nest] 32732  - [39m08/14/2026, 2:18:33 PM [32m    LOG[39m [38;5;3m[RouterExplorer] [39m[32mMapped {/api/v1/super-admin/platform-configuration, GET} route[39m[38;5;3m +0ms[39m
[32m[Nest] 32732  - [39m08/14/2026, 2:18:33 PM [32m    LOG[39m [38;5;3m[RouterExplorer] [39m[32mMapped {/api/v1/super-admin/platform-configuration, PATCH} route[39m[38;5;3m +0ms[39m
[32m[Nest] 32732  - [39m08/14/2026, 2:18:33 PM [32m    LOG[39m [38;5;3m[RoutesResolver] [39m[32mClientPortalDashboardController {/api/v1/client-portal/dashboard}:[39m[38;5;3m +0ms[39m
[32m[Nest] 32732  - [39m08/14/2026, 2:18:33 PM [32m    LOG[39m [38;5;3m[RouterExplorer] [39m[32mMapped {/api/v1/client-portal/dashboard, GET} route[39m[38;5;3m +0ms[39m
[32m[Nest] 32732  - [39m08/14/2026, 2:18:33 PM [32m    LOG[39m [38;5;3m[RoutesResolver] [39m[32mClientPortalDeliverablesController {/api/v1/client-portal/deliverables}:[39m[38;5;3m +0ms[39m
[32m[Nest] 32732  - [39m08/14/2026, 2:18:33 PM [32m    LOG[39m [38;5;3m[RouterExplorer] [39m[32mMapped {/api/v1/client-portal/deliverables, GET} route[39m[38;5;3m +0ms[39m
[32m[Nest] 32732  - [39m08/14/2026, 2:18:33 PM [32m    LOG[39m [38;5;3m[RouterExplorer] [39m[32mMapped {/api/v1/client-portal/deliverables/:documentId/decision, POST} route[39m[38;5;3m +0ms[39m
[32m[Nest] 32732  - [39m08/14/2026, 2:18:33 PM [32m    LOG[39m [38;5;3m[RouterExplorer] [39m[32mMapped {/api/v1/client-portal/deliverables/:documentId/download, GET} route[39m[38;5;3m +0ms[39m
[32m[Nest] 32732  - [39m08/14/2026, 2:18:33 PM [32m    LOG[39m [38;5;3m[RoutesResolver] [39m[32mClientPortalNotificationsController {/api/v1/client-portal/notifications}:[39m[38;5;3m +0ms[39m
[32m[Nest] 32732  - [39m08/14/2026, 2:18:33 PM [32m    LOG[39m [38;5;3m[RouterExplorer] [39m[32mMapped {/api/v1/client-portal/notifications, GET} route[39m[38;5;3m +1ms[39m
[32m[Nest] 32732  - [39m08/14/2026, 2:18:33 PM [32m    LOG[39m [38;5;3m[RoutesResolver] [39m[32mClientPortalProfileController {/api/v1/client-portal/profile}:[39m[38;5;3m +0ms[39m
[32m[Nest] 32732  - [39m08/14/2026, 2:18:33 PM [32m    LOG[39m [38;5;3m[RouterExplorer] [39m[32mMapped {/api/v1/client-portal/profile, GET} route[39m[38;5;3m +0ms[39m
[32m[Nest] 32732  - [39m08/14/2026, 2:18:33 PM [32m    LOG[39m [38;5;3m[RouterExplorer] [39m[32mMapped {/api/v1/client-portal/profile, PATCH} route[39m[38;5;3m +0ms[39m
[32m[Nest] 32732  - [39m08/14/2026, 2:18:33 PM [32m    LOG[39m [38;5;3m[RoutesResolver] [39m[32mClientPortalRequestsController {/api/v1/client-portal/requests}:[39m[38;5;3m +1ms[39m
[32m[Nest] 32732  - [39m08/14/2026, 2:18:33 PM [32m    LOG[39m [38;5;3m[RouterExplorer] [39m[32mMapped {/api/v1/client-portal/requests/options, GET} route[39m[38;5;3m +0ms[39m
[32m[Nest] 32732  - [39m08/14/2026, 2:18:33 PM [32m    LOG[39m [38;5;3m[RouterExplorer] [39m[32mMapped {/api/v1/client-portal/requests, POST} route[39m[38;5;3m +0ms[39m
[32m[Nest] 32732  - [39m08/14/2026, 2:18:33 PM [32m    LOG[39m [38;5;3m[RoutesResolver] [39m[32mEmployeeDashboardController {/api/v1/employee/dashboard}:[39m[38;5;3m +1ms[39m
[32m[Nest] 32732  - [39m08/14/2026, 2:18:33 PM [32m    LOG[39m [38;5;3m[RouterExplorer] [39m[32mMapped {/api/v1/employee/dashboard, GET} route[39m[38;5;3m +1ms[39m
[32m[Nest] 32732  - [39m08/14/2026, 2:18:33 PM [32m    LOG[39m [38;5;3m[RoutesResolver] [39m[32mEmployeeDocumentsController {/api/v1/employee/documents}:[39m[38;5;3m +0ms[39m
[32m[Nest] 32732  - [39m08/14/2026, 2:18:33 PM [32m    LOG[39m [38;5;3m[RouterExplorer] [39m[32mMapped {/api/v1/employee/documents/options, GET} route[39m[38;5;3m +1ms[39m
[32m[Nest] 32732  - [39m08/14/2026, 2:18:33 PM [32m    LOG[39m [38;5;3m[RouterExplorer] [39m[32mMapped {/api/v1/employee/documents, GET} route[39m[38;5;3m +0ms[39m
[32m[Nest] 32732  - [39m08/14/2026, 2:18:33 PM [32m    LOG[39m [38;5;3m[RouterExplorer] [39m[32mMapped {/api/v1/employee/documents, POST} route[39m[38;5;3m +0ms[39m
[32m[Nest] 32732  - [39m08/14/2026, 2:18:33 PM [32m    LOG[39m [38;5;3m[RouterExplorer] [39m[32mMapped {/api/v1/employee/documents/upload-url, POST} route[39m[38;5;3m +1ms[39m
[32m[Nest] 32732  - [39m08/14/2026, 2:18:33 PM [32m    LOG[39m [38;5;3m[RouterExplorer] [39m[32mMapped {/api/v1/employee/documents/:documentId/download, GET} route[39m[38;5;3m +0ms[39m
[32m[Nest] 32732  - [39m08/14/2026, 2:18:33 PM [32m    LOG[39m [38;5;3m[RoutesResolver] [39m[32mEmployeeManagerController {/api/v1/employee/manager}:[39m[38;5;3m +1ms[39m
[32m[Nest] 32732  - [39m08/14/2026, 2:18:33 PM [32m    LOG[39m [38;5;3m[RouterExplorer] [39m[32mMapped {/api/v1/employee/manager/clients, GET} route[39m[38;5;3m +0ms[39m
[32m[Nest] 32732  - [39m08/14/2026, 2:18:33 PM [32m    LOG[39m [38;5;3m[RouterExplorer] [39m[32mMapped {/api/v1/employee/manager/task-options, GET} route[39m[38;5;3m +0ms[39m
[32m[Nest] 32732  - [39m08/14/2026, 2:18:33 PM [32m    LOG[39m [38;5;3m[RouterExplorer] [39m[32mMapped {/api/v1/employee/manager/reviews, GET} route[39m[38;5;3m +0ms[39m
[32m[Nest] 32732  - [39m08/14/2026, 2:18:33 PM [32m    LOG[39m [38;5;3m[RouterExplorer] [39m[32mMapped {/api/v1/employee/manager/tasks, POST} route[39m[38;5;3m +1ms[39m
[32m[Nest] 32732  - [39m08/14/2026, 2:18:33 PM [32m    LOG[39m [38;5;3m[RouterExplorer] [39m[32mMapped {/api/v1/employee/manager/reviews/:taskId, POST} route[39m[38;5;3m +0ms[39m
[32m[Nest] 32732  - [39m08/14/2026, 2:18:33 PM [32m    LOG[39m [38;5;3m[RoutesResolver] [39m[32mEmployeeNotificationsController {/api/v1/employee/notifications}:[39m[38;5;3m +0ms[39m
[32m[Nest] 32732  - [39m08/14/2026, 2:18:33 PM [32m    LOG[39m [38;5;3m[RouterExplorer] [39m[32mMapped {/api/v1/employee/notifications, GET} route[39m[38;5;3m +0ms[39m
[32m[Nest] 32732  - [39m08/14/2026, 2:18:33 PM [32m    LOG[39m [38;5;3m[RouterExplorer] [39m[32mMapped {/api/v1/employee/notifications/unread-count, GET} route[39m[38;5;3m +0ms[39m
[32m[Nest] 32732  - [39m08/14/2026, 2:18:33 PM [32m    LOG[39m [38;5;3m[RouterExplorer] [39m[32mMapped {/api/v1/employee/notifications/:notificationId/read, PATCH} route[39m[38;5;3m +0ms[39m
[32m[Nest] 32732  - [39m08/14/2026, 2:18:33 PM [32m    LOG[39m [38;5;3m[RouterExplorer] [39m[32mMapped {/api/v1/employee/notifications/read-all, PATCH} route[39m[38;5;3m +0ms[39m
[32m[Nest] 32732  - [39m08/14/2026, 2:18:33 PM [32m    LOG[39m [38;5;3m[RoutesResolver] [39m[32mEmployeeProfileController {/api/v1/employee/profile}:[39m[38;5;3m +0ms[39m
[32m[Nest] 32732  - [39m08/14/2026, 2:18:33 PM [32m    LOG[39m [38;5;3m[RouterExplorer] [39m[32mMapped {/api/v1/employee/profile, GET} route[39m[38;5;3m +0ms[39m
[32m[Nest] 32732  - [39m08/14/2026, 2:18:33 PM [32m    LOG[39m [38;5;3m[RoutesResolver] [39m[32mEmployeeTasksController {/api/v1/employee}:[39m[38;5;3m +0ms[39m
[32m[Nest] 32732  - [39m08/14/2026, 2:18:33 PM [32m    LOG[39m [38;5;3m[RouterExplorer] [39m[32mMapped {/api/v1/employee/tasks, GET} route[39m[38;5;3m +0ms[39m
[32m[Nest] 32732  - [39m08/14/2026, 2:18:33 PM [32m    LOG[39m [38;5;3m[RouterExplorer] [39m[32mMapped {/api/v1/employee/work-logs, GET} route[39m[38;5;3m +0ms[39m
[32m[Nest] 32732  - [39m08/14/2026, 2:18:33 PM [32m    LOG[39m [38;5;3m[RouterExplorer] [39m[32mMapped {/api/v1/employee/tasks/:taskId/start, POST} route[39m[38;5;3m +0ms[39m
[32m[Nest] 32732  - [39m08/14/2026, 2:18:33 PM [32m    LOG[39m [38;5;3m[RouterExplorer] [39m[32mMapped {/api/v1/employee/tasks/:taskId/pause, POST} route[39m[38;5;3m +1ms[39m
[32m[Nest] 32732  - [39m08/14/2026, 2:18:33 PM [32m    LOG[39m [38;5;3m[RouterExplorer] [39m[32mMapped {/api/v1/employee/tasks/:taskId/resume, POST} route[39m[38;5;3m +0ms[39m
[32m[Nest] 32732  - [39m08/14/2026, 2:18:33 PM [32m    LOG[39m [38;5;3m[RouterExplorer] [39m[32mMapped {/api/v1/employee/tasks/:taskId/submit, POST} route[39m[38;5;3m +0ms[39m
[32m[Nest] 32732  - [39m08/14/2026, 2:18:33 PM [32m    LOG[39m [38;5;3m[RoutesResolver] [39m[32mTenantAdminDashboardController {/api/v1/tenant-admin/dashboard}:[39m[38;5;3m +0ms[39m
[32m[Nest] 32732  - [39m08/14/2026, 2:18:33 PM [32m    LOG[39m [38;5;3m[RouterExplorer] [39m[32mMapped {/api/v1/tenant-admin/dashboard, GET} route[39m[38;5;3m +0ms[39m
[32m[Nest] 32732  - [39m08/14/2026, 2:18:33 PM [32m    LOG[39m [38;5;3m[RouterExplorer] [39m[32mMapped {/api/v1/tenant-admin/dashboard/profile, GET} route[39m[38;5;3m +0ms[39m
[32m[Nest] 32732  - [39m08/14/2026, 2:18:33 PM [32m    LOG[39m [38;5;3m[RouterExplorer] [39m[32mMapped {/api/v1/tenant-admin/dashboard/profile, PATCH} route[39m[38;5;3m +0ms[39m
[32m[Nest] 32732  - [39m08/14/2026, 2:18:33 PM [32m    LOG[39m [38;5;3m[RoutesResolver] [39m[32mTenantAdminClientsController {/api/v1/tenant-admin/clients}:[39m[38;5;3m +1ms[39m
[32m[Nest] 32732  - [39m08/14/2026, 2:18:33 PM [32m    LOG[39m [38;5;3m[RouterExplorer] [39m[32mMapped {/api/v1/tenant-admin/clients, GET} route[39m[38;5;3m +0ms[39m
[32m[Nest] 32732  - [39m08/14/2026, 2:18:33 PM [32m    LOG[39m [38;5;3m[RouterExplorer] [39m[32mMapped {/api/v1/tenant-admin/clients, POST} route[39m[38;5;3m +0ms[39m
[32m[Nest] 32732  - [39m08/14/2026, 2:18:33 PM [32m    LOG[39m [38;5;3m[RouterExplorer] [39m[32mMapped {/api/v1/tenant-admin/clients/:clientRef, GET} route[39m[38;5;3m +0ms[39m
[32m[Nest] 32732  - [39m08/14/2026, 2:18:33 PM [32m    LOG[39m [38;5;3m[RouterExplorer] [39m[32mMapped {/api/v1/tenant-admin/clients/:clientRef, DELETE} route[39m[38;5;3m +0ms[39m
[32m[Nest] 32732  - [39m08/14/2026, 2:18:33 PM [32m    LOG[39m [38;5;3m[RouterExplorer] [39m[32mMapped {/api/v1/tenant-admin/clients/:clientRef/contacts, POST} route[39m[38;5;3m +0ms[39m
[32m[Nest] 32732  - [39m08/14/2026, 2:18:33 PM [32m    LOG[39m [38;5;3m[RouterExplorer] [39m[32mMapped {/api/v1/tenant-admin/clients/:clientRef/contacts/:contactId, PATCH} route[39m[38;5;3m +0ms[39m
[32m[Nest] 32732  - [39m08/14/2026, 2:18:33 PM [32m    LOG[39m [38;5;3m[RoutesResolver] [39m[32mTenantAdminEmployeePerformanceController {/api/v1/tenant-admin/employee-performance}:[39m[38;5;3m +0ms[39m
[32m[Nest] 32732  - [39m08/14/2026, 2:18:33 PM [32m    LOG[39m [38;5;3m[RouterExplorer] [39m[32mMapped {/api/v1/tenant-admin/employee-performance, GET} route[39m[38;5;3m +0ms[39m
[32m[Nest] 32732  - [39m08/14/2026, 2:18:33 PM [32m    LOG[39m [38;5;3m[RouterExplorer] [39m[32mMapped {/api/v1/tenant-admin/employee-performance/:employeeId, GET} route[39m[38;5;3m +0ms[39m
[32m[Nest] 32732  - [39m08/14/2026, 2:18:33 PM [32m    LOG[39m [38;5;3m[RoutesResolver] [39m[32mTenantAdminFinanceController {/api/v1/tenant-admin/finance}:[39m[38;5;3m +0ms[39m
[32m[Nest] 32732  - [39m08/14/2026, 2:18:33 PM [32m    LOG[39m [38;5;3m[RouterExplorer] [39m[32mMapped {/api/v1/tenant-admin/finance/documents, GET} route[39m[38;5;3m +0ms[39m
[32m[Nest] 32732  - [39m08/14/2026, 2:18:33 PM [32m    LOG[39m [38;5;3m[RouterExplorer] [39m[32mMapped {/api/v1/tenant-admin/finance/documents, POST} route[39m[38;5;3m +0ms[39m
[32m[Nest] 32732  - [39m08/14/2026, 2:18:33 PM [32m    LOG[39m [38;5;3m[RouterExplorer] [39m[32mMapped {/api/v1/tenant-admin/finance/documents/upload-url, POST} route[39m[38;5;3m +1ms[39m
[32m[Nest] 32732  - [39m08/14/2026, 2:18:33 PM [32m    LOG[39m [38;5;3m[RouterExplorer] [39m[32mMapped {/api/v1/tenant-admin/finance/documents/:documentId/download, GET} route[39m[38;5;3m +0ms[39m
[32m[Nest] 32732  - [39m08/14/2026, 2:18:33 PM [32m    LOG[39m [38;5;3m[RouterExplorer] [39m[32mMapped {/api/v1/tenant-admin/finance/invoices, GET} route[39m[38;5;3m +0ms[39m
[32m[Nest] 32732  - [39m08/14/2026, 2:18:33 PM [32m    LOG[39m [38;5;3m[RouterExplorer] [39m[32mMapped {/api/v1/tenant-admin/finance/invoices, POST} route[39m[38;5;3m +0ms[39m
[32m[Nest] 32732  - [39m08/14/2026, 2:18:33 PM [32m    LOG[39m [38;5;3m[RouterExplorer] [39m[32mMapped {/api/v1/tenant-admin/finance/billable-tasks, GET} route[39m[38;5;3m +0ms[39m
[32m[Nest] 32732  - [39m08/14/2026, 2:18:33 PM [32m    LOG[39m [38;5;3m[RouterExplorer] [39m[32mMapped {/api/v1/tenant-admin/finance/invoices/from-task, POST} route[39m[38;5;3m +0ms[39m
[32m[Nest] 32732  - [39m08/14/2026, 2:18:33 PM [32m    LOG[39m [38;5;3m[RouterExplorer] [39m[32mMapped {/api/v1/tenant-admin/finance/invoices/:invoiceId/send, POST} route[39m[38;5;3m +0ms[39m
[32m[Nest] 32732  - [39m08/14/2026, 2:18:33 PM [32m    LOG[39m [38;5;3m[RoutesResolver] [39m[32mTenantAdminNotificationsController {/api/v1/tenant-admin/notifications}:[39m[38;5;3m +0ms[39m
[32m[Nest] 32732  - [39m08/14/2026, 2:18:33 PM [32m    LOG[39m [38;5;3m[RouterExplorer] [39m[32mMapped {/api/v1/tenant-admin/notifications, GET} route[39m[38;5;3m +0ms[39m
[32m[Nest] 32732  - [39m08/14/2026, 2:18:33 PM [32m    LOG[39m [38;5;3m[RouterExplorer] [39m[32mMapped {/api/v1/tenant-admin/notifications/unread-count, GET} route[39m[38;5;3m +0ms[39m
[32m[Nest] 32732  - [39m08/14/2026, 2:18:33 PM [32m    LOG[39m [38;5;3m[RouterExplorer] [39m[32mMapped {/api/v1/tenant-admin/notifications/:notificationId/read, PATCH} route[39m[38;5;3m +0ms[39m
[32m[Nest] 32732  - [39m08/14/2026, 2:18:33 PM [32m    LOG[39m [38;5;3m[RouterExplorer] [39m[32mMapped {/api/v1/tenant-admin/notifications/read-all, PATCH} route[39m[38;5;3m +1ms[39m
[32m[Nest] 32732  - [39m08/14/2026, 2:18:33 PM [32m    LOG[39m [38;5;3m[RoutesResolver] [39m[32mTenantAdminServicesController {/api/v1/tenant-admin/services}:[39m[38;5;3m +0ms[39m
[32m[Nest] 32732  - [39m08/14/2026, 2:18:33 PM [32m    LOG[39m [38;5;3m[RouterExplorer] [39m[32mMapped {/api/v1/tenant-admin/services, GET} route[39m[38;5;3m +0ms[39m
[32m[Nest] 32732  - [39m08/14/2026, 2:18:33 PM [32m    LOG[39m [38;5;3m[RouterExplorer] [39m[32mMapped {/api/v1/tenant-admin/services, POST} route[39m[38;5;3m +0ms[39m
[32m[Nest] 32732  - [39m08/14/2026, 2:18:33 PM [32m    LOG[39m [38;5;3m[RoutesResolver] [39m[32mTenantAdminTasksController {/api/v1/tenant-admin/tasks}:[39m[38;5;3m +0ms[39m
[32m[Nest] 32732  - [39m08/14/2026, 2:18:33 PM [32m    LOG[39m [38;5;3m[RouterExplorer] [39m[32mMapped {/api/v1/tenant-admin/tasks/options, GET} route[39m[38;5;3m +0ms[39m
[32m[Nest] 32732  - [39m08/14/2026, 2:18:33 PM [32m    LOG[39m [38;5;3m[RouterExplorer] [39m[32mMapped {/api/v1/tenant-admin/tasks, GET} route[39m[38;5;3m +0ms[39m
[32m[Nest] 32732  - [39m08/14/2026, 2:18:33 PM [32m    LOG[39m [38;5;3m[RouterExplorer] [39m[32mMapped {/api/v1/tenant-admin/tasks/:taskId/review-detail, GET} route[39m[38;5;3m +0ms[39m
[32m[Nest] 32732  - [39m08/14/2026, 2:18:33 PM [32m    LOG[39m [38;5;3m[RouterExplorer] [39m[32mMapped {/api/v1/tenant-admin/tasks, POST} route[39m[38;5;3m +0ms[39m
[32m[Nest] 32732  - [39m08/14/2026, 2:18:33 PM [32m    LOG[39m [38;5;3m[RouterExplorer] [39m[32mMapped {/api/v1/tenant-admin/tasks/:taskId/approval, POST} route[39m[38;5;3m +0ms[39m
[32m[Nest] 32732  - [39m08/14/2026, 2:18:33 PM [32m    LOG[39m [38;5;3m[RouterExplorer] [39m[32mMapped {/api/v1/tenant-admin/tasks/employees, POST} route[39m[38;5;3m +0ms[39m
[32m[Nest] 32732  - [39m08/14/2026, 2:18:33 PM [32m    LOG[39m [38;5;3m[RouterExplorer] [39m[32mMapped {/api/v1/tenant-admin/tasks/employees/email-availability, GET} route[39m[38;5;3m +1ms[39m
[32m[Nest] 32732  - [39m08/14/2026, 2:18:33 PM [32m    LOG[39m [38;5;3m[RouterExplorer] [39m[32mMapped {/api/v1/tenant-admin/tasks/employees, GET} route[39m[38;5;3m +0ms[39m
[32m[Nest] 32732  - [39m08/14/2026, 2:18:33 PM [32m    LOG[39m [38;5;3m[RouterExplorer] [39m[32mMapped {/api/v1/tenant-admin/tasks/departments, GET} route[39m[38;5;3m +0ms[39m
[32m[Nest] 32732  - [39m08/14/2026, 2:18:33 PM [32m    LOG[39m [38;5;3m[RouterExplorer] [39m[32mMapped {/api/v1/tenant-admin/tasks/departments, POST} route[39m[38;5;3m +0ms[39m
[32m[Nest] 32732  - [39m08/14/2026, 2:18:33 PM [32m    LOG[39m [38;5;3m[RouterExplorer] [39m[32mMapped {/api/v1/tenant-admin/tasks/employees/:employeeId/assignment, PATCH} route[39m[38;5;3m +0ms[39m
[32m[Nest] 32732  - [39m08/14/2026, 2:18:33 PM [32m    LOG[39m [38;5;3m[RouterExplorer] [39m[32mMapped {/api/v1/tenant-admin/tasks/employees/:employeeId/manager, PATCH} route[39m[38;5;3m +0ms[39m
[32m[Nest] 32732  - [39m08/14/2026, 2:18:33 PM [32m    LOG[39m [38;5;3m[RouterExplorer] [39m[32mMapped {/api/v1/tenant-admin/tasks/employees/:employeeId/manager, DELETE} route[39m[38;5;3m +0ms[39m
[32m[Nest] 32732  - [39m08/14/2026, 2:18:33 PM [32m    LOG[39m [38;5;3m[RouterExplorer] [39m[32mMapped {/api/v1/tenant-admin/tasks/employees/:employeeId/capacity, PATCH} route[39m[38;5;3m +0ms[39m
[32m[Nest] 32732  - [39m08/14/2026, 2:18:33 PM [32m    LOG[39m [38;5;3m[RouterExplorer] [39m[32mMapped {/api/v1/tenant-admin/tasks/work-groups, GET} route[39m[38;5;3m +0ms[39m
[32m[Nest] 32732  - [39m08/14/2026, 2:18:33 PM [32m    LOG[39m [38;5;3m[RouterExplorer] [39m[32mMapped {/api/v1/tenant-admin/tasks/work-groups, POST} route[39m[38;5;3m +0ms[39m
[32m[Nest] 32732  - [39m08/14/2026, 2:18:33 PM [32m    LOG[39m [38;5;3m[RouterExplorer] [39m[32mMapped {/api/v1/tenant-admin/tasks/work-groups/:workGroupId, PATCH} route[39m[38;5;3m +0ms[39m
[32m[Nest] 32732  - [39m08/14/2026, 2:18:33 PM [32m    LOG[39m [38;5;3m[RoutesResolver] [39m[32mTenantAnalyticsController {/api/v1/super-admin/tenant-analytics}:[39m[38;5;3m +0ms[39m
[32m[Nest] 32732  - [39m08/14/2026, 2:18:33 PM [32m    LOG[39m [38;5;3m[RouterExplorer] [39m[32mMapped {/api/v1/super-admin/tenant-analytics, GET} route[39m[38;5;3m +0ms[39m
[32m[Nest] 32732  - [39m08/14/2026, 2:18:33 PM [32m    LOG[39m [38;5;3m[TaskNotificationOutboxWorker] [39m[32m[Notifications] Task notification worker is running. It checks committed notifications every 500ms.[39m
[32m[Nest] 32732  - [39m08/14/2026, 2:18:33 PM [32m    LOG[39m [38;5;3m[NestApplication] [39m[32mNest application successfully started[39m[38;5;3m +0ms[39m
2:19:16 PM [tsx] change in ./src\platform\employee-manager.dto.ts Restarting...
{"level":30,"time":1786697362000,"service":"SaaS App Backend","environment":"development","msg":"Server listening at http://127.0.0.1:4000"}
[32m[Nest] 31384  - [39m08/14/2026, 2:19:22 PM [32m    LOG[39m [38;5;3m[NestFactory] [39m[32mStarting Nest application...[39m
[32m[Nest] 31384  - [39m08/14/2026, 2:19:22 PM [32m    LOG[39m [38;5;3m[InstanceLoader] [39m[32mAppConfigModule dependencies initialized[39m[38;5;3m +1ms[39m
[32m[Nest] 31384  - [39m08/14/2026, 2:19:22 PM [32m    LOG[39m [38;5;3m[InstanceLoader] [39m[32mAppConfigModule dependencies initialized[39m[38;5;3m +0ms[39m
[32m[Nest] 31384  - [39m08/14/2026, 2:19:22 PM [32m    LOG[39m [38;5;3m[InstanceLoader] [39m[32mCommonModule dependencies initialized[39m[38;5;3m +0ms[39m
[32m[Nest] 31384  - [39m08/14/2026, 2:19:22 PM [32m    LOG[39m [38;5;3m[InstanceLoader] [39m[32mAppModule dependencies initialized[39m[38;5;3m +1ms[39m
[32m[Nest] 31384  - [39m08/14/2026, 2:19:22 PM [32m    LOG[39m [38;5;3m[InstanceLoader] [39m[32mDatabaseModule dependencies initialized[39m[38;5;3m +0ms[39m
[32m[Nest] 31384  - [39m08/14/2026, 2:19:22 PM [32m    LOG[39m [38;5;3m[InstanceLoader] [39m[32mHealthModule dependencies initialized[39m[38;5;3m +1ms[39m
[32m[Nest] 31384  - [39m08/14/2026, 2:19:22 PM [32m    LOG[39m [38;5;3m[InstanceLoader] [39m[32mAuthModule dependencies initialized[39m[38;5;3m +0ms[39m
[32m[Nest] 31384  - [39m08/14/2026, 2:19:22 PM [32m    LOG[39m [38;5;3m[InstanceLoader] [39m[32mPlatformModule dependencies initialized[39m[38;5;3m +1ms[39m
[32m[Nest] 31384  - [39m08/14/2026, 2:19:22 PM [32m    LOG[39m [38;5;3m[RoutesResolver] [39m[32mHealthController {/api/v1/health}:[39m[38;5;3m +0ms[39m
[32m[Nest] 31384  - [39m08/14/2026, 2:19:22 PM [32m    LOG[39m [38;5;3m[RouterExplorer] [39m[32mMapped {/api/v1/health/live, GET} route[39m[38;5;3m +0ms[39m
[32m[Nest] 31384  - [39m08/14/2026, 2:19:22 PM [32m    LOG[39m [38;5;3m[RouterExplorer] [39m[32mMapped {/api/v1/health/ready, GET} route[39m[38;5;3m +0ms[39m
[32m[Nest] 31384  - [39m08/14/2026, 2:19:22 PM [32m    LOG[39m [38;5;3m[RoutesResolver] [39m[32mMeController {/api/v1/me}:[39m[38;5;3m +1ms[39m
[32m[Nest] 31384  - [39m08/14/2026, 2:19:22 PM [32m    LOG[39m [38;5;3m[RouterExplorer] [39m[32mMapped {/api/v1/me, GET} route[39m[38;5;3m +0ms[39m
[32m[Nest] 31384  - [39m08/14/2026, 2:19:22 PM [32m    LOG[39m [38;5;3m[RouterExplorer] [39m[32mMapped {/api/v1/me/profile, PATCH} route[39m[38;5;3m +0ms[39m
[32m[Nest] 31384  - [39m08/14/2026, 2:19:22 PM [32m    LOG[39m [38;5;3m[RouterExplorer] [39m[32mMapped {/api/v1/me/preferences, PATCH} route[39m[38;5;3m +0ms[39m
[32m[Nest] 31384  - [39m08/14/2026, 2:19:22 PM [32m    LOG[39m [38;5;3m[RoutesResolver] [39m[32mAccessAdminController {/api/v1}:[39m[38;5;3m +0ms[39m
[32m[Nest] 31384  - [39m08/14/2026, 2:19:22 PM [32m    LOG[39m [38;5;3m[RouterExplorer] [39m[32mMapped {/api/v1/super-admin/tenant-creation-options, GET} route[39m[38;5;3m +0ms[39m
[32m[Nest] 31384  - [39m08/14/2026, 2:19:22 PM [32m    LOG[39m [38;5;3m[RouterExplorer] [39m[32mMapped {/api/v1/super-admin/tenants, GET} route[39m[38;5;3m +0ms[39m
[32m[Nest] 31384  - [39m08/14/2026, 2:19:22 PM [32m    LOG[39m [38;5;3m[RouterExplorer] [39m[32mMapped {/api/v1/super-admin/users/email-availability, GET} route[39m[38;5;3m +0ms[39m
[32m[Nest] 31384  - [39m08/14/2026, 2:19:22 PM [32m    LOG[39m [38;5;3m[RouterExplorer] [39m[32mMapped {/api/v1/super-admin/tenant-list-filters, GET} route[39m[38;5;3m +0ms[39m
[32m[Nest] 31384  - [39m08/14/2026, 2:19:22 PM [32m    LOG[39m [38;5;3m[RouterExplorer] [39m[32mMapped {/api/v1/super-admin/tenants/:tenantId, GET} route[39m[38;5;3m +0ms[39m
[32m[Nest] 31384  - [39m08/14/2026, 2:19:22 PM [32m    LOG[39m [38;5;3m[RouterExplorer] [39m[32mMapped {/api/v1/super-admin/tenants/:tenantId/status, PATCH} route[39m[38;5;3m +0ms[39m
[32m[Nest] 31384  - [39m08/14/2026, 2:19:22 PM [32m    LOG[39m [38;5;3m[RouterExplorer] [39m[32mMapped {/api/v1/super-admin/tenants/:tenantId/password, POST} route[39m[38;5;3m +1ms[39m
[32m[Nest] 31384  - [39m08/14/2026, 2:19:22 PM [32m    LOG[39m [38;5;3m[RouterExplorer] [39m[32mMapped {/api/v1/super-admin/tenants, POST} route[39m[38;5;3m +0ms[39m
[32m[Nest] 31384  - [39m08/14/2026, 2:19:22 PM [32m    LOG[39m [38;5;3m[RouterExplorer] [39m[32mMapped {/api/v1/invitations, POST} route[39m[38;5;3m +0ms[39m
[32m[Nest] 31384  - [39m08/14/2026, 2:19:22 PM [32m    LOG[39m [38;5;3m[RouterExplorer] [39m[32mMapped {/api/v1/invitations/:invitationId/cancel, POST} route[39m[38;5;3m +0ms[39m
[32m[Nest] 31384  - [39m08/14/2026, 2:19:22 PM [32m    LOG[39m [38;5;3m[RouterExplorer] [39m[32mMapped {/api/v1/invitations/:invitationId/revoke, POST} route[39m[38;5;3m +0ms[39m
[32m[Nest] 31384  - [39m08/14/2026, 2:19:22 PM [32m    LOG[39m [38;5;3m[RouterExplorer] [39m[32mMapped {/api/v1/invitations/:invitationId/accept, POST} route[39m[38;5;3m +0ms[39m
[32m[Nest] 31384  - [39m08/14/2026, 2:19:22 PM [32m    LOG[39m [38;5;3m[RouterExplorer] [39m[32mMapped {/api/v1/memberships/:membershipId/revoke, POST} route[39m[38;5;3m +0ms[39m
[32m[Nest] 31384  - [39m08/14/2026, 2:19:22 PM [32m    LOG[39m [38;5;3m[RouterExplorer] [39m[32mMapped {/api/v1/memberships/:membershipId/reactivate, POST} route[39m[38;5;3m +0ms[39m
[32m[Nest] 31384  - [39m08/14/2026, 2:19:22 PM [32m    LOG[39m [38;5;3m[RoutesResolver] [39m[32mPortalAuthController {/api/v1/auth}:[39m[38;5;3m +1ms[39m
[32m[Nest] 31384  - [39m08/14/2026, 2:19:22 PM [32m    LOG[39m [38;5;3m[RouterExplorer] [39m[32mMapped {/api/v1/auth/super-admin/login, POST} route[39m[38;5;3m +0ms[39m
[32m[Nest] 31384  - [39m08/14/2026, 2:19:22 PM [32m    LOG[39m [38;5;3m[RouterExplorer] [39m[32mMapped {/api/v1/auth/tenant/login, POST} route[39m[38;5;3m +0ms[39m
[32m[Nest] 31384  - [39m08/14/2026, 2:19:22 PM [32m    LOG[39m [38;5;3m[RouterExplorer] [39m[32mMapped {/api/v1/auth/employee/login, POST} route[39m[38;5;3m +0ms[39m
[32m[Nest] 31384  - [39m08/14/2026, 2:19:22 PM [32m    LOG[39m [38;5;3m[RouterExplorer] [39m[32mMapped {/api/v1/auth/client/login, POST} route[39m[38;5;3m +0ms[39m
[32m[Nest] 31384  - [39m08/14/2026, 2:19:22 PM [32m    LOG[39m [38;5;3m[RouterExplorer] [39m[32mMapped {/api/v1/auth/super-admin/session, GET} route[39m[38;5;3m +1ms[39m
[32m[Nest] 31384  - [39m08/14/2026, 2:19:22 PM [32m    LOG[39m [38;5;3m[RouterExplorer] [39m[32mMapped {/api/v1/auth/tenant/session, GET} route[39m[38;5;3m +0ms[39m
[32m[Nest] 31384  - [39m08/14/2026, 2:19:22 PM [32m    LOG[39m [38;5;3m[RouterExplorer] [39m[32mMapped {/api/v1/auth/employee/session, GET} route[39m[38;5;3m +0ms[39m
[32m[Nest] 31384  - [39m08/14/2026, 2:19:22 PM [32m    LOG[39m [38;5;3m[RouterExplorer] [39m[32mMapped {/api/v1/auth/client/session, GET} route[39m[38;5;3m +0ms[39m
[32m[Nest] 31384  - [39m08/14/2026, 2:19:22 PM [32m    LOG[39m [38;5;3m[RouterExplorer] [39m[32mMapped {/api/v1/auth/super-admin/logout, POST} route[39m[38;5;3m +0ms[39m
[32m[Nest] 31384  - [39m08/14/2026, 2:19:22 PM [32m    LOG[39m [38;5;3m[RouterExplorer] [39m[32mMapped {/api/v1/auth/tenant/logout, POST} route[39m[38;5;3m +0ms[39m
[32m[Nest] 31384  - [39m08/14/2026, 2:19:22 PM [32m    LOG[39m [38;5;3m[RouterExplorer] [39m[32mMapped {/api/v1/auth/employee/logout, POST} route[39m[38;5;3m +0ms[39m
[32m[Nest] 31384  - [39m08/14/2026, 2:19:22 PM [32m    LOG[39m [38;5;3m[RouterExplorer] [39m[32mMapped {/api/v1/auth/client/logout, POST} route[39m[38;5;3m +0ms[39m
[32m[Nest] 31384  - [39m08/14/2026, 2:19:22 PM [32m    LOG[39m [38;5;3m[RoutesResolver] [39m[32mSuperAdminAuditLogController {/api/v1/super-admin/audit-log}:[39m[38;5;3m +1ms[39m
[32m[Nest] 31384  - [39m08/14/2026, 2:19:22 PM [32m    LOG[39m [38;5;3m[RouterExplorer] [39m[32mMapped {/api/v1/super-admin/audit-log, GET} route[39m[38;5;3m +0ms[39m
[32m[Nest] 31384  - [39m08/14/2026, 2:19:22 PM [32m    LOG[39m [38;5;3m[RoutesResolver] [39m[32mSuperAdminDashboardController {/api/v1/super-admin}:[39m[38;5;3m +0ms[39m
[32m[Nest] 31384  - [39m08/14/2026, 2:19:22 PM [32m    LOG[39m [38;5;3m[RouterExplorer] [39m[32mMapped {/api/v1/super-admin/dashboard, GET} route[39m[38;5;3m +0ms[39m
[32m[Nest] 31384  - [39m08/14/2026, 2:19:22 PM [32m    LOG[39m [38;5;3m[RouterExplorer] [39m[32mMapped {/api/v1/super-admin/alerts/:alertId/view, PATCH} route[39m[38;5;3m +0ms[39m
[32m[Nest] 31384  - [39m08/14/2026, 2:19:22 PM [32m    LOG[39m [38;5;3m[RouterExplorer] [39m[32mMapped {/api/v1/super-admin/alerts/:alertId/reviews, POST} route[39m[38;5;3m +0ms[39m
[32m[Nest] 31384  - [39m08/14/2026, 2:19:22 PM [32m    LOG[39m [38;5;3m[RouterExplorer] [39m[32mMapped {/api/v1/super-admin/tenant-reviews/:reviewId, PATCH} route[39m[38;5;3m +0ms[39m
[32m[Nest] 31384  - [39m08/14/2026, 2:19:22 PM [32m    LOG[39m [38;5;3m[RoutesResolver] [39m[32mSuperAdminSearchController {/api/v1/super-admin}:[39m[38;5;3m +1ms[39m
[32m[Nest] 31384  - [39m08/14/2026, 2:19:22 PM [32m    LOG[39m [38;5;3m[RouterExplorer] [39m[32mMapped {/api/v1/super-admin/search, GET} route[39m[38;5;3m +0ms[39m
[32m[Nest] 31384  - [39m08/14/2026, 2:19:22 PM [32m    LOG[39m [38;5;3m[RoutesResolver] [39m[32mSuperAdminNotificationsController {/api/v1/super-admin/notifications}:[39m[38;5;3m +0ms[39m
[32m[Nest] 31384  - [39m08/14/2026, 2:19:22 PM [32m    LOG[39m [38;5;3m[RouterExplorer] [39m[32mMapped {/api/v1/super-admin/notifications, GET} route[39m[38;5;3m +0ms[39m
[32m[Nest] 31384  - [39m08/14/2026, 2:19:22 PM [32m    LOG[39m [38;5;3m[RouterExplorer] [39m[32mMapped {/api/v1/super-admin/notifications/unread-count, GET} route[39m[38;5;3m +0ms[39m
[32m[Nest] 31384  - [39m08/14/2026, 2:19:22 PM [32m    LOG[39m [38;5;3m[RouterExplorer] [39m[32mMapped {/api/v1/super-admin/notifications/:notificationId/read, PATCH} route[39m[38;5;3m +0ms[39m
[32m[Nest] 31384  - [39m08/14/2026, 2:19:22 PM [32m    LOG[39m [38;5;3m[RouterExplorer] [39m[32mMapped {/api/v1/super-admin/notifications/read-all, PATCH} route[39m[38;5;3m +0ms[39m
[32m[Nest] 31384  - [39m08/14/2026, 2:19:22 PM [32m    LOG[39m [38;5;3m[RoutesResolver] [39m[32mSuperAdminPlatformConfigurationController {/api/v1/super-admin/platform-configuration}:[39m[38;5;3m +1ms[39m
[32m[Nest] 31384  - [39m08/14/2026, 2:19:22 PM [32m    LOG[39m [38;5;3m[RouterExplorer] [39m[32mMapped {/api/v1/super-admin/platform-configuration, GET} route[39m[38;5;3m +0ms[39m
[32m[Nest] 31384  - [39m08/14/2026, 2:19:22 PM [32m    LOG[39m [38;5;3m[RouterExplorer] [39m[32mMapped {/api/v1/super-admin/platform-configuration, PATCH} route[39m[38;5;3m +0ms[39m
[32m[Nest] 31384  - [39m08/14/2026, 2:19:22 PM [32m    LOG[39m [38;5;3m[RoutesResolver] [39m[32mClientPortalDashboardController {/api/v1/client-portal/dashboard}:[39m[38;5;3m +0ms[39m
[32m[Nest] 31384  - [39m08/14/2026, 2:19:22 PM [32m    LOG[39m [38;5;3m[RouterExplorer] [39m[32mMapped {/api/v1/client-portal/dashboard, GET} route[39m[38;5;3m +0ms[39m
[32m[Nest] 31384  - [39m08/14/2026, 2:19:22 PM [32m    LOG[39m [38;5;3m[RoutesResolver] [39m[32mClientPortalDeliverablesController {/api/v1/client-portal/deliverables}:[39m[38;5;3m +0ms[39m
[32m[Nest] 31384  - [39m08/14/2026, 2:19:22 PM [32m    LOG[39m [38;5;3m[RouterExplorer] [39m[32mMapped {/api/v1/client-portal/deliverables, GET} route[39m[38;5;3m +0ms[39m
[32m[Nest] 31384  - [39m08/14/2026, 2:19:22 PM [32m    LOG[39m [38;5;3m[RouterExplorer] [39m[32mMapped {/api/v1/client-portal/deliverables/:documentId/decision, POST} route[39m[38;5;3m +1ms[39m
[32m[Nest] 31384  - [39m08/14/2026, 2:19:22 PM [32m    LOG[39m [38;5;3m[RouterExplorer] [39m[32mMapped {/api/v1/client-portal/deliverables/:documentId/download, GET} route[39m[38;5;3m +0ms[39m
[32m[Nest] 31384  - [39m08/14/2026, 2:19:22 PM [32m    LOG[39m [38;5;3m[RoutesResolver] [39m[32mClientPortalNotificationsController {/api/v1/client-portal/notifications}:[39m[38;5;3m +0ms[39m
[32m[Nest] 31384  - [39m08/14/2026, 2:19:22 PM [32m    LOG[39m [38;5;3m[RouterExplorer] [39m[32mMapped {/api/v1/client-portal/notifications, GET} route[39m[38;5;3m +0ms[39m
[32m[Nest] 31384  - [39m08/14/2026, 2:19:22 PM [32m    LOG[39m [38;5;3m[RoutesResolver] [39m[32mClientPortalProfileController {/api/v1/client-portal/profile}:[39m[38;5;3m +0ms[39m
[32m[Nest] 31384  - [39m08/14/2026, 2:19:22 PM [32m    LOG[39m [38;5;3m[RouterExplorer] [39m[32mMapped {/api/v1/client-portal/profile, GET} route[39m[38;5;3m +1ms[39m
[32m[Nest] 31384  - [39m08/14/2026, 2:19:22 PM [32m    LOG[39m [38;5;3m[RouterExplorer] [39m[32mMapped {/api/v1/client-portal/profile, PATCH} route[39m[38;5;3m +0ms[39m
[32m[Nest] 31384  - [39m08/14/2026, 2:19:22 PM [32m    LOG[39m [38;5;3m[RoutesResolver] [39m[32mClientPortalRequestsController {/api/v1/client-portal/requests}:[39m[38;5;3m +0ms[39m
[32m[Nest] 31384  - [39m08/14/2026, 2:19:22 PM [32m    LOG[39m [38;5;3m[RouterExplorer] [39m[32mMapped {/api/v1/client-portal/requests/options, GET} route[39m[38;5;3m +0ms[39m
[32m[Nest] 31384  - [39m08/14/2026, 2:19:22 PM [32m    LOG[39m [38;5;3m[RouterExplorer] [39m[32mMapped {/api/v1/client-portal/requests, POST} route[39m[38;5;3m +0ms[39m
[32m[Nest] 31384  - [39m08/14/2026, 2:19:22 PM [32m    LOG[39m [38;5;3m[RoutesResolver] [39m[32mEmployeeDashboardController {/api/v1/employee/dashboard}:[39m[38;5;3m +0ms[39m
[32m[Nest] 31384  - [39m08/14/2026, 2:19:22 PM [32m    LOG[39m [38;5;3m[RouterExplorer] [39m[32mMapped {/api/v1/employee/dashboard, GET} route[39m[38;5;3m +0ms[39m
[32m[Nest] 31384  - [39m08/14/2026, 2:19:22 PM [32m    LOG[39m [38;5;3m[RoutesResolver] [39m[32mEmployeeDocumentsController {/api/v1/employee/documents}:[39m[38;5;3m +0ms[39m
[32m[Nest] 31384  - [39m08/14/2026, 2:19:22 PM [32m    LOG[39m [38;5;3m[RouterExplorer] [39m[32mMapped {/api/v1/employee/documents/options, GET} route[39m[38;5;3m +1ms[39m
[32m[Nest] 31384  - [39m08/14/2026, 2:19:22 PM [32m    LOG[39m [38;5;3m[RouterExplorer] [39m[32mMapped {/api/v1/employee/documents, GET} route[39m[38;5;3m +0ms[39m
[32m[Nest] 31384  - [39m08/14/2026, 2:19:22 PM [32m    LOG[39m [38;5;3m[RouterExplorer] [39m[32mMapped {/api/v1/employee/documents, POST} route[39m[38;5;3m +0ms[39m
[32m[Nest] 31384  - [39m08/14/2026, 2:19:22 PM [32m    LOG[39m [38;5;3m[RouterExplorer] [39m[32mMapped {/api/v1/employee/documents/upload-url, POST} route[39m[38;5;3m +1ms[39m
[32m[Nest] 31384  - [39m08/14/2026, 2:19:22 PM [32m    LOG[39m [38;5;3m[RouterExplorer] [39m[32mMapped {/api/v1/employee/documents/:documentId/download, GET} route[39m[38;5;3m +0ms[39m
[32m[Nest] 31384  - [39m08/14/2026, 2:19:22 PM [32m    LOG[39m [38;5;3m[RoutesResolver] [39m[32mEmployeeManagerController {/api/v1/employee/manager}:[39m[38;5;3m +0ms[39m
[32m[Nest] 31384  - [39m08/14/2026, 2:19:22 PM [32m    LOG[39m [38;5;3m[RouterExplorer] [39m[32mMapped {/api/v1/employee/manager/clients, GET} route[39m[38;5;3m +0ms[39m
[32m[Nest] 31384  - [39m08/14/2026, 2:19:22 PM [32m    LOG[39m [38;5;3m[RouterExplorer] [39m[32mMapped {/api/v1/employee/manager/task-options, GET} route[39m[38;5;3m +0ms[39m
[32m[Nest] 31384  - [39m08/14/2026, 2:19:22 PM [32m    LOG[39m [38;5;3m[RouterExplorer] [39m[32mMapped {/api/v1/employee/manager/reviews, GET} route[39m[38;5;3m +0ms[39m
[32m[Nest] 31384  - [39m08/14/2026, 2:19:22 PM [32m    LOG[39m [38;5;3m[RouterExplorer] [39m[32mMapped {/api/v1/employee/manager/tasks, POST} route[39m[38;5;3m +0ms[39m
[32m[Nest] 31384  - [39m08/14/2026, 2:19:22 PM [32m    LOG[39m [38;5;3m[RouterExplorer] [39m[32mMapped {/api/v1/employee/manager/reviews/:taskId, POST} route[39m[38;5;3m +0ms[39m
[32m[Nest] 31384  - [39m08/14/2026, 2:19:22 PM [32m    LOG[39m [38;5;3m[RoutesResolver] [39m[32mEmployeeNotificationsController {/api/v1/employee/notifications}:[39m[38;5;3m +1ms[39m
[32m[Nest] 31384  - [39m08/14/2026, 2:19:22 PM [32m    LOG[39m [38;5;3m[RouterExplorer] [39m[32mMapped {/api/v1/employee/notifications, GET} route[39m[38;5;3m +0ms[39m
[32m[Nest] 31384  - [39m08/14/2026, 2:19:22 PM [32m    LOG[39m [38;5;3m[RouterExplorer] [39m[32mMapped {/api/v1/employee/notifications/unread-count, GET} route[39m[38;5;3m +0ms[39m
[32m[Nest] 31384  - [39m08/14/2026, 2:19:22 PM [32m    LOG[39m [38;5;3m[RouterExplorer] [39m[32mMapped {/api/v1/employee/notifications/:notificationId/read, PATCH} route[39m[38;5;3m +0ms[39m
[32m[Nest] 31384  - [39m08/14/2026, 2:19:22 PM [32m    LOG[39m [38;5;3m[RouterExplorer] [39m[32mMapped {/api/v1/employee/notifications/read-all, PATCH} route[39m[38;5;3m +0ms[39m
[32m[Nest] 31384  - [39m08/14/2026, 2:19:22 PM [32m    LOG[39m [38;5;3m[RoutesResolver] [39m[32mEmployeeProfileController {/api/v1/employee/profile}:[39m[38;5;3m +0ms[39m
[32m[Nest] 31384  - [39m08/14/2026, 2:19:22 PM [32m    LOG[39m [38;5;3m[RouterExplorer] [39m[32mMapped {/api/v1/employee/profile, GET} route[39m[38;5;3m +0ms[39m
[32m[Nest] 31384  - [39m08/14/2026, 2:19:22 PM [32m    LOG[39m [38;5;3m[RoutesResolver] [39m[32mEmployeeTasksController {/api/v1/employee}:[39m[38;5;3m +1ms[39m
[32m[Nest] 31384  - [39m08/14/2026, 2:19:22 PM [32m    LOG[39m [38;5;3m[RouterExplorer] [39m[32mMapped {/api/v1/employee/tasks, GET} route[39m[38;5;3m +0ms[39m
[32m[Nest] 31384  - [39m08/14/2026, 2:19:22 PM [32m    LOG[39m [38;5;3m[RouterExplorer] [39m[32mMapped {/api/v1/employee/work-logs, GET} route[39m[38;5;3m +0ms[39m
[32m[Nest] 31384  - [39m08/14/2026, 2:19:22 PM [32m    LOG[39m [38;5;3m[RouterExplorer] [39m[32mMapped {/api/v1/employee/tasks/:taskId/start, POST} route[39m[38;5;3m +0ms[39m
[32m[Nest] 31384  - [39m08/14/2026, 2:19:22 PM [32m    LOG[39m [38;5;3m[RouterExplorer] [39m[32mMapped {/api/v1/employee/tasks/:taskId/pause, POST} route[39m[38;5;3m +0ms[39m
[32m[Nest] 31384  - [39m08/14/2026, 2:19:22 PM [32m    LOG[39m [38;5;3m[RouterExplorer] [39m[32mMapped {/api/v1/employee/tasks/:taskId/resume, POST} route[39m[38;5;3m +0ms[39m
[32m[Nest] 31384  - [39m08/14/2026, 2:19:22 PM [32m    LOG[39m [38;5;3m[RouterExplorer] [39m[32mMapped {/api/v1/employee/tasks/:taskId/submit, POST} route[39m[38;5;3m +1ms[39m
[32m[Nest] 31384  - [39m08/14/2026, 2:19:22 PM [32m    LOG[39m [38;5;3m[RoutesResolver] [39m[32mTenantAdminDashboardController {/api/v1/tenant-admin/dashboard}:[39m[38;5;3m +0ms[39m
[32m[Nest] 31384  - [39m08/14/2026, 2:19:22 PM [32m    LOG[39m [38;5;3m[RouterExplorer] [39m[32mMapped {/api/v1/tenant-admin/dashboard, GET} route[39m[38;5;3m +0ms[39m
[32m[Nest] 31384  - [39m08/14/2026, 2:19:22 PM [32m    LOG[39m [38;5;3m[RouterExplorer] [39m[32mMapped {/api/v1/tenant-admin/dashboard/profile, GET} route[39m[38;5;3m +0ms[39m
[32m[Nest] 31384  - [39m08/14/2026, 2:19:22 PM [32m    LOG[39m [38;5;3m[RouterExplorer] [39m[32mMapped {/api/v1/tenant-admin/dashboard/profile, PATCH} route[39m[38;5;3m +0ms[39m
[32m[Nest] 31384  - [39m08/14/2026, 2:19:22 PM [32m    LOG[39m [38;5;3m[RoutesResolver] [39m[32mTenantAdminClientsController {/api/v1/tenant-admin/clients}:[39m[38;5;3m +1ms[39m
[32m[Nest] 31384  - [39m08/14/2026, 2:19:22 PM [32m    LOG[39m [38;5;3m[RouterExplorer] [39m[32mMapped {/api/v1/tenant-admin/clients, GET} route[39m[38;5;3m +1ms[39m
[32m[Nest] 31384  - [39m08/14/2026, 2:19:22 PM [32m    LOG[39m [38;5;3m[RouterExplorer] [39m[32mMapped {/api/v1/tenant-admin/clients, POST} route[39m[38;5;3m +0ms[39m
[32m[Nest] 31384  - [39m08/14/2026, 2:19:22 PM [32m    LOG[39m [38;5;3m[RouterExplorer] [39m[32mMapped {/api/v1/tenant-admin/clients/:clientRef, GET} route[39m[38;5;3m +0ms[39m
[32m[Nest] 31384  - [39m08/14/2026, 2:19:22 PM [32m    LOG[39m [38;5;3m[RouterExplorer] [39m[32mMapped {/api/v1/tenant-admin/clients/:clientRef, DELETE} route[39m[38;5;3m +1ms[39m
[32m[Nest] 31384  - [39m08/14/2026, 2:19:22 PM [32m    LOG[39m [38;5;3m[RouterExplorer] [39m[32mMapped {/api/v1/tenant-admin/clients/:clientRef/contacts, POST} route[39m[38;5;3m +0ms[39m
[32m[Nest] 31384  - [39m08/14/2026, 2:19:22 PM [32m    LOG[39m [38;5;3m[RouterExplorer] [39m[32mMapped {/api/v1/tenant-admin/clients/:clientRef/contacts/:contactId, PATCH} route[39m[38;5;3m +0ms[39m
[32m[Nest] 31384  - [39m08/14/2026, 2:19:22 PM [32m    LOG[39m [38;5;3m[RoutesResolver] [39m[32mTenantAdminEmployeePerformanceController {/api/v1/tenant-admin/employee-performance}:[39m[38;5;3m +0ms[39m
[32m[Nest] 31384  - [39m08/14/2026, 2:19:22 PM [32m    LOG[39m [38;5;3m[RouterExplorer] [39m[32mMapped {/api/v1/tenant-admin/employee-performance, GET} route[39m[38;5;3m +0ms[39m
[32m[Nest] 31384  - [39m08/14/2026, 2:19:22 PM [32m    LOG[39m [38;5;3m[RouterExplorer] [39m[32mMapped {/api/v1/tenant-admin/employee-performance/:employeeId, GET} route[39m[38;5;3m +0ms[39m
[32m[Nest] 31384  - [39m08/14/2026, 2:19:22 PM [32m    LOG[39m [38;5;3m[RoutesResolver] [39m[32mTenantAdminFinanceController {/api/v1/tenant-admin/finance}:[39m[38;5;3m +0ms[39m
[32m[Nest] 31384  - [39m08/14/2026, 2:19:22 PM [32m    LOG[39m [38;5;3m[RouterExplorer] [39m[32mMapped {/api/v1/tenant-admin/finance/documents, GET} route[39m[38;5;3m +0ms[39m
[32m[Nest] 31384  - [39m08/14/2026, 2:19:22 PM [32m    LOG[39m [38;5;3m[RouterExplorer] [39m[32mMapped {/api/v1/tenant-admin/finance/documents, POST} route[39m[38;5;3m +0ms[39m
[32m[Nest] 31384  - [39m08/14/2026, 2:19:22 PM [32m    LOG[39m [38;5;3m[RouterExplorer] [39m[32mMapped {/api/v1/tenant-admin/finance/documents/upload-url, POST} route[39m[38;5;3m +1ms[39m
[32m[Nest] 31384  - [39m08/14/2026, 2:19:22 PM [32m    LOG[39m [38;5;3m[RouterExplorer] [39m[32mMapped {/api/v1/tenant-admin/finance/documents/:documentId/download, GET} route[39m[38;5;3m +0ms[39m
[32m[Nest] 31384  - [39m08/14/2026, 2:19:22 PM [32m    LOG[39m [38;5;3m[RouterExplorer] [39m[32mMapped {/api/v1/tenant-admin/finance/invoices, GET} route[39m[38;5;3m +0ms[39m
[32m[Nest] 31384  - [39m08/14/2026, 2:19:22 PM [32m    LOG[39m [38;5;3m[RouterExplorer] [39m[32mMapped {/api/v1/tenant-admin/finance/invoices, POST} route[39m[38;5;3m +0ms[39m
[32m[Nest] 31384  - [39m08/14/2026, 2:19:22 PM [32m    LOG[39m [38;5;3m[RouterExplorer] [39m[32mMapped {/api/v1/tenant-admin/finance/billable-tasks, GET} route[39m[38;5;3m +0ms[39m
[32m[Nest] 31384  - [39m08/14/2026, 2:19:22 PM [32m    LOG[39m [38;5;3m[RouterExplorer] [39m[32mMapped {/api/v1/tenant-admin/finance/invoices/from-task, POST} route[39m[38;5;3m +0ms[39m
[32m[Nest] 31384  - [39m08/14/2026, 2:19:22 PM [32m    LOG[39m [38;5;3m[RouterExplorer] [39m[32mMapped {/api/v1/tenant-admin/finance/invoices/:invoiceId/send, POST} route[39m[38;5;3m +0ms[39m
[32m[Nest] 31384  - [39m08/14/2026, 2:19:22 PM [32m    LOG[39m [38;5;3m[RoutesResolver] [39m[32mTenantAdminNotificationsController {/api/v1/tenant-admin/notifications}:[39m[38;5;3m +1ms[39m
[32m[Nest] 31384  - [39m08/14/2026, 2:19:22 PM [32m    LOG[39m [38;5;3m[RouterExplorer] [39m[32mMapped {/api/v1/tenant-admin/notifications, GET} route[39m[38;5;3m +0ms[39m
[32m[Nest] 31384  - [39m08/14/2026, 2:19:22 PM [32m    LOG[39m [38;5;3m[RouterExplorer] [39m[32mMapped {/api/v1/tenant-admin/notifications/unread-count, GET} route[39m[38;5;3m +0ms[39m
[32m[Nest] 31384  - [39m08/14/2026, 2:19:22 PM [32m    LOG[39m [38;5;3m[RouterExplorer] [39m[32mMapped {/api/v1/tenant-admin/notifications/:notificationId/read, PATCH} route[39m[38;5;3m +0ms[39m
[32m[Nest] 31384  - [39m08/14/2026, 2:19:22 PM [32m    LOG[39m [38;5;3m[RouterExplorer] [39m[32mMapped {/api/v1/tenant-admin/notifications/read-all, PATCH} route[39m[38;5;3m +0ms[39m
[32m[Nest] 31384  - [39m08/14/2026, 2:19:22 PM [32m    LOG[39m [38;5;3m[RoutesResolver] [39m[32mTenantAdminServicesController {/api/v1/tenant-admin/services}:[39m[38;5;3m +0ms[39m
[32m[Nest] 31384  - [39m08/14/2026, 2:19:22 PM [32m    LOG[39m [38;5;3m[RouterExplorer] [39m[32mMapped {/api/v1/tenant-admin/services, GET} route[39m[38;5;3m +0ms[39m
[32m[Nest] 31384  - [39m08/14/2026, 2:19:22 PM [32m    LOG[39m [38;5;3m[RouterExplorer] [39m[32mMapped {/api/v1/tenant-admin/services, POST} route[39m[38;5;3m +0ms[39m
[32m[Nest] 31384  - [39m08/14/2026, 2:19:22 PM [32m    LOG[39m [38;5;3m[RoutesResolver] [39m[32mTenantAdminTasksController {/api/v1/tenant-admin/tasks}:[39m[38;5;3m +0ms[39m
[32m[Nest] 31384  - [39m08/14/2026, 2:19:22 PM [32m    LOG[39m [38;5;3m[RouterExplorer] [39m[32mMapped {/api/v1/tenant-admin/tasks/options, GET} route[39m[38;5;3m +1ms[39m
[32m[Nest] 31384  - [39m08/14/2026, 2:19:22 PM [32m    LOG[39m [38;5;3m[RouterExplorer] [39m[32mMapped {/api/v1/tenant-admin/tasks, GET} route[39m[38;5;3m +0ms[39m
[32m[Nest] 31384  - [39m08/14/2026, 2:19:22 PM [32m    LOG[39m [38;5;3m[RouterExplorer] [39m[32mMapped {/api/v1/tenant-admin/tasks/:taskId/review-detail, GET} route[39m[38;5;3m +0ms[39m
[32m[Nest] 31384  - [39m08/14/2026, 2:19:22 PM [32m    LOG[39m [38;5;3m[RouterExplorer] [39m[32mMapped {/api/v1/tenant-admin/tasks, POST} route[39m[38;5;3m +0ms[39m
[32m[Nest] 31384  - [39m08/14/2026, 2:19:22 PM [32m    LOG[39m [38;5;3m[RouterExplorer] [39m[32mMapped {/api/v1/tenant-admin/tasks/:taskId/approval, POST} route[39m[38;5;3m +0ms[39m
[32m[Nest] 31384  - [39m08/14/2026, 2:19:22 PM [32m    LOG[39m [38;5;3m[RouterExplorer] [39m[32mMapped {/api/v1/tenant-admin/tasks/employees, POST} route[39m[38;5;3m +0ms[39m
[32m[Nest] 31384  - [39m08/14/2026, 2:19:22 PM [32m    LOG[39m [38;5;3m[RouterExplorer] [39m[32mMapped {/api/v1/tenant-admin/tasks/employees/email-availability, GET} route[39m[38;5;3m +0ms[39m
[32m[Nest] 31384  - [39m08/14/2026, 2:19:22 PM [32m    LOG[39m [38;5;3m[RouterExplorer] [39m[32mMapped {/api/v1/tenant-admin/tasks/employees, GET} route[39m[38;5;3m +0ms[39m
[32m[Nest] 31384  - [39m08/14/2026, 2:19:22 PM [32m    LOG[39m [38;5;3m[RouterExplorer] [39m[32mMapped {/api/v1/tenant-admin/tasks/departments, GET} route[39m[38;5;3m +0ms[39m
[32m[Nest] 31384  - [39m08/14/2026, 2:19:22 PM [32m    LOG[39m [38;5;3m[RouterExplorer] [39m[32mMapped {/api/v1/tenant-admin/tasks/departments, POST} route[39m[38;5;3m +0ms[39m
[32m[Nest] 31384  - [39m08/14/2026, 2:19:22 PM [32m    LOG[39m [38;5;3m[RouterExplorer] [39m[32mMapped {/api/v1/tenant-admin/tasks/employees/:employeeId/assignment, PATCH} route[39m[38;5;3m +1ms[39m
[32m[Nest] 31384  - [39m08/14/2026, 2:19:22 PM [32m    LOG[39m [38;5;3m[RouterExplorer] [39m[32mMapped {/api/v1/tenant-admin/tasks/employees/:employeeId/manager, PATCH} route[39m[38;5;3m +0ms[39m
[32m[Nest] 31384  - [39m08/14/2026, 2:19:22 PM [32m    LOG[39m [38;5;3m[RouterExplorer] [39m[32mMapped {/api/v1/tenant-admin/tasks/employees/:employeeId/manager, DELETE} route[39m[38;5;3m +0ms[39m
[32m[Nest] 31384  - [39m08/14/2026, 2:19:22 PM [32m    LOG[39m [38;5;3m[RouterExplorer] [39m[32mMapped {/api/v1/tenant-admin/tasks/employees/:employeeId/capacity, PATCH} route[39m[38;5;3m +0ms[39m
[32m[Nest] 31384  - [39m08/14/2026, 2:19:22 PM [32m    LOG[39m [38;5;3m[RouterExplorer] [39m[32mMapped {/api/v1/tenant-admin/tasks/work-groups, GET} route[39m[38;5;3m +0ms[39m
[32m[Nest] 31384  - [39m08/14/2026, 2:19:22 PM [32m    LOG[39m [38;5;3m[RouterExplorer] [39m[32mMapped {/api/v1/tenant-admin/tasks/work-groups, POST} route[39m[38;5;3m +0ms[39m
[32m[Nest] 31384  - [39m08/14/2026, 2:19:22 PM [32m    LOG[39m [38;5;3m[RouterExplorer] [39m[32mMapped {/api/v1/tenant-admin/tasks/work-groups/:workGroupId, PATCH} route[39m[38;5;3m +0ms[39m
[32m[Nest] 31384  - [39m08/14/2026, 2:19:22 PM [32m    LOG[39m [38;5;3m[RoutesResolver] [39m[32mTenantAnalyticsController {/api/v1/super-admin/tenant-analytics}:[39m[38;5;3m +0ms[39m
[32m[Nest] 31384  - [39m08/14/2026, 2:19:22 PM [32m    LOG[39m [38;5;3m[RouterExplorer] [39m[32mMapped {/api/v1/super-admin/tenant-analytics, GET} route[39m[38;5;3m +0ms[39m
[32m[Nest] 31384  - [39m08/14/2026, 2:19:22 PM [32m    LOG[39m [38;5;3m[TaskNotificationOutboxWorker] [39m[32m[Notifications] Task notification worker is running. It checks committed notifications every 500ms.[39m
[32m[Nest] 31384  - [39m08/14/2026, 2:19:22 PM [32m    LOG[39m [38;5;3m[NestApplication] [39m[32mNest application successfully started[39m[38;5;3m +0ms[39m
{"level":30,"time":1786697362001,"service":"SaaS App Backend","environment":"development","msg":"Server listening at http://172.16.0.2:4000"}
{"level":30,"time":1786697362001,"service":"SaaS App Backend","environment":"development","msg":"Server listening at http://192.168.1.29:4000"}
2:23:22 PM [tsx] change in ./src\platform\employee-manager.service.ts Restarting...
2:23:22 PM [tsx] change in ./src\platform\employee-manager.controller.ts Restarting...
[32m[Nest] 3884  - [39m08/14/2026, 2:23:30 PM [32m    LOG[39m [38;5;3m[NestFactory] [39m[32mStarting Nest application...[39m
[32m[Nest] 3884  - [39m08/14/2026, 2:23:30 PM [32m    LOG[39m [38;5;3m[InstanceLoader] [39m[32mAppConfigModule dependencies initialized[39m[38;5;3m +3ms[39m
[32m[Nest] 3884  - [39m08/14/2026, 2:23:30 PM [32m    LOG[39m [38;5;3m[InstanceLoader] [39m[32mAppConfigModule dependencies initialized[39m[38;5;3m +0ms[39m
[32m[Nest] 3884  - [39m08/14/2026, 2:23:30 PM [32m    LOG[39m [38;5;3m[InstanceLoader] [39m[32mCommonModule dependencies initialized[39m[38;5;3m +0ms[39m
[32m[Nest] 3884  - [39m08/14/2026, 2:23:30 PM [32m    LOG[39m [38;5;3m[InstanceLoader] [39m[32mAppModule dependencies initialized[39m[38;5;3m +1ms[39m
[32m[Nest] 3884  - [39m08/14/2026, 2:23:30 PM [32m    LOG[39m [38;5;3m[InstanceLoader] [39m[32mDatabaseModule dependencies initialized[39m[38;5;3m +0ms[39m
[32m[Nest] 3884  - [39m08/14/2026, 2:23:30 PM [32m    LOG[39m [38;5;3m[InstanceLoader] [39m[32mHealthModule dependencies initialized[39m[38;5;3m +0ms[39m
[32m[Nest] 3884  - [39m08/14/2026, 2:23:30 PM [32m    LOG[39m [38;5;3m[InstanceLoader] [39m[32mAuthModule dependencies initialized[39m[38;5;3m +0ms[39m
[32m[Nest] 3884  - [39m08/14/2026, 2:23:30 PM [32m    LOG[39m [38;5;3m[InstanceLoader] [39m[32mPlatformModule dependencies initialized[39m[38;5;3m +0ms[39m
[32m[Nest] 3884  - [39m08/14/2026, 2:23:30 PM [32m    LOG[39m [38;5;3m[RoutesResolver] [39m[32mHealthController {/api/v1/health}:[39m[38;5;3m +0ms[39m
[32m[Nest] 3884  - [39m08/14/2026, 2:23:30 PM [32m    LOG[39m [38;5;3m[RouterExplorer] [39m[32mMapped {/api/v1/health/live, GET} route[39m[38;5;3m +0ms[39m
[32m[Nest] 3884  - [39m08/14/2026, 2:23:30 PM [32m    LOG[39m [38;5;3m[RouterExplorer] [39m[32mMapped {/api/v1/health/ready, GET} route[39m[38;5;3m +0ms[39m
[32m[Nest] 3884  - [39m08/14/2026, 2:23:30 PM [32m    LOG[39m [38;5;3m[RoutesResolver] [39m[32mMeController {/api/v1/me}:[39m[38;5;3m +0ms[39m
[32m[Nest] 3884  - [39m08/14/2026, 2:23:30 PM [32m    LOG[39m [38;5;3m[RouterExplorer] [39m[32mMapped {/api/v1/me, GET} route[39m[38;5;3m +1ms[39m
[32m[Nest] 3884  - [39m08/14/2026, 2:23:30 PM [32m    LOG[39m [38;5;3m[RouterExplorer] [39m[32mMapped {/api/v1/me/profile, PATCH} route[39m[38;5;3m +0ms[39m
[32m[Nest] 3884  - [39m08/14/2026, 2:23:30 PM [32m    LOG[39m [38;5;3m[RouterExplorer] [39m[32mMapped {/api/v1/me/preferences, PATCH} route[39m[38;5;3m +0ms[39m
[32m[Nest] 3884  - [39m08/14/2026, 2:23:30 PM [32m    LOG[39m [38;5;3m[RoutesResolver] [39m[32mAccessAdminController {/api/v1}:[39m[38;5;3m +0ms[39m
[32m[Nest] 3884  - [39m08/14/2026, 2:23:30 PM [32m    LOG[39m [38;5;3m[RouterExplorer] [39m[32mMapped {/api/v1/super-admin/tenant-creation-options, GET} route[39m[38;5;3m +0ms[39m
[32m[Nest] 3884  - [39m08/14/2026, 2:23:30 PM [32m    LOG[39m [38;5;3m[RouterExplorer] [39m[32mMapped {/api/v1/super-admin/tenants, GET} route[39m[38;5;3m +0ms[39m
[32m[Nest] 3884  - [39m08/14/2026, 2:23:30 PM [32m    LOG[39m [38;5;3m[RouterExplorer] [39m[32mMapped {/api/v1/super-admin/users/email-availability, GET} route[39m[38;5;3m +0ms[39m
[32m[Nest] 3884  - [39m08/14/2026, 2:23:30 PM [32m    LOG[39m [38;5;3m[RouterExplorer] [39m[32mMapped {/api/v1/super-admin/tenant-list-filters, GET} route[39m[38;5;3m +0ms[39m
[32m[Nest] 3884  - [39m08/14/2026, 2:23:30 PM [32m    LOG[39m [38;5;3m[RouterExplorer] [39m[32mMapped {/api/v1/super-admin/tenants/:tenantId, GET} route[39m[38;5;3m +0ms[39m
[32m[Nest] 3884  - [39m08/14/2026, 2:23:30 PM [32m    LOG[39m [38;5;3m[RouterExplorer] [39m[32mMapped {/api/v1/super-admin/tenants/:tenantId/status, PATCH} route[39m[38;5;3m +0ms[39m
[32m[Nest] 3884  - [39m08/14/2026, 2:23:30 PM [32m    LOG[39m [38;5;3m[RouterExplorer] [39m[32mMapped {/api/v1/super-admin/tenants/:tenantId/password, POST} route[39m[38;5;3m +1ms[39m
[32m[Nest] 3884  - [39m08/14/2026, 2:23:30 PM [32m    LOG[39m [38;5;3m[RouterExplorer] [39m[32mMapped {/api/v1/super-admin/tenants, POST} route[39m[38;5;3m +0ms[39m
[32m[Nest] 3884  - [39m08/14/2026, 2:23:30 PM [32m    LOG[39m [38;5;3m[RouterExplorer] [39m[32mMapped {/api/v1/invitations, POST} route[39m[38;5;3m +0ms[39m
[32m[Nest] 3884  - [39m08/14/2026, 2:23:30 PM [32m    LOG[39m [38;5;3m[RouterExplorer] [39m[32mMapped {/api/v1/invitations/:invitationId/cancel, POST} route[39m[38;5;3m +0ms[39m
[32m[Nest] 3884  - [39m08/14/2026, 2:23:30 PM [32m    LOG[39m [38;5;3m[RouterExplorer] [39m[32mMapped {/api/v1/invitations/:invitationId/revoke, POST} route[39m[38;5;3m +0ms[39m
[32m[Nest] 3884  - [39m08/14/2026, 2:23:30 PM [32m    LOG[39m [38;5;3m[RouterExplorer] [39m[32mMapped {/api/v1/invitations/:invitationId/accept, POST} route[39m[38;5;3m +0ms[39m
[32m[Nest] 3884  - [39m08/14/2026, 2:23:30 PM [32m    LOG[39m [38;5;3m[RouterExplorer] [39m[32mMapped {/api/v1/memberships/:membershipId/revoke, POST} route[39m[38;5;3m +0ms[39m
[32m[Nest] 3884  - [39m08/14/2026, 2:23:30 PM [32m    LOG[39m [38;5;3m[RouterExplorer] [39m[32mMapped {/api/v1/memberships/:membershipId/reactivate, POST} route[39m[38;5;3m +0ms[39m
[32m[Nest] 3884  - [39m08/14/2026, 2:23:30 PM [32m    LOG[39m [38;5;3m[RoutesResolver] [39m[32mPortalAuthController {/api/v1/auth}:[39m[38;5;3m +0ms[39m
[32m[Nest] 3884  - [39m08/14/2026, 2:23:30 PM [32m    LOG[39m [38;5;3m[RouterExplorer] [39m[32mMapped {/api/v1/auth/super-admin/login, POST} route[39m[38;5;3m +0ms[39m
[32m[Nest] 3884  - [39m08/14/2026, 2:23:30 PM [32m    LOG[39m [38;5;3m[RouterExplorer] [39m[32mMapped {/api/v1/auth/tenant/login, POST} route[39m[38;5;3m +0ms[39m
[32m[Nest] 3884  - [39m08/14/2026, 2:23:30 PM [32m    LOG[39m [38;5;3m[RouterExplorer] [39m[32mMapped {/api/v1/auth/employee/login, POST} route[39m[38;5;3m +0ms[39m
[32m[Nest] 3884  - [39m08/14/2026, 2:23:30 PM [32m    LOG[39m [38;5;3m[RouterExplorer] [39m[32mMapped {/api/v1/auth/client/login, POST} route[39m[38;5;3m +0ms[39m
[32m[Nest] 3884  - [39m08/14/2026, 2:23:30 PM [32m    LOG[39m [38;5;3m[RouterExplorer] [39m[32mMapped {/api/v1/auth/super-admin/session, GET} route[39m[38;5;3m +1ms[39m
[32m[Nest] 3884  - [39m08/14/2026, 2:23:30 PM [32m    LOG[39m [38;5;3m[RouterExplorer] [39m[32mMapped {/api/v1/auth/tenant/session, GET} route[39m[38;5;3m +0ms[39m
[32m[Nest] 3884  - [39m08/14/2026, 2:23:30 PM [32m    LOG[39m [38;5;3m[RouterExplorer] [39m[32mMapped {/api/v1/auth/employee/session, GET} route[39m[38;5;3m +0ms[39m
[32m[Nest] 3884  - [39m08/14/2026, 2:23:30 PM [32m    LOG[39m [38;5;3m[RouterExplorer] [39m[32mMapped {/api/v1/auth/client/session, GET} route[39m[38;5;3m +0ms[39m
[32m[Nest] 3884  - [39m08/14/2026, 2:23:30 PM [32m    LOG[39m [38;5;3m[RouterExplorer] [39m[32mMapped {/api/v1/auth/super-admin/logout, POST} route[39m[38;5;3m +0ms[39m
[32m[Nest] 3884  - [39m08/14/2026, 2:23:30 PM [32m    LOG[39m [38;5;3m[RouterExplorer] [39m[32mMapped {/api/v1/auth/tenant/logout, POST} route[39m[38;5;3m +0ms[39m
[32m[Nest] 3884  - [39m08/14/2026, 2:23:30 PM [32m    LOG[39m [38;5;3m[RouterExplorer] [39m[32mMapped {/api/v1/auth/employee/logout, POST} route[39m[38;5;3m +0ms[39m
[32m[Nest] 3884  - [39m08/14/2026, 2:23:30 PM [32m    LOG[39m [38;5;3m[RouterExplorer] [39m[32mMapped {/api/v1/auth/client/logout, POST} route[39m[38;5;3m +0ms[39m
[32m[Nest] 3884  - [39m08/14/2026, 2:23:30 PM [32m    LOG[39m [38;5;3m[RoutesResolver] [39m[32mSuperAdminAuditLogController {/api/v1/super-admin/audit-log}:[39m[38;5;3m +0ms[39m
[32m[Nest] 3884  - [39m08/14/2026, 2:23:30 PM [32m    LOG[39m [38;5;3m[RouterExplorer] [39m[32mMapped {/api/v1/super-admin/audit-log, GET} route[39m[38;5;3m +0ms[39m
[32m[Nest] 3884  - [39m08/14/2026, 2:23:30 PM [32m    LOG[39m [38;5;3m[RoutesResolver] [39m[32mSuperAdminDashboardController {/api/v1/super-admin}:[39m[38;5;3m +0ms[39m
[32m[Nest] 3884  - [39m08/14/2026, 2:23:30 PM [32m    LOG[39m [38;5;3m[RouterExplorer] [39m[32mMapped {/api/v1/super-admin/dashboard, GET} route[39m[38;5;3m +0ms[39m
[32m[Nest] 3884  - [39m08/14/2026, 2:23:30 PM [32m    LOG[39m [38;5;3m[RouterExplorer] [39m[32mMapped {/api/v1/super-admin/alerts/:alertId/view, PATCH} route[39m[38;5;3m +1ms[39m
[32m[Nest] 3884  - [39m08/14/2026, 2:23:30 PM [32m    LOG[39m [38;5;3m[RouterExplorer] [39m[32mMapped {/api/v1/super-admin/alerts/:alertId/reviews, POST} route[39m[38;5;3m +0ms[39m
[32m[Nest] 3884  - [39m08/14/2026, 2:23:30 PM [32m    LOG[39m [38;5;3m[RouterExplorer] [39m[32mMapped {/api/v1/super-admin/tenant-reviews/:reviewId, PATCH} route[39m[38;5;3m +0ms[39m
[32m[Nest] 3884  - [39m08/14/2026, 2:23:30 PM [32m    LOG[39m [38;5;3m[RoutesResolver] [39m[32mSuperAdminSearchController {/api/v1/super-admin}:[39m[38;5;3m +0ms[39m
[32m[Nest] 3884  - [39m08/14/2026, 2:23:30 PM [32m    LOG[39m [38;5;3m[RouterExplorer] [39m[32mMapped {/api/v1/super-admin/search, GET} route[39m[38;5;3m +0ms[39m
[32m[Nest] 3884  - [39m08/14/2026, 2:23:30 PM [32m    LOG[39m [38;5;3m[RoutesResolver] [39m[32mSuperAdminNotificationsController {/api/v1/super-admin/notifications}:[39m[38;5;3m +0ms[39m
[32m[Nest] 3884  - [39m08/14/2026, 2:23:30 PM [32m    LOG[39m [38;5;3m[RouterExplorer] [39m[32mMapped {/api/v1/super-admin/notifications, GET} route[39m[38;5;3m +0ms[39m
[32m[Nest] 3884  - [39m08/14/2026, 2:23:30 PM [32m    LOG[39m [38;5;3m[RouterExplorer] [39m[32mMapped {/api/v1/super-admin/notifications/unread-count, GET} route[39m[38;5;3m +0ms[39m
[32m[Nest] 3884  - [39m08/14/2026, 2:23:30 PM [32m    LOG[39m [38;5;3m[RouterExplorer] [39m[32mMapped {/api/v1/super-admin/notifications/:notificationId/read, PATCH} route[39m[38;5;3m +0ms[39m
[32m[Nest] 3884  - [39m08/14/2026, 2:23:30 PM [32m    LOG[39m [38;5;3m[RouterExplorer] [39m[32mMapped {/api/v1/super-admin/notifications/read-all, PATCH} route[39m[38;5;3m +0ms[39m
[32m[Nest] 3884  - [39m08/14/2026, 2:23:30 PM [32m    LOG[39m [38;5;3m[RoutesResolver] [39m[32mSuperAdminPlatformConfigurationController {/api/v1/super-admin/platform-configuration}:[39m[38;5;3m +0ms[39m
[32m[Nest] 3884  - [39m08/14/2026, 2:23:30 PM [32m    LOG[39m [38;5;3m[RouterExplorer] [39m[32mMapped {/api/v1/super-admin/platform-configuration, GET} route[39m[38;5;3m +0ms[39m
[32m[Nest] 3884  - [39m08/14/2026, 2:23:30 PM [32m    LOG[39m [38;5;3m[RouterExplorer] [39m[32mMapped {/api/v1/super-admin/platform-configuration, PATCH} route[39m[38;5;3m +0ms[39m
[32m[Nest] 3884  - [39m08/14/2026, 2:23:30 PM [32m    LOG[39m [38;5;3m[RoutesResolver] [39m[32mClientPortalDashboardController {/api/v1/client-portal/dashboard}:[39m[38;5;3m +1ms[39m
[32m[Nest] 3884  - [39m08/14/2026, 2:23:30 PM [32m    LOG[39m [38;5;3m[RouterExplorer] [39m[32mMapped {/api/v1/client-portal/dashboard, GET} route[39m[38;5;3m +0ms[39m
[32m[Nest] 3884  - [39m08/14/2026, 2:23:30 PM [32m    LOG[39m [38;5;3m[RoutesResolver] [39m[32mClientPortalDeliverablesController {/api/v1/client-portal/deliverables}:[39m[38;5;3m +0ms[39m
[32m[Nest] 3884  - [39m08/14/2026, 2:23:30 PM [32m    LOG[39m [38;5;3m[RouterExplorer] [39m[32mMapped {/api/v1/client-portal/deliverables, GET} route[39m[38;5;3m +0ms[39m
[32m[Nest] 3884  - [39m08/14/2026, 2:23:30 PM [32m    LOG[39m [38;5;3m[RouterExplorer] [39m[32mMapped {/api/v1/client-portal/deliverables/:documentId/decision, POST} route[39m[38;5;3m +0ms[39m
[32m[Nest] 3884  - [39m08/14/2026, 2:23:30 PM [32m    LOG[39m [38;5;3m[RouterExplorer] [39m[32mMapped {/api/v1/client-portal/deliverables/:documentId/download, GET} route[39m[38;5;3m +0ms[39m
[32m[Nest] 3884  - [39m08/14/2026, 2:23:30 PM [32m    LOG[39m [38;5;3m[RoutesResolver] [39m[32mClientPortalNotificationsController {/api/v1/client-portal/notifications}:[39m[38;5;3m +0ms[39m
[32m[Nest] 3884  - [39m08/14/2026, 2:23:30 PM [32m    LOG[39m [38;5;3m[RouterExplorer] [39m[32mMapped {/api/v1/client-portal/notifications, GET} route[39m[38;5;3m +0ms[39m
[32m[Nest] 3884  - [39m08/14/2026, 2:23:30 PM [32m    LOG[39m [38;5;3m[RoutesResolver] [39m[32mClientPortalProfileController {/api/v1/client-portal/profile}:[39m[38;5;3m +0ms[39m
[32m[Nest] 3884  - [39m08/14/2026, 2:23:30 PM [32m    LOG[39m [38;5;3m[RouterExplorer] [39m[32mMapped {/api/v1/client-portal/profile, GET} route[39m[38;5;3m +0ms[39m
[32m[Nest] 3884  - [39m08/14/2026, 2:23:30 PM [32m    LOG[39m [38;5;3m[RouterExplorer] [39m[32mMapped {/api/v1/client-portal/profile, PATCH} route[39m[38;5;3m +0ms[39m
[32m[Nest] 3884  - [39m08/14/2026, 2:23:30 PM [32m    LOG[39m [38;5;3m[RoutesResolver] [39m[32mClientPortalRequestsController {/api/v1/client-portal/requests}:[39m[38;5;3m +0ms[39m
[32m[Nest] 3884  - [39m08/14/2026, 2:23:30 PM [32m    LOG[39m [38;5;3m[RouterExplorer] [39m[32mMapped {/api/v1/client-portal/requests/options, GET} route[39m[38;5;3m +0ms[39m
[32m[Nest] 3884  - [39m08/14/2026, 2:23:30 PM [32m    LOG[39m [38;5;3m[RouterExplorer] [39m[32mMapped {/api/v1/client-portal/requests, POST} route[39m[38;5;3m +1ms[39m
[32m[Nest] 3884  - [39m08/14/2026, 2:23:30 PM [32m    LOG[39m [38;5;3m[RoutesResolver] [39m[32mEmployeeDashboardController {/api/v1/employee/dashboard}:[39m[38;5;3m +0ms[39m
[32m[Nest] 3884  - [39m08/14/2026, 2:23:30 PM [32m    LOG[39m [38;5;3m[RouterExplorer] [39m[32mMapped {/api/v1/employee/dashboard, GET} route[39m[38;5;3m +0ms[39m
[32m[Nest] 3884  - [39m08/14/2026, 2:23:30 PM [32m    LOG[39m [38;5;3m[RoutesResolver] [39m[32mEmployeeDocumentsController {/api/v1/employee/documents}:[39m[38;5;3m +0ms[39m
[32m[Nest] 3884  - [39m08/14/2026, 2:23:30 PM [32m    LOG[39m [38;5;3m[RouterExplorer] [39m[32mMapped {/api/v1/employee/documents/options, GET} route[39m[38;5;3m +0ms[39m
[32m[Nest] 3884  - [39m08/14/2026, 2:23:30 PM [32m    LOG[39m [38;5;3m[RouterExplorer] [39m[32mMapped {/api/v1/employee/documents, GET} route[39m[38;5;3m +0ms[39m
[32m[Nest] 3884  - [39m08/14/2026, 2:23:30 PM [32m    LOG[39m [38;5;3m[RouterExplorer] [39m[32mMapped {/api/v1/employee/documents, POST} route[39m[38;5;3m +0ms[39m
[32m[Nest] 3884  - [39m08/14/2026, 2:23:30 PM [32m    LOG[39m [38;5;3m[RouterExplorer] [39m[32mMapped {/api/v1/employee/documents/upload-url, POST} route[39m[38;5;3m +0ms[39m
[32m[Nest] 3884  - [39m08/14/2026, 2:23:30 PM [32m    LOG[39m [38;5;3m[RouterExplorer] [39m[32mMapped {/api/v1/employee/documents/:documentId/download, GET} route[39m[38;5;3m +0ms[39m
[32m[Nest] 3884  - [39m08/14/2026, 2:23:30 PM [32m    LOG[39m [38;5;3m[RoutesResolver] [39m[32mEmployeeManagerController {/api/v1/employee/manager}:[39m[38;5;3m +0ms[39m
[32m[Nest] 3884  - [39m08/14/2026, 2:23:30 PM [32m    LOG[39m [38;5;3m[RouterExplorer] [39m[32mMapped {/api/v1/employee/manager/clients, GET} route[39m[38;5;3m +0ms[39m
[32m[Nest] 3884  - [39m08/14/2026, 2:23:30 PM [32m    LOG[39m [38;5;3m[RouterExplorer] [39m[32mMapped {/api/v1/employee/manager/task-options, GET} route[39m[38;5;3m +0ms[39m
[32m[Nest] 3884  - [39m08/14/2026, 2:23:30 PM [32m    LOG[39m [38;5;3m[RouterExplorer] [39m[32mMapped {/api/v1/employee/manager/reviews, GET} route[39m[38;5;3m +0ms[39m
[32m[Nest] 3884  - [39m08/14/2026, 2:23:30 PM [32m    LOG[39m [38;5;3m[RouterExplorer] [39m[32mMapped {/api/v1/employee/manager/reviews/:taskId, GET} route[39m[38;5;3m +1ms[39m
[32m[Nest] 3884  - [39m08/14/2026, 2:23:30 PM [32m    LOG[39m [38;5;3m[RouterExplorer] [39m[32mMapped {/api/v1/employee/manager/tasks, POST} route[39m[38;5;3m +0ms[39m
[32m[Nest] 3884  - [39m08/14/2026, 2:23:30 PM [32m    LOG[39m [38;5;3m[RouterExplorer] [39m[32mMapped {/api/v1/employee/manager/reviews/:taskId, POST} route[39m[38;5;3m +0ms[39m
[32m[Nest] 3884  - [39m08/14/2026, 2:23:30 PM [32m    LOG[39m [38;5;3m[RoutesResolver] [39m[32mEmployeeNotificationsController {/api/v1/employee/notifications}:[39m[38;5;3m +0ms[39m
[32m[Nest] 3884  - [39m08/14/2026, 2:23:30 PM [32m    LOG[39m [38;5;3m[RouterExplorer] [39m[32mMapped {/api/v1/employee/notifications, GET} route[39m[38;5;3m +0ms[39m
[32m[Nest] 3884  - [39m08/14/2026, 2:23:30 PM [32m    LOG[39m [38;5;3m[RouterExplorer] [39m[32mMapped {/api/v1/employee/notifications/unread-count, GET} route[39m[38;5;3m +0ms[39m
[32m[Nest] 3884  - [39m08/14/2026, 2:23:30 PM [32m    LOG[39m [38;5;3m[RouterExplorer] [39m[32mMapped {/api/v1/employee/notifications/:notificationId/read, PATCH} route[39m[38;5;3m +0ms[39m
[32m[Nest] 3884  - [39m08/14/2026, 2:23:30 PM [32m    LOG[39m [38;5;3m[RouterExplorer] [39m[32mMapped {/api/v1/employee/notifications/read-all, PATCH} route[39m[38;5;3m +0ms[39m
[32m[Nest] 3884  - [39m08/14/2026, 2:23:30 PM [32m    LOG[39m [38;5;3m[RoutesResolver] [39m[32mEmployeeProfileController {/api/v1/employee/profile}:[39m[38;5;3m +1ms[39m
[32m[Nest] 3884  - [39m08/14/2026, 2:23:30 PM [32m    LOG[39m [38;5;3m[RouterExplorer] [39m[32mMapped {/api/v1/employee/profile, GET} route[39m[38;5;3m +0ms[39m
[32m[Nest] 3884  - [39m08/14/2026, 2:23:30 PM [32m    LOG[39m [38;5;3m[RoutesResolver] [39m[32mEmployeeTasksController {/api/v1/employee}:[39m[38;5;3m +0ms[39m
[32m[Nest] 3884  - [39m08/14/2026, 2:23:30 PM [32m    LOG[39m [38;5;3m[RouterExplorer] [39m[32mMapped {/api/v1/employee/tasks, GET} route[39m[38;5;3m +0ms[39m
[32m[Nest] 3884  - [39m08/14/2026, 2:23:30 PM [32m    LOG[39m [38;5;3m[RouterExplorer] [39m[32mMapped {/api/v1/employee/work-logs, GET} route[39m[38;5;3m +0ms[39m
[32m[Nest] 3884  - [39m08/14/2026, 2:23:30 PM [32m    LOG[39m [38;5;3m[RouterExplorer] [39m[32mMapped {/api/v1/employee/tasks/:taskId/start, POST} route[39m[38;5;3m +1ms[39m
[32m[Nest] 3884  - [39m08/14/2026, 2:23:30 PM [32m    LOG[39m [38;5;3m[RouterExplorer] [39m[32mMapped {/api/v1/employee/tasks/:taskId/pause, POST} route[39m[38;5;3m +0ms[39m
[32m[Nest] 3884  - [39m08/14/2026, 2:23:30 PM [32m    LOG[39m [38;5;3m[RouterExplorer] [39m[32mMapped {/api/v1/employee/tasks/:taskId/resume, POST} route[39m[38;5;3m +0ms[39m
[32m[Nest] 3884  - [39m08/14/2026, 2:23:30 PM [32m    LOG[39m [38;5;3m[RouterExplorer] [39m[32mMapped {/api/v1/employee/tasks/:taskId/submit, POST} route[39m[38;5;3m +0ms[39m
[32m[Nest] 3884  - [39m08/14/2026, 2:23:30 PM [32m    LOG[39m [38;5;3m[RoutesResolver] [39m[32mTenantAdminDashboardController {/api/v1/tenant-admin/dashboard}:[39m[38;5;3m +1ms[39m
[32m[Nest] 3884  - [39m08/14/2026, 2:23:30 PM [32m    LOG[39m [38;5;3m[RouterExplorer] [39m[32mMapped {/api/v1/tenant-admin/dashboard, GET} route[39m[38;5;3m +0ms[39m
[32m[Nest] 3884  - [39m08/14/2026, 2:23:30 PM [32m    LOG[39m [38;5;3m[RouterExplorer] [39m[32mMapped {/api/v1/tenant-admin/dashboard/profile, GET} route[39m[38;5;3m +0ms[39m
[32m[Nest] 3884  - [39m08/14/2026, 2:23:30 PM [32m    LOG[39m [38;5;3m[RouterExplorer] [39m[32mMapped {/api/v1/tenant-admin/dashboard/profile, PATCH} route[39m[38;5;3m +0ms[39m
[32m[Nest] 3884  - [39m08/14/2026, 2:23:30 PM [32m    LOG[39m [38;5;3m[RoutesResolver] [39m[32mTenantAdminClientsController {/api/v1/tenant-admin/clients}:[39m[38;5;3m +0ms[39m
[32m[Nest] 3884  - [39m08/14/2026, 2:23:30 PM [32m    LOG[39m [38;5;3m[RouterExplorer] [39m[32mMapped {/api/v1/tenant-admin/clients, GET} route[39m[38;5;3m +0ms[39m
[32m[Nest] 3884  - [39m08/14/2026, 2:23:30 PM [32m    LOG[39m [38;5;3m[RouterExplorer] [39m[32mMapped {/api/v1/tenant-admin/clients, POST} route[39m[38;5;3m +0ms[39m
[32m[Nest] 3884  - [39m08/14/2026, 2:23:30 PM [32m    LOG[39m [38;5;3m[RouterExplorer] [39m[32mMapped {/api/v1/tenant-admin/clients/:clientRef, GET} route[39m[38;5;3m +0ms[39m
[32m[Nest] 3884  - [39m08/14/2026, 2:23:30 PM [32m    LOG[39m [38;5;3m[RouterExplorer] [39m[32mMapped {/api/v1/tenant-admin/clients/:clientRef, DELETE} route[39m[38;5;3m +0ms[39m
[32m[Nest] 3884  - [39m08/14/2026, 2:23:30 PM [32m    LOG[39m [38;5;3m[RouterExplorer] [39m[32mMapped {/api/v1/tenant-admin/clients/:clientRef/contacts, POST} route[39m[38;5;3m +0ms[39m
[32m[Nest] 3884  - [39m08/14/2026, 2:23:30 PM [32m    LOG[39m [38;5;3m[RouterExplorer] [39m[32mMapped {/api/v1/tenant-admin/clients/:clientRef/contacts/:contactId, PATCH} route[39m[38;5;3m +0ms[39m
[32m[Nest] 3884  - [39m08/14/2026, 2:23:30 PM [32m    LOG[39m [38;5;3m[RoutesResolver] [39m[32mTenantAdminEmployeePerformanceController {/api/v1/tenant-admin/employee-performance}:[39m[38;5;3m +1ms[39m
[32m[Nest] 3884  - [39m08/14/2026, 2:23:30 PM [32m    LOG[39m [38;5;3m[RouterExplorer] [39m[32mMapped {/api/v1/tenant-admin/employee-performance, GET} route[39m[38;5;3m +0ms[39m
[32m[Nest] 3884  - [39m08/14/2026, 2:23:30 PM [32m    LOG[39m [38;5;3m[RouterExplorer] [39m[32mMapped {/api/v1/tenant-admin/employee-performance/:employeeId, GET} route[39m[38;5;3m +0ms[39m
[32m[Nest] 3884  - [39m08/14/2026, 2:23:30 PM [32m    LOG[39m [38;5;3m[RoutesResolver] [39m[32mTenantAdminFinanceController {/api/v1/tenant-admin/finance}:[39m[38;5;3m +0ms[39m
[32m[Nest] 3884  - [39m08/14/2026, 2:23:30 PM [32m    LOG[39m [38;5;3m[RouterExplorer] [39m[32mMapped {/api/v1/tenant-admin/finance/documents, GET} route[39m[38;5;3m +0ms[39m
[32m[Nest] 3884  - [39m08/14/2026, 2:23:30 PM [32m    LOG[39m [38;5;3m[RouterExplorer] [39m[32mMapped {/api/v1/tenant-admin/finance/documents, POST} route[39m[38;5;3m +0ms[39m
[32m[Nest] 3884  - [39m08/14/2026, 2:23:30 PM [32m    LOG[39m [38;5;3m[RouterExplorer] [39m[32mMapped {/api/v1/tenant-admin/finance/documents/upload-url, POST} route[39m[38;5;3m +0ms[39m
[32m[Nest] 3884  - [39m08/14/2026, 2:23:30 PM [32m    LOG[39m [38;5;3m[RouterExplorer] [39m[32mMapped {/api/v1/tenant-admin/finance/documents/:documentId/download, GET} route[39m[38;5;3m +0ms[39m
[32m[Nest] 3884  - [39m08/14/2026, 2:23:30 PM [32m    LOG[39m [38;5;3m[RouterExplorer] [39m[32mMapped {/api/v1/tenant-admin/finance/invoices, GET} route[39m[38;5;3m +0ms[39m
[32m[Nest] 3884  - [39m08/14/2026, 2:23:30 PM [32m    LOG[39m [38;5;3m[RouterExplorer] [39m[32mMapped {/api/v1/tenant-admin/finance/invoices, POST} route[39m[38;5;3m +0ms[39m
[32m[Nest] 3884  - [39m08/14/2026, 2:23:30 PM [32m    LOG[39m [38;5;3m[RouterExplorer] [39m[32mMapped {/api/v1/tenant-admin/finance/billable-tasks, GET} route[39m[38;5;3m +0ms[39m
[32m[Nest] 3884  - [39m08/14/2026, 2:23:30 PM [32m    LOG[39m [38;5;3m[RouterExplorer] [39m[32mMapped {/api/v1/tenant-admin/finance/invoices/from-task, POST} route[39m[38;5;3m +1ms[39m
[32m[Nest] 3884  - [39m08/14/2026, 2:23:30 PM [32m    LOG[39m [38;5;3m[RouterExplorer] [39m[32mMapped {/api/v1/tenant-admin/finance/invoices/:invoiceId/send, POST} route[39m[38;5;3m +0ms[39m
[32m[Nest] 3884  - [39m08/14/2026, 2:23:30 PM [32m    LOG[39m [38;5;3m[RoutesResolver] [39m[32mTenantAdminNotificationsController {/api/v1/tenant-admin/notifications}:[39m[38;5;3m +0ms[39m
[32m[Nest] 3884  - [39m08/14/2026, 2:23:30 PM [32m    LOG[39m [38;5;3m[RouterExplorer] [39m[32mMapped {/api/v1/tenant-admin/notifications, GET} route[39m[38;5;3m +0ms[39m
[32m[Nest] 3884  - [39m08/14/2026, 2:23:30 PM [32m    LOG[39m [38;5;3m[RouterExplorer] [39m[32mMapped {/api/v1/tenant-admin/notifications/unread-count, GET} route[39m[38;5;3m +0ms[39m
[32m[Nest] 3884  - [39m08/14/2026, 2:23:30 PM [32m    LOG[39m [38;5;3m[RouterExplorer] [39m[32mMapped {/api/v1/tenant-admin/notifications/:notificationId/read, PATCH} route[39m[38;5;3m +0ms[39m
[32m[Nest] 3884  - [39m08/14/2026, 2:23:30 PM [32m    LOG[39m [38;5;3m[RouterExplorer] [39m[32mMapped {/api/v1/tenant-admin/notifications/read-all, PATCH} route[39m[38;5;3m +0ms[39m
[32m[Nest] 3884  - [39m08/14/2026, 2:23:30 PM [32m    LOG[39m [38;5;3m[RoutesResolver] [39m[32mTenantAdminServicesController {/api/v1/tenant-admin/services}:[39m[38;5;3m +0ms[39m
[32m[Nest] 3884  - [39m08/14/2026, 2:23:30 PM [32m    LOG[39m [38;5;3m[RouterExplorer] [39m[32mMapped {/api/v1/tenant-admin/services, GET} route[39m[38;5;3m +0ms[39m
[32m[Nest] 3884  - [39m08/14/2026, 2:23:30 PM [32m    LOG[39m [38;5;3m[RouterExplorer] [39m[32mMapped {/api/v1/tenant-admin/services, POST} route[39m[38;5;3m +0ms[39m
[32m[Nest] 3884  - [39m08/14/2026, 2:23:30 PM [32m    LOG[39m [38;5;3m[RoutesResolver] [39m[32mTenantAdminTasksController {/api/v1/tenant-admin/tasks}:[39m[38;5;3m +0ms[39m
[32m[Nest] 3884  - [39m08/14/2026, 2:23:30 PM [32m    LOG[39m [38;5;3m[RouterExplorer] [39m[32mMapped {/api/v1/tenant-admin/tasks/options, GET} route[39m[38;5;3m +0ms[39m
[32m[Nest] 3884  - [39m08/14/2026, 2:23:30 PM [32m    LOG[39m [38;5;3m[RouterExplorer] [39m[32mMapped {/api/v1/tenant-admin/tasks, GET} route[39m[38;5;3m +1ms[39m
[32m[Nest] 3884  - [39m08/14/2026, 2:23:30 PM [32m    LOG[39m [38;5;3m[RouterExplorer] [39m[32mMapped {/api/v1/tenant-admin/tasks/:taskId/review-detail, GET} route[39m[38;5;3m +0ms[39m
[32m[Nest] 3884  - [39m08/14/2026, 2:23:30 PM [32m    LOG[39m [38;5;3m[RouterExplorer] [39m[32mMapped {/api/v1/tenant-admin/tasks, POST} route[39m[38;5;3m +0ms[39m
[32m[Nest] 3884  - [39m08/14/2026, 2:23:30 PM [32m    LOG[39m [38;5;3m[RouterExplorer] [39m[32mMapped {/api/v1/tenant-admin/tasks/:taskId/approval, POST} route[39m[38;5;3m +0ms[39m
[32m[Nest] 3884  - [39m08/14/2026, 2:23:30 PM [32m    LOG[39m [38;5;3m[RouterExplorer] [39m[32mMapped {/api/v1/tenant-admin/tasks/employees, POST} route[39m[38;5;3m +0ms[39m
[32m[Nest] 3884  - [39m08/14/2026, 2:23:30 PM [32m    LOG[39m [38;5;3m[RouterExplorer] [39m[32mMapped {/api/v1/tenant-admin/tasks/employees/email-availability, GET} route[39m[38;5;3m +0ms[39m
[32m[Nest] 3884  - [39m08/14/2026, 2:23:30 PM [32m    LOG[39m [38;5;3m[RouterExplorer] [39m[32mMapped {/api/v1/tenant-admin/tasks/employees, GET} route[39m[38;5;3m +0ms[39m
[32m[Nest] 3884  - [39m08/14/2026, 2:23:30 PM [32m    LOG[39m [38;5;3m[RouterExplorer] [39m[32mMapped {/api/v1/tenant-admin/tasks/departments, GET} route[39m[38;5;3m +0ms[39m
[32m[Nest] 3884  - [39m08/14/2026, 2:23:30 PM [32m    LOG[39m [38;5;3m[RouterExplorer] [39m[32mMapped {/api/v1/tenant-admin/tasks/departments, POST} route[39m[38;5;3m +0ms[39m
[32m[Nest] 3884  - [39m08/14/2026, 2:23:30 PM [32m    LOG[39m [38;5;3m[RouterExplorer] [39m[32mMapped {/api/v1/tenant-admin/tasks/employees/:employeeId/assignment, PATCH} route[39m[38;5;3m +0ms[39m
[32m[Nest] 3884  - [39m08/14/2026, 2:23:30 PM [32m    LOG[39m [38;5;3m[RouterExplorer] [39m[32mMapped {/api/v1/tenant-admin/tasks/employees/:employeeId/manager, PATCH} route[39m[38;5;3m +0ms[39m
[32m[Nest] 3884  - [39m08/14/2026, 2:23:30 PM [32m    LOG[39m [38;5;3m[RouterExplorer] [39m[32mMapped {/api/v1/tenant-admin/tasks/employees/:employeeId/manager, DELETE} route[39m[38;5;3m +0ms[39m
[32m[Nest] 3884  - [39m08/14/2026, 2:23:30 PM [32m    LOG[39m [38;5;3m[RouterExplorer] [39m[32mMapped {/api/v1/tenant-admin/tasks/employees/:employeeId/capacity, PATCH} route[39m[38;5;3m +0ms[39m
[32m[Nest] 3884  - [39m08/14/2026, 2:23:30 PM [32m    LOG[39m [38;5;3m[RouterExplorer] [39m[32mMapped {/api/v1/tenant-admin/tasks/work-groups, GET} route[39m[38;5;3m +1ms[39m
[32m[Nest] 3884  - [39m08/14/2026, 2:23:30 PM [32m    LOG[39m [38;5;3m[RouterExplorer] [39m[32mMapped {/api/v1/tenant-admin/tasks/work-groups, POST} route[39m[38;5;3m +0ms[39m
[32m[Nest] 3884  - [39m08/14/2026, 2:23:30 PM [32m    LOG[39m [38;5;3m[RouterExplorer] [39m[32mMapped {/api/v1/tenant-admin/tasks/work-groups/:workGroupId, PATCH} route[39m[38;5;3m +0ms[39m
[32m[Nest] 3884  - [39m08/14/2026, 2:23:30 PM [32m    LOG[39m [38;5;3m[RoutesResolver] [39m[32mTenantAnalyticsController {/api/v1/super-admin/tenant-analytics}:[39m[38;5;3m +0ms[39m
[32m[Nest] 3884  - [39m08/14/2026, 2:23:30 PM [32m    LOG[39m [38;5;3m[RouterExplorer] [39m[32mMapped {/api/v1/super-admin/tenant-analytics, GET} route[39m[38;5;3m +0ms[39m
[32m[Nest] 3884  - [39m08/14/2026, 2:23:30 PM [32m    LOG[39m [38;5;3m[TaskNotificationOutboxWorker] [39m[32m[Notifications] Task notification worker is running. It checks committed notifications every 500ms.[39m
[32m[Nest] 3884  - [39m08/14/2026, 2:23:30 PM [32m    LOG[39m [38;5;3m[NestApplication] [39m[32mNest application successfully started[39m[38;5;3m +0ms[39m
2:24:15 PM [tsx] change in ./src\platform\employee-manager.service.ts Restarting...
[32m[Nest] 27404  - [39m08/14/2026, 2:24:20 PM [32m    LOG[39m [38;5;3m[NestFactory] [39m[32mStarting Nest application...[39m
[32m[Nest] 27404  - [39m08/14/2026, 2:24:20 PM [32m    LOG[39m [38;5;3m[InstanceLoader] [39m[32mAppConfigModule dependencies initialized[39m[38;5;3m +1ms[39m
[32m[Nest] 27404  - [39m08/14/2026, 2:24:20 PM [32m    LOG[39m [38;5;3m[InstanceLoader] [39m[32mAppConfigModule dependencies initialized[39m[38;5;3m +0ms[39m
[32m[Nest] 27404  - [39m08/14/2026, 2:24:20 PM [32m    LOG[39m [38;5;3m[InstanceLoader] [39m[32mCommonModule dependencies initialized[39m[38;5;3m +1ms[39m
[32m[Nest] 27404  - [39m08/14/2026, 2:24:20 PM [32m    LOG[39m [38;5;3m[InstanceLoader] [39m[32mAppModule dependencies initialized[39m[38;5;3m +0ms[39m
[32m[Nest] 27404  - [39m08/14/2026, 2:24:20 PM [32m    LOG[39m [38;5;3m[InstanceLoader] [39m[32mDatabaseModule dependencies initialized[39m[38;5;3m +1ms[39m
[32m[Nest] 27404  - [39m08/14/2026, 2:24:20 PM [32m    LOG[39m [38;5;3m[InstanceLoader] [39m[32mHealthModule dependencies initialized[39m[38;5;3m +0ms[39m
[32m[Nest] 27404  - [39m08/14/2026, 2:24:20 PM [32m    LOG[39m [38;5;3m[InstanceLoader] [39m[32mAuthModule dependencies initialized[39m[38;5;3m +0ms[39m
[32m[Nest] 27404  - [39m08/14/2026, 2:24:20 PM [32m    LOG[39m [38;5;3m[InstanceLoader] [39m[32mPlatformModule dependencies initialized[39m[38;5;3m +0ms[39m
[32m[Nest] 27404  - [39m08/14/2026, 2:24:20 PM [32m    LOG[39m [38;5;3m[RoutesResolver] [39m[32mHealthController {/api/v1/health}:[39m[38;5;3m +1ms[39m
[32m[Nest] 27404  - [39m08/14/2026, 2:24:20 PM [32m    LOG[39m [38;5;3m[RouterExplorer] [39m[32mMapped {/api/v1/health/live, GET} route[39m[38;5;3m +0ms[39m
[32m[Nest] 27404  - [39m08/14/2026, 2:24:20 PM [32m    LOG[39m [38;5;3m[RouterExplorer] [39m[32mMapped {/api/v1/health/ready, GET} route[39m[38;5;3m +1ms[39m
[32m[Nest] 27404  - [39m08/14/2026, 2:24:20 PM [32m    LOG[39m [38;5;3m[RoutesResolver] [39m[32mMeController {/api/v1/me}:[39m[38;5;3m +0ms[39m
[32m[Nest] 27404  - [39m08/14/2026, 2:24:20 PM [32m    LOG[39m [38;5;3m[RouterExplorer] [39m[32mMapped {/api/v1/me, GET} route[39m[38;5;3m +1ms[39m
[32m[Nest] 27404  - [39m08/14/2026, 2:24:20 PM [32m    LOG[39m [38;5;3m[RouterExplorer] [39m[32mMapped {/api/v1/me/profile, PATCH} route[39m[38;5;3m +0ms[39m
[32m[Nest] 27404  - [39m08/14/2026, 2:24:20 PM [32m    LOG[39m [38;5;3m[RouterExplorer] [39m[32mMapped {/api/v1/me/preferences, PATCH} route[39m[38;5;3m +0ms[39m
[32m[Nest] 27404  - [39m08/14/2026, 2:24:20 PM [32m    LOG[39m [38;5;3m[RoutesResolver] [39m[32mAccessAdminController {/api/v1}:[39m[38;5;3m +1ms[39m
[32m[Nest] 27404  - [39m08/14/2026, 2:24:20 PM [32m    LOG[39m [38;5;3m[RouterExplorer] [39m[32mMapped {/api/v1/super-admin/tenant-creation-options, GET} route[39m[38;5;3m +0ms[39m
[32m[Nest] 27404  - [39m08/14/2026, 2:24:20 PM [32m    LOG[39m [38;5;3m[RouterExplorer] [39m[32mMapped {/api/v1/super-admin/tenants, GET} route[39m[38;5;3m +0ms[39m
[32m[Nest] 27404  - [39m08/14/2026, 2:24:20 PM [32m    LOG[39m [38;5;3m[RouterExplorer] [39m[32mMapped {/api/v1/super-admin/users/email-availability, GET} route[39m[38;5;3m +1ms[39m
[32m[Nest] 27404  - [39m08/14/2026, 2:24:20 PM [32m    LOG[39m [38;5;3m[RouterExplorer] [39m[32mMapped {/api/v1/super-admin/tenant-list-filters, GET} route[39m[38;5;3m +0ms[39m
[32m[Nest] 27404  - [39m08/14/2026, 2:24:20 PM [32m    LOG[39m [38;5;3m[RouterExplorer] [39m[32mMapped {/api/v1/super-admin/tenants/:tenantId, GET} route[39m[38;5;3m +1ms[39m
[32m[Nest] 27404  - [39m08/14/2026, 2:24:20 PM [32m    LOG[39m [38;5;3m[RouterExplorer] [39m[32mMapped {/api/v1/super-admin/tenants/:tenantId/status, PATCH} route[39m[38;5;3m +0ms[39m
[32m[Nest] 27404  - [39m08/14/2026, 2:24:20 PM [32m    LOG[39m [38;5;3m[RouterExplorer] [39m[32mMapped {/api/v1/super-admin/tenants/:tenantId/password, POST} route[39m[38;5;3m +1ms[39m
[32m[Nest] 27404  - [39m08/14/2026, 2:24:20 PM [32m    LOG[39m [38;5;3m[RouterExplorer] [39m[32mMapped {/api/v1/super-admin/tenants, POST} route[39m[38;5;3m +0ms[39m
[32m[Nest] 27404  - [39m08/14/2026, 2:24:20 PM [32m    LOG[39m [38;5;3m[RouterExplorer] [39m[32mMapped {/api/v1/invitations, POST} route[39m[38;5;3m +1ms[39m
[32m[Nest] 27404  - [39m08/14/2026, 2:24:20 PM [32m    LOG[39m [38;5;3m[RouterExplorer] [39m[32mMapped {/api/v1/invitations/:invitationId/cancel, POST} route[39m[38;5;3m +0ms[39m
[32m[Nest] 27404  - [39m08/14/2026, 2:24:20 PM [32m    LOG[39m [38;5;3m[RouterExplorer] [39m[32mMapped {/api/v1/invitations/:invitationId/revoke, POST} route[39m[38;5;3m +1ms[39m
[32m[Nest] 27404  - [39m08/14/2026, 2:24:20 PM [32m    LOG[39m [38;5;3m[RouterExplorer] [39m[32mMapped {/api/v1/invitations/:invitationId/accept, POST} route[39m[38;5;3m +2ms[39m
[32m[Nest] 27404  - [39m08/14/2026, 2:24:20 PM [32m    LOG[39m [38;5;3m[RouterExplorer] [39m[32mMapped {/api/v1/memberships/:membershipId/revoke, POST} route[39m[38;5;3m +1ms[39m
[32m[Nest] 27404  - [39m08/14/2026, 2:24:20 PM [32m    LOG[39m [38;5;3m[RouterExplorer] [39m[32mMapped {/api/v1/memberships/:membershipId/reactivate, POST} route[39m[38;5;3m +0ms[39m
[32m[Nest] 27404  - [39m08/14/2026, 2:24:20 PM [32m    LOG[39m [38;5;3m[RoutesResolver] [39m[32mPortalAuthController {/api/v1/auth}:[39m[38;5;3m +1ms[39m
[32m[Nest] 27404  - [39m08/14/2026, 2:24:20 PM [32m    LOG[39m [38;5;3m[RouterExplorer] [39m[32mMapped {/api/v1/auth/super-admin/login, POST} route[39m[38;5;3m +0ms[39m
[32m[Nest] 27404  - [39m08/14/2026, 2:24:20 PM [32m    LOG[39m [38;5;3m[RouterExplorer] [39m[32mMapped {/api/v1/auth/tenant/login, POST} route[39m[38;5;3m +0ms[39m
[32m[Nest] 27404  - [39m08/14/2026, 2:24:20 PM [32m    LOG[39m [38;5;3m[RouterExplorer] [39m[32mMapped {/api/v1/auth/employee/login, POST} route[39m[38;5;3m +0ms[39m
[32m[Nest] 27404  - [39m08/14/2026, 2:24:20 PM [32m    LOG[39m [38;5;3m[RouterExplorer] [39m[32mMapped {/api/v1/auth/client/login, POST} route[39m[38;5;3m +0ms[39m
[32m[Nest] 27404  - [39m08/14/2026, 2:24:20 PM [32m    LOG[39m [38;5;3m[RouterExplorer] [39m[32mMapped {/api/v1/auth/super-admin/session, GET} route[39m[38;5;3m +1ms[39m
[32m[Nest] 27404  - [39m08/14/2026, 2:24:20 PM [32m    LOG[39m [38;5;3m[RouterExplorer] [39m[32mMapped {/api/v1/auth/tenant/session, GET} route[39m[38;5;3m +0ms[39m
[32m[Nest] 27404  - [39m08/14/2026, 2:24:20 PM [32m    LOG[39m [38;5;3m[RouterExplorer] [39m[32mMapped {/api/v1/auth/employee/session, GET} route[39m[38;5;3m +0ms[39m
[32m[Nest] 27404  - [39m08/14/2026, 2:24:20 PM [32m    LOG[39m [38;5;3m[RouterExplorer] [39m[32mMapped {/api/v1/auth/client/session, GET} route[39m[38;5;3m +0ms[39m
[32m[Nest] 27404  - [39m08/14/2026, 2:24:20 PM [32m    LOG[39m [38;5;3m[RouterExplorer] [39m[32mMapped {/api/v1/auth/super-admin/logout, POST} route[39m[38;5;3m +0ms[39m
[32m[Nest] 27404  - [39m08/14/2026, 2:24:20 PM [32m    LOG[39m [38;5;3m[RouterExplorer] [39m[32mMapped {/api/v1/auth/tenant/logout, POST} route[39m[38;5;3m +0ms[39m
[32m[Nest] 27404  - [39m08/14/2026, 2:24:20 PM [32m    LOG[39m [38;5;3m[RouterExplorer] [39m[32mMapped {/api/v1/auth/employee/logout, POST} route[39m[38;5;3m +0ms[39m
[32m[Nest] 27404  - [39m08/14/2026, 2:24:20 PM [32m    LOG[39m [38;5;3m[RouterExplorer] [39m[32mMapped {/api/v1/auth/client/logout, POST} route[39m[38;5;3m +0ms[39m
[32m[Nest] 27404  - [39m08/14/2026, 2:24:20 PM [32m    LOG[39m [38;5;3m[RoutesResolver] [39m[32mSuperAdminAuditLogController {/api/v1/super-admin/audit-log}:[39m[38;5;3m +0ms[39m
[32m[Nest] 27404  - [39m08/14/2026, 2:24:20 PM [32m    LOG[39m [38;5;3m[RouterExplorer] [39m[32mMapped {/api/v1/super-admin/audit-log, GET} route[39m[38;5;3m +0ms[39m
[32m[Nest] 27404  - [39m08/14/2026, 2:24:20 PM [32m    LOG[39m [38;5;3m[RoutesResolver] [39m[32mSuperAdminDashboardController {/api/v1/super-admin}:[39m[38;5;3m +0ms[39m
[32m[Nest] 27404  - [39m08/14/2026, 2:24:20 PM [32m    LOG[39m [38;5;3m[RouterExplorer] [39m[32mMapped {/api/v1/super-admin/dashboard, GET} route[39m[38;5;3m +1ms[39m
[32m[Nest] 27404  - [39m08/14/2026, 2:24:20 PM [32m    LOG[39m [38;5;3m[RouterExplorer] [39m[32mMapped {/api/v1/super-admin/alerts/:alertId/view, PATCH} route[39m[38;5;3m +0ms[39m
[32m[Nest] 27404  - [39m08/14/2026, 2:24:20 PM [32m    LOG[39m [38;5;3m[RouterExplorer] [39m[32mMapped {/api/v1/super-admin/alerts/:alertId/reviews, POST} route[39m[38;5;3m +0ms[39m
[32m[Nest] 27404  - [39m08/14/2026, 2:24:20 PM [32m    LOG[39m [38;5;3m[RouterExplorer] [39m[32mMapped {/api/v1/super-admin/tenant-reviews/:reviewId, PATCH} route[39m[38;5;3m +0ms[39m
[32m[Nest] 27404  - [39m08/14/2026, 2:24:20 PM [32m    LOG[39m [38;5;3m[RoutesResolver] [39m[32mSuperAdminSearchController {/api/v1/super-admin}:[39m[38;5;3m +0ms[39m
[32m[Nest] 27404  - [39m08/14/2026, 2:24:20 PM [32m    LOG[39m [38;5;3m[RouterExplorer] [39m[32mMapped {/api/v1/super-admin/search, GET} route[39m[38;5;3m +0ms[39m
[32m[Nest] 27404  - [39m08/14/2026, 2:24:20 PM [32m    LOG[39m [38;5;3m[RoutesResolver] [39m[32mSuperAdminNotificationsController {/api/v1/super-admin/notifications}:[39m[38;5;3m +1ms[39m
[32m[Nest] 27404  - [39m08/14/2026, 2:24:20 PM [32m    LOG[39m [38;5;3m[RouterExplorer] [39m[32mMapped {/api/v1/super-admin/notifications, GET} route[39m[38;5;3m +0ms[39m
[32m[Nest] 27404  - [39m08/14/2026, 2:24:20 PM [32m    LOG[39m [38;5;3m[RouterExplorer] [39m[32mMapped {/api/v1/super-admin/notifications/unread-count, GET} route[39m[38;5;3m +0ms[39m
[32m[Nest] 27404  - [39m08/14/2026, 2:24:20 PM [32m    LOG[39m [38;5;3m[RouterExplorer] [39m[32mMapped {/api/v1/super-admin/notifications/:notificationId/read, PATCH} route[39m[38;5;3m +0ms[39m
[32m[Nest] 27404  - [39m08/14/2026, 2:24:20 PM [32m    LOG[39m [38;5;3m[RouterExplorer] [39m[32mMapped {/api/v1/super-admin/notifications/read-all, PATCH} route[39m[38;5;3m +1ms[39m
[32m[Nest] 27404  - [39m08/14/2026, 2:24:20 PM [32m    LOG[39m [38;5;3m[RoutesResolver] [39m[32mSuperAdminPlatformConfigurationController {/api/v1/super-admin/platform-configuration}:[39m[38;5;3m +0ms[39m
[32m[Nest] 27404  - [39m08/14/2026, 2:24:20 PM [32m    LOG[39m [38;5;3m[RouterExplorer] [39m[32mMapped {/api/v1/super-admin/platform-configuration, GET} route[39m[38;5;3m +0ms[39m
[32m[Nest] 27404  - [39m08/14/2026, 2:24:20 PM [32m    LOG[39m [38;5;3m[RouterExplorer] [39m[32mMapped {/api/v1/super-admin/platform-configuration, PATCH} route[39m[38;5;3m +0ms[39m
[32m[Nest] 27404  - [39m08/14/2026, 2:24:20 PM [32m    LOG[39m [38;5;3m[RoutesResolver] [39m[32mClientPortalDashboardController {/api/v1/client-portal/dashboard}:[39m[38;5;3m +0ms[39m
[32m[Nest] 27404  - [39m08/14/2026, 2:24:20 PM [32m    LOG[39m [38;5;3m[RouterExplorer] [39m[32mMapped {/api/v1/client-portal/dashboard, GET} route[39m[38;5;3m +0ms[39m
[32m[Nest] 27404  - [39m08/14/2026, 2:24:20 PM [32m    LOG[39m [38;5;3m[RoutesResolver] [39m[32mClientPortalDeliverablesController {/api/v1/client-portal/deliverables}:[39m[38;5;3m +0ms[39m
[32m[Nest] 27404  - [39m08/14/2026, 2:24:20 PM [32m    LOG[39m [38;5;3m[RouterExplorer] [39m[32mMapped {/api/v1/client-portal/deliverables, GET} route[39m[38;5;3m +0ms[39m
[32m[Nest] 27404  - [39m08/14/2026, 2:24:20 PM [32m    LOG[39m [38;5;3m[RouterExplorer] [39m[32mMapped {/api/v1/client-portal/deliverables/:documentId/decision, POST} route[39m[38;5;3m +0ms[39m
[32m[Nest] 27404  - [39m08/14/2026, 2:24:20 PM [32m    LOG[39m [38;5;3m[RouterExplorer] [39m[32mMapped {/api/v1/client-portal/deliverables/:documentId/download, GET} route[39m[38;5;3m +0ms[39m
[32m[Nest] 27404  - [39m08/14/2026, 2:24:20 PM [32m    LOG[39m [38;5;3m[RoutesResolver] [39m[32mClientPortalNotificationsController {/api/v1/client-portal/notifications}:[39m[38;5;3m +0ms[39m
[32m[Nest] 27404  - [39m08/14/2026, 2:24:20 PM [32m    LOG[39m [38;5;3m[RouterExplorer] [39m[32mMapped {/api/v1/client-portal/notifications, GET} route[39m[38;5;3m +0ms[39m
[32m[Nest] 27404  - [39m08/14/2026, 2:24:20 PM [32m    LOG[39m [38;5;3m[RoutesResolver] [39m[32mClientPortalProfileController {/api/v1/client-portal/profile}:[39m[38;5;3m +1ms[39m
[32m[Nest] 27404  - [39m08/14/2026, 2:24:20 PM [32m    LOG[39m [38;5;3m[RouterExplorer] [39m[32mMapped {/api/v1/client-portal/profile, GET} route[39m[38;5;3m +0ms[39m
[32m[Nest] 27404  - [39m08/14/2026, 2:24:20 PM [32m    LOG[39m [38;5;3m[RouterExplorer] [39m[32mMapped {/api/v1/client-portal/profile, PATCH} route[39m[38;5;3m +0ms[39m
[32m[Nest] 27404  - [39m08/14/2026, 2:24:20 PM [32m    LOG[39m [38;5;3m[RoutesResolver] [39m[32mClientPortalRequestsController {/api/v1/client-portal/requests}:[39m[38;5;3m +0ms[39m
[32m[Nest] 27404  - [39m08/14/2026, 2:24:20 PM [32m    LOG[39m [38;5;3m[RouterExplorer] [39m[32mMapped {/api/v1/client-portal/requests/options, GET} route[39m[38;5;3m +0ms[39m
[32m[Nest] 27404  - [39m08/14/2026, 2:24:20 PM [32m    LOG[39m [38;5;3m[RouterExplorer] [39m[32mMapped {/api/v1/client-portal/requests, POST} route[39m[38;5;3m +0ms[39m
[32m[Nest] 27404  - [39m08/14/2026, 2:24:20 PM [32m    LOG[39m [38;5;3m[RoutesResolver] [39m[32mEmployeeDashboardController {/api/v1/employee/dashboard}:[39m[38;5;3m +0ms[39m
[32m[Nest] 27404  - [39m08/14/2026, 2:24:20 PM [32m    LOG[39m [38;5;3m[RouterExplorer] [39m[32mMapped {/api/v1/employee/dashboard, GET} route[39m[38;5;3m +0ms[39m
[32m[Nest] 27404  - [39m08/14/2026, 2:24:20 PM [32m    LOG[39m [38;5;3m[RoutesResolver] [39m[32mEmployeeDocumentsController {/api/v1/employee/documents}:[39m[38;5;3m +0ms[39m
[32m[Nest] 27404  - [39m08/14/2026, 2:24:20 PM [32m    LOG[39m [38;5;3m[RouterExplorer] [39m[32mMapped {/api/v1/employee/documents/options, GET} route[39m[38;5;3m +0ms[39m
[32m[Nest] 27404  - [39m08/14/2026, 2:24:20 PM [32m    LOG[39m [38;5;3m[RouterExplorer] [39m[32mMapped {/api/v1/employee/documents, GET} route[39m[38;5;3m +0ms[39m
[32m[Nest] 27404  - [39m08/14/2026, 2:24:20 PM [32m    LOG[39m [38;5;3m[RouterExplorer] [39m[32mMapped {/api/v1/employee/documents, POST} route[39m[38;5;3m +0ms[39m
[32m[Nest] 27404  - [39m08/14/2026, 2:24:20 PM [32m    LOG[39m [38;5;3m[RouterExplorer] [39m[32mMapped {/api/v1/employee/documents/upload-url, POST} route[39m[38;5;3m +1ms[39m
[32m[Nest] 27404  - [39m08/14/2026, 2:24:20 PM [32m    LOG[39m [38;5;3m[RouterExplorer] [39m[32mMapped {/api/v1/employee/documents/:documentId/download, GET} route[39m[38;5;3m +0ms[39m
[32m[Nest] 27404  - [39m08/14/2026, 2:24:20 PM [32m    LOG[39m [38;5;3m[RoutesResolver] [39m[32mEmployeeManagerController {/api/v1/employee/manager}:[39m[38;5;3m +0ms[39m
[32m[Nest] 27404  - [39m08/14/2026, 2:24:20 PM [32m    LOG[39m [38;5;3m[RouterExplorer] [39m[32mMapped {/api/v1/employee/manager/clients, GET} route[39m[38;5;3m +0ms[39m
[32m[Nest] 27404  - [39m08/14/2026, 2:24:20 PM [32m    LOG[39m [38;5;3m[RouterExplorer] [39m[32mMapped {/api/v1/employee/manager/task-options, GET} route[39m[38;5;3m +0ms[39m
[32m[Nest] 27404  - [39m08/14/2026, 2:24:20 PM [32m    LOG[39m [38;5;3m[RouterExplorer] [39m[32mMapped {/api/v1/employee/manager/reviews, GET} route[39m[38;5;3m +0ms[39m
[32m[Nest] 27404  - [39m08/14/2026, 2:24:20 PM [32m    LOG[39m [38;5;3m[RouterExplorer] [39m[32mMapped {/api/v1/employee/manager/reviews/:taskId, GET} route[39m[38;5;3m +0ms[39m
[32m[Nest] 27404  - [39m08/14/2026, 2:24:20 PM [32m    LOG[39m [38;5;3m[RouterExplorer] [39m[32mMapped {/api/v1/employee/manager/tasks, POST} route[39m[38;5;3m +0ms[39m
[32m[Nest] 27404  - [39m08/14/2026, 2:24:20 PM [32m    LOG[39m [38;5;3m[RouterExplorer] [39m[32mMapped {/api/v1/employee/manager/reviews/:taskId, POST} route[39m[38;5;3m +0ms[39m
[32m[Nest] 27404  - [39m08/14/2026, 2:24:20 PM [32m    LOG[39m [38;5;3m[RoutesResolver] [39m[32mEmployeeNotificationsController {/api/v1/employee/notifications}:[39m[38;5;3m +0ms[39m
[32m[Nest] 27404  - [39m08/14/2026, 2:24:20 PM [32m    LOG[39m [38;5;3m[RouterExplorer] [39m[32mMapped {/api/v1/employee/notifications, GET} route[39m[38;5;3m +1ms[39m
[32m[Nest] 27404  - [39m08/14/2026, 2:24:20 PM [32m    LOG[39m [38;5;3m[RouterExplorer] [39m[32mMapped {/api/v1/employee/notifications/unread-count, GET} route[39m[38;5;3m +0ms[39m
[32m[Nest] 27404  - [39m08/14/2026, 2:24:20 PM [32m    LOG[39m [38;5;3m[RouterExplorer] [39m[32mMapped {/api/v1/employee/notifications/:notificationId/read, PATCH} route[39m[38;5;3m +0ms[39m
[32m[Nest] 27404  - [39m08/14/2026, 2:24:20 PM [32m    LOG[39m [38;5;3m[RouterExplorer] [39m[32mMapped {/api/v1/employee/notifications/read-all, PATCH} route[39m[38;5;3m +0ms[39m
[32m[Nest] 27404  - [39m08/14/2026, 2:24:20 PM [32m    LOG[39m [38;5;3m[RoutesResolver] [39m[32mEmployeeProfileController {/api/v1/employee/profile}:[39m[38;5;3m +0ms[39m
[32m[Nest] 27404  - [39m08/14/2026, 2:24:20 PM [32m    LOG[39m [38;5;3m[RouterExplorer] [39m[32mMapped {/api/v1/employee/profile, GET} route[39m[38;5;3m +0ms[39m
[32m[Nest] 27404  - [39m08/14/2026, 2:24:20 PM [32m    LOG[39m [38;5;3m[RoutesResolver] [39m[32mEmployeeTasksController {/api/v1/employee}:[39m[38;5;3m +0ms[39m
[32m[Nest] 27404  - [39m08/14/2026, 2:24:20 PM [32m    LOG[39m [38;5;3m[RouterExplorer] [39m[32mMapped {/api/v1/employee/tasks, GET} route[39m[38;5;3m +0ms[39m
[32m[Nest] 27404  - [39m08/14/2026, 2:24:20 PM [32m    LOG[39m [38;5;3m[RouterExplorer] [39m[32mMapped {/api/v1/employee/work-logs, GET} route[39m[38;5;3m +0ms[39m
[32m[Nest] 27404  - [39m08/14/2026, 2:24:20 PM [32m    LOG[39m [38;5;3m[RouterExplorer] [39m[32mMapped {/api/v1/employee/tasks/:taskId/start, POST} route[39m[38;5;3m +0ms[39m
[32m[Nest] 27404  - [39m08/14/2026, 2:24:20 PM [32m    LOG[39m [38;5;3m[RouterExplorer] [39m[32mMapped {/api/v1/employee/tasks/:taskId/pause, POST} route[39m[38;5;3m +0ms[39m
[32m[Nest] 27404  - [39m08/14/2026, 2:24:20 PM [32m    LOG[39m [38;5;3m[RouterExplorer] [39m[32mMapped {/api/v1/employee/tasks/:taskId/resume, POST} route[39m[38;5;3m +0ms[39m
[32m[Nest] 27404  - [39m08/14/2026, 2:24:20 PM [32m    LOG[39m [38;5;3m[RouterExplorer] [39m[32mMapped {/api/v1/employee/tasks/:taskId/submit, POST} route[39m[38;5;3m +1ms[39m
[32m[Nest] 27404  - [39m08/14/2026, 2:24:20 PM [32m    LOG[39m [38;5;3m[RoutesResolver] [39m[32mTenantAdminDashboardController {/api/v1/tenant-admin/dashboard}:[39m[38;5;3m +0ms[39m
[32m[Nest] 27404  - [39m08/14/2026, 2:24:20 PM [32m    LOG[39m [38;5;3m[RouterExplorer] [39m[32mMapped {/api/v1/tenant-admin/dashboard, GET} route[39m[38;5;3m +0ms[39m
[32m[Nest] 27404  - [39m08/14/2026, 2:24:20 PM [32m    LOG[39m [38;5;3m[RouterExplorer] [39m[32mMapped {/api/v1/tenant-admin/dashboard/profile, GET} route[39m[38;5;3m +0ms[39m
[32m[Nest] 27404  - [39m08/14/2026, 2:24:20 PM [32m    LOG[39m [38;5;3m[RouterExplorer] [39m[32mMapped {/api/v1/tenant-admin/dashboard/profile, PATCH} route[39m[38;5;3m +0ms[39m
[32m[Nest] 27404  - [39m08/14/2026, 2:24:20 PM [32m    LOG[39m [38;5;3m[RoutesResolver] [39m[32mTenantAdminClientsController {/api/v1/tenant-admin/clients}:[39m[38;5;3m +0ms[39m
[32m[Nest] 27404  - [39m08/14/2026, 2:24:20 PM [32m    LOG[39m [38;5;3m[RouterExplorer] [39m[32mMapped {/api/v1/tenant-admin/clients, GET} route[39m[38;5;3m +0ms[39m
[32m[Nest] 27404  - [39m08/14/2026, 2:24:20 PM [32m    LOG[39m [38;5;3m[RouterExplorer] [39m[32mMapped {/api/v1/tenant-admin/clients, POST} route[39m[38;5;3m +0ms[39m
[32m[Nest] 27404  - [39m08/14/2026, 2:24:20 PM [32m    LOG[39m [38;5;3m[RouterExplorer] [39m[32mMapped {/api/v1/tenant-admin/clients/:clientRef, GET} route[39m[38;5;3m +0ms[39m
[32m[Nest] 27404  - [39m08/14/2026, 2:24:20 PM [32m    LOG[39m [38;5;3m[RouterExplorer] [39m[32mMapped {/api/v1/tenant-admin/clients/:clientRef, DELETE} route[39m[38;5;3m +0ms[39m
[32m[Nest] 27404  - [39m08/14/2026, 2:24:20 PM [32m    LOG[39m [38;5;3m[RouterExplorer] [39m[32mMapped {/api/v1/tenant-admin/clients/:clientRef/contacts, POST} route[39m[38;5;3m +0ms[39m
[32m[Nest] 27404  - [39m08/14/2026, 2:24:20 PM [32m    LOG[39m [38;5;3m[RouterExplorer] [39m[32mMapped {/api/v1/tenant-admin/clients/:clientRef/contacts/:contactId, PATCH} route[39m[38;5;3m +1ms[39m
[32m[Nest] 27404  - [39m08/14/2026, 2:24:20 PM [32m    LOG[39m [38;5;3m[RoutesResolver] [39m[32mTenantAdminEmployeePerformanceController {/api/v1/tenant-admin/employee-performance}:[39m[38;5;3m +0ms[39m
[32m[Nest] 27404  - [39m08/14/2026, 2:24:20 PM [32m    LOG[39m [38;5;3m[RouterExplorer] [39m[32mMapped {/api/v1/tenant-admin/employee-performance, GET} route[39m[38;5;3m +0ms[39m
[32m[Nest] 27404  - [39m08/14/2026, 2:24:20 PM [32m    LOG[39m [38;5;3m[RouterExplorer] [39m[32mMapped {/api/v1/tenant-admin/employee-performance/:employeeId, GET} route[39m[38;5;3m +0ms[39m
[32m[Nest] 27404  - [39m08/14/2026, 2:24:20 PM [32m    LOG[39m [38;5;3m[RoutesResolver] [39m[32mTenantAdminFinanceController {/api/v1/tenant-admin/finance}:[39m[38;5;3m +0ms[39m
[32m[Nest] 27404  - [39m08/14/2026, 2:24:20 PM [32m    LOG[39m [38;5;3m[RouterExplorer] [39m[32mMapped {/api/v1/tenant-admin/finance/documents, GET} route[39m[38;5;3m +0ms[39m
[32m[Nest] 27404  - [39m08/14/2026, 2:24:20 PM [32m    LOG[39m [38;5;3m[RouterExplorer] [39m[32mMapped {/api/v1/tenant-admin/finance/documents, POST} route[39m[38;5;3m +0ms[39m
[32m[Nest] 27404  - [39m08/14/2026, 2:24:20 PM [32m    LOG[39m [38;5;3m[RouterExplorer] [39m[32mMapped {/api/v1/tenant-admin/finance/documents/upload-url, POST} route[39m[38;5;3m +0ms[39m
[32m[Nest] 27404  - [39m08/14/2026, 2:24:20 PM [32m    LOG[39m [38;5;3m[RouterExplorer] [39m[32mMapped {/api/v1/tenant-admin/finance/documents/:documentId/download, GET} route[39m[38;5;3m +0ms[39m
[32m[Nest] 27404  - [39m08/14/2026, 2:24:20 PM [32m    LOG[39m [38;5;3m[RouterExplorer] [39m[32mMapped {/api/v1/tenant-admin/finance/invoices, GET} route[39m[38;5;3m +0ms[39m
[32m[Nest] 27404  - [39m08/14/2026, 2:24:20 PM [32m    LOG[39m [38;5;3m[RouterExplorer] [39m[32mMapped {/api/v1/tenant-admin/finance/invoices, POST} route[39m[38;5;3m +0ms[39m
[32m[Nest] 27404  - [39m08/14/2026, 2:24:20 PM [32m    LOG[39m [38;5;3m[RouterExplorer] [39m[32mMapped {/api/v1/tenant-admin/finance/billable-tasks, GET} route[39m[38;5;3m +0ms[39m
[32m[Nest] 27404  - [39m08/14/2026, 2:24:20 PM [32m    LOG[39m [38;5;3m[RouterExplorer] [39m[32mMapped {/api/v1/tenant-admin/finance/invoices/from-task, POST} route[39m[38;5;3m +0ms[39m
[32m[Nest] 27404  - [39m08/14/2026, 2:24:20 PM [32m    LOG[39m [38;5;3m[RouterExplorer] [39m[32mMapped {/api/v1/tenant-admin/finance/invoices/:invoiceId/send, POST} route[39m[38;5;3m +1ms[39m
[32m[Nest] 27404  - [39m08/14/2026, 2:24:20 PM [32m    LOG[39m [38;5;3m[RoutesResolver] [39m[32mTenantAdminNotificationsController {/api/v1/tenant-admin/notifications}:[39m[38;5;3m +0ms[39m
[32m[Nest] 27404  - [39m08/14/2026, 2:24:20 PM [32m    LOG[39m [38;5;3m[RouterExplorer] [39m[32mMapped {/api/v1/tenant-admin/notifications, GET} route[39m[38;5;3m +0ms[39m
[32m[Nest] 27404  - [39m08/14/2026, 2:24:20 PM [32m    LOG[39m [38;5;3m[RouterExplorer] [39m[32mMapped {/api/v1/tenant-admin/notifications/unread-count, GET} route[39m[38;5;3m +0ms[39m
[32m[Nest] 27404  - [39m08/14/2026, 2:24:20 PM [32m    LOG[39m [38;5;3m[RouterExplorer] [39m[32mMapped {/api/v1/tenant-admin/notifications/:notificationId/read, PATCH} route[39m[38;5;3m +0ms[39m
[32m[Nest] 27404  - [39m08/14/2026, 2:24:20 PM [32m    LOG[39m [38;5;3m[RouterExplorer] [39m[32mMapped {/api/v1/tenant-admin/notifications/read-all, PATCH} route[39m[38;5;3m +0ms[39m
[32m[Nest] 27404  - [39m08/14/2026, 2:24:20 PM [32m    LOG[39m [38;5;3m[RoutesResolver] [39m[32mTenantAdminServicesController {/api/v1/tenant-admin/services}:[39m[38;5;3m +0ms[39m
[32m[Nest] 27404  - [39m08/14/2026, 2:24:20 PM [32m    LOG[39m [38;5;3m[RouterExplorer] [39m[32mMapped {/api/v1/tenant-admin/services, GET} route[39m[38;5;3m +0ms[39m
[32m[Nest] 27404  - [39m08/14/2026, 2:24:20 PM [32m    LOG[39m [38;5;3m[RouterExplorer] [39m[32mMapped {/api/v1/tenant-admin/services, POST} route[39m[38;5;3m +0ms[39m
[32m[Nest] 27404  - [39m08/14/2026, 2:24:20 PM [32m    LOG[39m [38;5;3m[RoutesResolver] [39m[32mTenantAdminTasksController {/api/v1/tenant-admin/tasks}:[39m[38;5;3m +0ms[39m
[32m[Nest] 27404  - [39m08/14/2026, 2:24:20 PM [32m    LOG[39m [38;5;3m[RouterExplorer] [39m[32mMapped {/api/v1/tenant-admin/tasks/options, GET} route[39m[38;5;3m +0ms[39m
[32m[Nest] 27404  - [39m08/14/2026, 2:24:20 PM [32m    LOG[39m [38;5;3m[RouterExplorer] [39m[32mMapped {/api/v1/tenant-admin/tasks, GET} route[39m[38;5;3m +0ms[39m
[32m[Nest] 27404  - [39m08/14/2026, 2:24:20 PM [32m    LOG[39m [38;5;3m[RouterExplorer] [39m[32mMapped {/api/v1/tenant-admin/tasks/:taskId/review-detail, GET} route[39m[38;5;3m +1ms[39m
[32m[Nest] 27404  - [39m08/14/2026, 2:24:20 PM [32m    LOG[39m [38;5;3m[RouterExplorer] [39m[32mMapped {/api/v1/tenant-admin/tasks, POST} route[39m[38;5;3m +0ms[39m
[32m[Nest] 27404  - [39m08/14/2026, 2:24:20 PM [32m    LOG[39m [38;5;3m[RouterExplorer] [39m[32mMapped {/api/v1/tenant-admin/tasks/:taskId/approval, POST} route[39m[38;5;3m +0ms[39m
[32m[Nest] 27404  - [39m08/14/2026, 2:24:20 PM [32m    LOG[39m [38;5;3m[RouterExplorer] [39m[32mMapped {/api/v1/tenant-admin/tasks/employees, POST} route[39m[38;5;3m +0ms[39m
[32m[Nest] 27404  - [39m08/14/2026, 2:24:20 PM [32m    LOG[39m [38;5;3m[RouterExplorer] [39m[32mMapped {/api/v1/tenant-admin/tasks/employees/email-availability, GET} route[39m[38;5;3m +0ms[39m
[32m[Nest] 27404  - [39m08/14/2026, 2:24:20 PM [32m    LOG[39m [38;5;3m[RouterExplorer] [39m[32mMapped {/api/v1/tenant-admin/tasks/employees, GET} route[39m[38;5;3m +0ms[39m
[32m[Nest] 27404  - [39m08/14/2026, 2:24:20 PM [32m    LOG[39m [38;5;3m[RouterExplorer] [39m[32mMapped {/api/v1/tenant-admin/tasks/departments, GET} route[39m[38;5;3m +0ms[39m
[32m[Nest] 27404  - [39m08/14/2026, 2:24:20 PM [32m    LOG[39m [38;5;3m[RouterExplorer] [39m[32mMapped {/api/v1/tenant-admin/tasks/departments, POST} route[39m[38;5;3m +0ms[39m
[32m[Nest] 27404  - [39m08/14/2026, 2:24:20 PM [32m    LOG[39m [38;5;3m[RouterExplorer] [39m[32mMapped {/api/v1/tenant-admin/tasks/employees/:employeeId/assignment, PATCH} route[39m[38;5;3m +0ms[39m
[32m[Nest] 27404  - [39m08/14/2026, 2:24:20 PM [32m    LOG[39m [38;5;3m[RouterExplorer] [39m[32mMapped {/api/v1/tenant-admin/tasks/employees/:employeeId/manager, PATCH} route[39m[38;5;3m +0ms[39m
[32m[Nest] 27404  - [39m08/14/2026, 2:24:20 PM [32m    LOG[39m [38;5;3m[RouterExplorer] [39m[32mMapped {/api/v1/tenant-admin/tasks/employees/:employeeId/manager, DELETE} route[39m[38;5;3m +0ms[39m
[32m[Nest] 27404  - [39m08/14/2026, 2:24:20 PM [32m    LOG[39m [38;5;3m[RouterExplorer] [39m[32mMapped {/api/v1/tenant-admin/tasks/employees/:employeeId/capacity, PATCH} route[39m[38;5;3m +0ms[39m
[32m[Nest] 27404  - [39m08/14/2026, 2:24:20 PM [32m    LOG[39m [38;5;3m[RouterExplorer] [39m[32mMapped {/api/v1/tenant-admin/tasks/work-groups, GET} route[39m[38;5;3m +0ms[39m
[32m[Nest] 27404  - [39m08/14/2026, 2:24:20 PM [32m    LOG[39m [38;5;3m[RouterExplorer] [39m[32mMapped {/api/v1/tenant-admin/tasks/work-groups, POST} route[39m[38;5;3m +1ms[39m
[32m[Nest] 27404  - [39m08/14/2026, 2:24:20 PM [32m    LOG[39m [38;5;3m[RouterExplorer] [39m[32mMapped {/api/v1/tenant-admin/tasks/work-groups/:workGroupId, PATCH} route[39m[38;5;3m +0ms[39m
[32m[Nest] 27404  - [39m08/14/2026, 2:24:20 PM [32m    LOG[39m [38;5;3m[RoutesResolver] [39m[32mTenantAnalyticsController {/api/v1/super-admin/tenant-analytics}:[39m[38;5;3m +0ms[39m
[32m[Nest] 27404  - [39m08/14/2026, 2:24:20 PM [32m    LOG[39m [38;5;3m[RouterExplorer] [39m[32mMapped {/api/v1/super-admin/tenant-analytics, GET} route[39m[38;5;3m +0ms[39m
[32m[Nest] 27404  - [39m08/14/2026, 2:24:20 PM [32m    LOG[39m [38;5;3m[TaskNotificationOutboxWorker] [39m[32m[Notifications] Task notification worker is running. It checks committed notifications every 500ms.[39m
[32m[Nest] 27404  - [39m08/14/2026, 2:24:20 PM [32m    LOG[39m [38;5;3m[NestApplication] [39m[32mNest application successfully started[39m[38;5;3m +0ms[39m
2:28:26 PM [tsx] change in ./src\platform\employee-documents.dto.ts Restarting...
2:28:27 PM [tsx] change in ./src\platform\employee-documents.repository.ts Restarting...
{"level":30,"time":1786697915748,"service":"SaaS App Backend","environment":"development","msg":"Server listening at http://127.0.0.1:4000"}
[32m[Nest] 9040  - [39m08/14/2026, 2:28:35 PM [32m    LOG[39m [38;5;3m[NestFactory] [39m[32mStarting Nest application...[39m
[32m[Nest] 9040  - [39m08/14/2026, 2:28:35 PM [32m    LOG[39m [38;5;3m[InstanceLoader] [39m[32mAppConfigModule dependencies initialized[39m[38;5;3m +1ms[39m
[32m[Nest] 9040  - [39m08/14/2026, 2:28:35 PM [32m    LOG[39m [38;5;3m[InstanceLoader] [39m[32mAppConfigModule dependencies initialized[39m[38;5;3m +0ms[39m
[32m[Nest] 9040  - [39m08/14/2026, 2:28:35 PM [32m    LOG[39m [38;5;3m[InstanceLoader] [39m[32mCommonModule dependencies initialized[39m[38;5;3m +0ms[39m
[32m[Nest] 9040  - [39m08/14/2026, 2:28:35 PM [32m    LOG[39m [38;5;3m[InstanceLoader] [39m[32mAppModule dependencies initialized[39m[38;5;3m +1ms[39m
[32m[Nest] 9040  - [39m08/14/2026, 2:28:35 PM [32m    LOG[39m [38;5;3m[InstanceLoader] [39m[32mDatabaseModule dependencies initialized[39m[38;5;3m +0ms[39m
[32m[Nest] 9040  - [39m08/14/2026, 2:28:35 PM [32m    LOG[39m [38;5;3m[InstanceLoader] [39m[32mHealthModule dependencies initialized[39m[38;5;3m +0ms[39m
[32m[Nest] 9040  - [39m08/14/2026, 2:28:35 PM [32m    LOG[39m [38;5;3m[InstanceLoader] [39m[32mAuthModule dependencies initialized[39m[38;5;3m +0ms[39m
[32m[Nest] 9040  - [39m08/14/2026, 2:28:35 PM [32m    LOG[39m [38;5;3m[InstanceLoader] [39m[32mPlatformModule dependencies initialized[39m[38;5;3m +0ms[39m
[32m[Nest] 9040  - [39m08/14/2026, 2:28:35 PM [32m    LOG[39m [38;5;3m[RoutesResolver] [39m[32mHealthController {/api/v1/health}:[39m[38;5;3m +0ms[39m
[32m[Nest] 9040  - [39m08/14/2026, 2:28:35 PM [32m    LOG[39m [38;5;3m[RouterExplorer] [39m[32mMapped {/api/v1/health/live, GET} route[39m[38;5;3m +0ms[39m
[32m[Nest] 9040  - [39m08/14/2026, 2:28:35 PM [32m    LOG[39m [38;5;3m[RouterExplorer] [39m[32mMapped {/api/v1/health/ready, GET} route[39m[38;5;3m +0ms[39m
[32m[Nest] 9040  - [39m08/14/2026, 2:28:35 PM [32m    LOG[39m [38;5;3m[RoutesResolver] [39m[32mMeController {/api/v1/me}:[39m[38;5;3m +0ms[39m
[32m[Nest] 9040  - [39m08/14/2026, 2:28:35 PM [32m    LOG[39m [38;5;3m[RouterExplorer] [39m[32mMapped {/api/v1/me, GET} route[39m[38;5;3m +1ms[39m
[32m[Nest] 9040  - [39m08/14/2026, 2:28:35 PM [32m    LOG[39m [38;5;3m[RouterExplorer] [39m[32mMapped {/api/v1/me/profile, PATCH} route[39m[38;5;3m +0ms[39m
[32m[Nest] 9040  - [39m08/14/2026, 2:28:35 PM [32m    LOG[39m [38;5;3m[RouterExplorer] [39m[32mMapped {/api/v1/me/preferences, PATCH} route[39m[38;5;3m +0ms[39m
[32m[Nest] 9040  - [39m08/14/2026, 2:28:35 PM [32m    LOG[39m [38;5;3m[RoutesResolver] [39m[32mAccessAdminController {/api/v1}:[39m[38;5;3m +0ms[39m
[32m[Nest] 9040  - [39m08/14/2026, 2:28:35 PM [32m    LOG[39m [38;5;3m[RouterExplorer] [39m[32mMapped {/api/v1/super-admin/tenant-creation-options, GET} route[39m[38;5;3m +0ms[39m
[32m[Nest] 9040  - [39m08/14/2026, 2:28:35 PM [32m    LOG[39m [38;5;3m[RouterExplorer] [39m[32mMapped {/api/v1/super-admin/tenants, GET} route[39m[38;5;3m +0ms[39m
[32m[Nest] 9040  - [39m08/14/2026, 2:28:35 PM [32m    LOG[39m [38;5;3m[RouterExplorer] [39m[32mMapped {/api/v1/super-admin/users/email-availability, GET} route[39m[38;5;3m +0ms[39m
[32m[Nest] 9040  - [39m08/14/2026, 2:28:35 PM [32m    LOG[39m [38;5;3m[RouterExplorer] [39m[32mMapped {/api/v1/super-admin/tenant-list-filters, GET} route[39m[38;5;3m +0ms[39m
[32m[Nest] 9040  - [39m08/14/2026, 2:28:35 PM [32m    LOG[39m [38;5;3m[RouterExplorer] [39m[32mMapped {/api/v1/super-admin/tenants/:tenantId, GET} route[39m[38;5;3m +0ms[39m
[32m[Nest] 9040  - [39m08/14/2026, 2:28:35 PM [32m    LOG[39m [38;5;3m[RouterExplorer] [39m[32mMapped {/api/v1/super-admin/tenants/:tenantId/status, PATCH} route[39m[38;5;3m +1ms[39m
[32m[Nest] 9040  - [39m08/14/2026, 2:28:35 PM [32m    LOG[39m [38;5;3m[RouterExplorer] [39m[32mMapped {/api/v1/super-admin/tenants/:tenantId/password, POST} route[39m[38;5;3m +0ms[39m
[32m[Nest] 9040  - [39m08/14/2026, 2:28:35 PM [32m    LOG[39m [38;5;3m[RouterExplorer] [39m[32mMapped {/api/v1/super-admin/tenants, POST} route[39m[38;5;3m +0ms[39m
[32m[Nest] 9040  - [39m08/14/2026, 2:28:35 PM [32m    LOG[39m [38;5;3m[RouterExplorer] [39m[32mMapped {/api/v1/invitations, POST} route[39m[38;5;3m +0ms[39m
[32m[Nest] 9040  - [39m08/14/2026, 2:28:35 PM [32m    LOG[39m [38;5;3m[RouterExplorer] [39m[32mMapped {/api/v1/invitations/:invitationId/cancel, POST} route[39m[38;5;3m +0ms[39m
[32m[Nest] 9040  - [39m08/14/2026, 2:28:35 PM [32m    LOG[39m [38;5;3m[RouterExplorer] [39m[32mMapped {/api/v1/invitations/:invitationId/revoke, POST} route[39m[38;5;3m +0ms[39m
[32m[Nest] 9040  - [39m08/14/2026, 2:28:35 PM [32m    LOG[39m [38;5;3m[RouterExplorer] [39m[32mMapped {/api/v1/invitations/:invitationId/accept, POST} route[39m[38;5;3m +0ms[39m
[32m[Nest] 9040  - [39m08/14/2026, 2:28:35 PM [32m    LOG[39m [38;5;3m[RouterExplorer] [39m[32mMapped {/api/v1/memberships/:membershipId/revoke, POST} route[39m[38;5;3m +0ms[39m
[32m[Nest] 9040  - [39m08/14/2026, 2:28:35 PM [32m    LOG[39m [38;5;3m[RouterExplorer] [39m[32mMapped {/api/v1/memberships/:membershipId/reactivate, POST} route[39m[38;5;3m +0ms[39m
[32m[Nest] 9040  - [39m08/14/2026, 2:28:35 PM [32m    LOG[39m [38;5;3m[RoutesResolver] [39m[32mPortalAuthController {/api/v1/auth}:[39m[38;5;3m +0ms[39m
[32m[Nest] 9040  - [39m08/14/2026, 2:28:35 PM [32m    LOG[39m [38;5;3m[RouterExplorer] [39m[32mMapped {/api/v1/auth/super-admin/login, POST} route[39m[38;5;3m +0ms[39m
[32m[Nest] 9040  - [39m08/14/2026, 2:28:35 PM [32m    LOG[39m [38;5;3m[RouterExplorer] [39m[32mMapped {/api/v1/auth/tenant/login, POST} route[39m[38;5;3m +1ms[39m
[32m[Nest] 9040  - [39m08/14/2026, 2:28:35 PM [32m    LOG[39m [38;5;3m[RouterExplorer] [39m[32mMapped {/api/v1/auth/employee/login, POST} route[39m[38;5;3m +0ms[39m
[32m[Nest] 9040  - [39m08/14/2026, 2:28:35 PM [32m    LOG[39m [38;5;3m[RouterExplorer] [39m[32mMapped {/api/v1/auth/client/login, POST} route[39m[38;5;3m +0ms[39m
[32m[Nest] 9040  - [39m08/14/2026, 2:28:35 PM [32m    LOG[39m [38;5;3m[RouterExplorer] [39m[32mMapped {/api/v1/auth/super-admin/session, GET} route[39m[38;5;3m +0ms[39m
[32m[Nest] 9040  - [39m08/14/2026, 2:28:35 PM [32m    LOG[39m [38;5;3m[RouterExplorer] [39m[32mMapped {/api/v1/auth/tenant/session, GET} route[39m[38;5;3m +0ms[39m
[32m[Nest] 9040  - [39m08/14/2026, 2:28:35 PM [32m    LOG[39m [38;5;3m[RouterExplorer] [39m[32mMapped {/api/v1/auth/employee/session, GET} route[39m[38;5;3m +0ms[39m
[32m[Nest] 9040  - [39m08/14/2026, 2:28:35 PM [32m    LOG[39m [38;5;3m[RouterExplorer] [39m[32mMapped {/api/v1/auth/client/session, GET} route[39m[38;5;3m +0ms[39m
[32m[Nest] 9040  - [39m08/14/2026, 2:28:35 PM [32m    LOG[39m [38;5;3m[RouterExplorer] [39m[32mMapped {/api/v1/auth/super-admin/logout, POST} route[39m[38;5;3m +0ms[39m
[32m[Nest] 9040  - [39m08/14/2026, 2:28:35 PM [32m    LOG[39m [38;5;3m[RouterExplorer] [39m[32mMapped {/api/v1/auth/tenant/logout, POST} route[39m[38;5;3m +0ms[39m
[32m[Nest] 9040  - [39m08/14/2026, 2:28:35 PM [32m    LOG[39m [38;5;3m[RouterExplorer] [39m[32mMapped {/api/v1/auth/employee/logout, POST} route[39m[38;5;3m +0ms[39m
[32m[Nest] 9040  - [39m08/14/2026, 2:28:35 PM [32m    LOG[39m [38;5;3m[RouterExplorer] [39m[32mMapped {/api/v1/auth/client/logout, POST} route[39m[38;5;3m +0ms[39m
[32m[Nest] 9040  - [39m08/14/2026, 2:28:35 PM [32m    LOG[39m [38;5;3m[RoutesResolver] [39m[32mSuperAdminAuditLogController {/api/v1/super-admin/audit-log}:[39m[38;5;3m +0ms[39m
[32m[Nest] 9040  - [39m08/14/2026, 2:28:35 PM [32m    LOG[39m [38;5;3m[RouterExplorer] [39m[32mMapped {/api/v1/super-admin/audit-log, GET} route[39m[38;5;3m +0ms[39m
[32m[Nest] 9040  - [39m08/14/2026, 2:28:35 PM [32m    LOG[39m [38;5;3m[RoutesResolver] [39m[32mSuperAdminDashboardController {/api/v1/super-admin}:[39m[38;5;3m +1ms[39m
[32m[Nest] 9040  - [39m08/14/2026, 2:28:35 PM [32m    LOG[39m [38;5;3m[RouterExplorer] [39m[32mMapped {/api/v1/super-admin/dashboard, GET} route[39m[38;5;3m +0ms[39m
[32m[Nest] 9040  - [39m08/14/2026, 2:28:35 PM [32m    LOG[39m [38;5;3m[RouterExplorer] [39m[32mMapped {/api/v1/super-admin/alerts/:alertId/view, PATCH} route[39m[38;5;3m +0ms[39m
[32m[Nest] 9040  - [39m08/14/2026, 2:28:35 PM [32m    LOG[39m [38;5;3m[RouterExplorer] [39m[32mMapped {/api/v1/super-admin/alerts/:alertId/reviews, POST} route[39m[38;5;3m +0ms[39m
[32m[Nest] 9040  - [39m08/14/2026, 2:28:35 PM [32m    LOG[39m [38;5;3m[RouterExplorer] [39m[32mMapped {/api/v1/super-admin/tenant-reviews/:reviewId, PATCH} route[39m[38;5;3m +0ms[39m
[32m[Nest] 9040  - [39m08/14/2026, 2:28:35 PM [32m    LOG[39m [38;5;3m[RoutesResolver] [39m[32mSuperAdminSearchController {/api/v1/super-admin}:[39m[38;5;3m +0ms[39m
[32m[Nest] 9040  - [39m08/14/2026, 2:28:35 PM [32m    LOG[39m [38;5;3m[RouterExplorer] [39m[32mMapped {/api/v1/super-admin/search, GET} route[39m[38;5;3m +0ms[39m
[32m[Nest] 9040  - [39m08/14/2026, 2:28:35 PM [32m    LOG[39m [38;5;3m[RoutesResolver] [39m[32mSuperAdminNotificationsController {/api/v1/super-admin/notifications}:[39m[38;5;3m +0ms[39m
[32m[Nest] 9040  - [39m08/14/2026, 2:28:35 PM [32m    LOG[39m [38;5;3m[RouterExplorer] [39m[32mMapped {/api/v1/super-admin/notifications, GET} route[39m[38;5;3m +0ms[39m
[32m[Nest] 9040  - [39m08/14/2026, 2:28:35 PM [32m    LOG[39m [38;5;3m[RouterExplorer] [39m[32mMapped {/api/v1/super-admin/notifications/unread-count, GET} route[39m[38;5;3m +0ms[39m
[32m[Nest] 9040  - [39m08/14/2026, 2:28:35 PM [32m    LOG[39m [38;5;3m[RouterExplorer] [39m[32mMapped {/api/v1/super-admin/notifications/:notificationId/read, PATCH} route[39m[38;5;3m +0ms[39m
[32m[Nest] 9040  - [39m08/14/2026, 2:28:35 PM [32m    LOG[39m [38;5;3m[RouterExplorer] [39m[32mMapped {/api/v1/super-admin/notifications/read-all, PATCH} route[39m[38;5;3m +0ms[39m
[32m[Nest] 9040  - [39m08/14/2026, 2:28:35 PM [32m    LOG[39m [38;5;3m[RoutesResolver] [39m[32mSuperAdminPlatformConfigurationController {/api/v1/super-admin/platform-configuration}:[39m[38;5;3m +0ms[39m
[32m[Nest] 9040  - [39m08/14/2026, 2:28:35 PM [32m    LOG[39m [38;5;3m[RouterExplorer] [39m[32mMapped {/api/v1/super-admin/platform-configuration, GET} route[39m[38;5;3m +1ms[39m
[32m[Nest] 9040  - [39m08/14/2026, 2:28:35 PM [32m    LOG[39m [38;5;3m[RouterExplorer] [39m[32mMapped {/api/v1/super-admin/platform-configuration, PATCH} route[39m[38;5;3m +0ms[39m
[32m[Nest] 9040  - [39m08/14/2026, 2:28:35 PM [32m    LOG[39m [38;5;3m[RoutesResolver] [39m[32mClientPortalDashboardController {/api/v1/client-portal/dashboard}:[39m[38;5;3m +0ms[39m
[32m[Nest] 9040  - [39m08/14/2026, 2:28:35 PM [32m    LOG[39m [38;5;3m[RouterExplorer] [39m[32mMapped {/api/v1/client-portal/dashboard, GET} route[39m[38;5;3m +0ms[39m
[32m[Nest] 9040  - [39m08/14/2026, 2:28:35 PM [32m    LOG[39m [38;5;3m[RoutesResolver] [39m[32mClientPortalDeliverablesController {/api/v1/client-portal/deliverables}:[39m[38;5;3m +0ms[39m
[32m[Nest] 9040  - [39m08/14/2026, 2:28:35 PM [32m    LOG[39m [38;5;3m[RouterExplorer] [39m[32mMapped {/api/v1/client-portal/deliverables, GET} route[39m[38;5;3m +0ms[39m
[32m[Nest] 9040  - [39m08/14/2026, 2:28:35 PM [32m    LOG[39m [38;5;3m[RouterExplorer] [39m[32mMapped {/api/v1/client-portal/deliverables/:documentId/decision, POST} route[39m[38;5;3m +0ms[39m
[32m[Nest] 9040  - [39m08/14/2026, 2:28:35 PM [32m    LOG[39m [38;5;3m[RouterExplorer] [39m[32mMapped {/api/v1/client-portal/deliverables/:documentId/download, GET} route[39m[38;5;3m +0ms[39m
[32m[Nest] 9040  - [39m08/14/2026, 2:28:35 PM [32m    LOG[39m [38;5;3m[RoutesResolver] [39m[32mClientPortalNotificationsController {/api/v1/client-portal/notifications}:[39m[38;5;3m +0ms[39m
[32m[Nest] 9040  - [39m08/14/2026, 2:28:35 PM [32m    LOG[39m [38;5;3m[RouterExplorer] [39m[32mMapped {/api/v1/client-portal/notifications, GET} route[39m[38;5;3m +0ms[39m
[32m[Nest] 9040  - [39m08/14/2026, 2:28:35 PM [32m    LOG[39m [38;5;3m[RoutesResolver] [39m[32mClientPortalProfileController {/api/v1/client-portal/profile}:[39m[38;5;3m +0ms[39m
[32m[Nest] 9040  - [39m08/14/2026, 2:28:35 PM [32m    LOG[39m [38;5;3m[RouterExplorer] [39m[32mMapped {/api/v1/client-portal/profile, GET} route[39m[38;5;3m +0ms[39m
[32m[Nest] 9040  - [39m08/14/2026, 2:28:35 PM [32m    LOG[39m [38;5;3m[RouterExplorer] [39m[32mMapped {/api/v1/client-portal/profile, PATCH} route[39m[38;5;3m +0ms[39m
[32m[Nest] 9040  - [39m08/14/2026, 2:28:35 PM [32m    LOG[39m [38;5;3m[RoutesResolver] [39m[32mClientPortalRequestsController {/api/v1/client-portal/requests}:[39m[38;5;3m +1ms[39m
[32m[Nest] 9040  - [39m08/14/2026, 2:28:35 PM [32m    LOG[39m [38;5;3m[RouterExplorer] [39m[32mMapped {/api/v1/client-portal/requests/options, GET} route[39m[38;5;3m +0ms[39m
[32m[Nest] 9040  - [39m08/14/2026, 2:28:35 PM [32m    LOG[39m [38;5;3m[RouterExplorer] [39m[32mMapped {/api/v1/client-portal/requests, POST} route[39m[38;5;3m +0ms[39m
[32m[Nest] 9040  - [39m08/14/2026, 2:28:35 PM [32m    LOG[39m [38;5;3m[RoutesResolver] [39m[32mEmployeeDashboardController {/api/v1/employee/dashboard}:[39m[38;5;3m +0ms[39m
[32m[Nest] 9040  - [39m08/14/2026, 2:28:35 PM [32m    LOG[39m [38;5;3m[RouterExplorer] [39m[32mMapped {/api/v1/employee/dashboard, GET} route[39m[38;5;3m +0ms[39m
[32m[Nest] 9040  - [39m08/14/2026, 2:28:35 PM [32m    LOG[39m [38;5;3m[RoutesResolver] [39m[32mEmployeeDocumentsController {/api/v1/employee/documents}:[39m[38;5;3m +0ms[39m
[32m[Nest] 9040  - [39m08/14/2026, 2:28:35 PM [32m    LOG[39m [38;5;3m[RouterExplorer] [39m[32mMapped {/api/v1/employee/documents/options, GET} route[39m[38;5;3m +0ms[39m
[32m[Nest] 9040  - [39m08/14/2026, 2:28:35 PM [32m    LOG[39m [38;5;3m[RouterExplorer] [39m[32mMapped {/api/v1/employee/documents, GET} route[39m[38;5;3m +0ms[39m
[32m[Nest] 9040  - [39m08/14/2026, 2:28:35 PM [32m    LOG[39m [38;5;3m[RouterExplorer] [39m[32mMapped {/api/v1/employee/documents, POST} route[39m[38;5;3m +0ms[39m
[32m[Nest] 9040  - [39m08/14/2026, 2:28:35 PM [32m    LOG[39m [38;5;3m[RouterExplorer] [39m[32mMapped {/api/v1/employee/documents/upload-url, POST} route[39m[38;5;3m +0ms[39m
[32m[Nest] 9040  - [39m08/14/2026, 2:28:35 PM [32m    LOG[39m [38;5;3m[RouterExplorer] [39m[32mMapped {/api/v1/employee/documents/:documentId/download, GET} route[39m[38;5;3m +0ms[39m
[32m[Nest] 9040  - [39m08/14/2026, 2:28:35 PM [32m    LOG[39m [38;5;3m[RoutesResolver] [39m[32mEmployeeManagerController {/api/v1/employee/manager}:[39m[38;5;3m +0ms[39m
[32m[Nest] 9040  - [39m08/14/2026, 2:28:35 PM [32m    LOG[39m [38;5;3m[RouterExplorer] [39m[32mMapped {/api/v1/employee/manager/clients, GET} route[39m[38;5;3m +0ms[39m
[32m[Nest] 9040  - [39m08/14/2026, 2:28:35 PM [32m    LOG[39m [38;5;3m[RouterExplorer] [39m[32mMapped {/api/v1/employee/manager/task-options, GET} route[39m[38;5;3m +1ms[39m
[32m[Nest] 9040  - [39m08/14/2026, 2:28:35 PM [32m    LOG[39m [38;5;3m[RouterExplorer] [39m[32mMapped {/api/v1/employee/manager/reviews, GET} route[39m[38;5;3m +0ms[39m
[32m[Nest] 9040  - [39m08/14/2026, 2:28:35 PM [32m    LOG[39m [38;5;3m[RouterExplorer] [39m[32mMapped {/api/v1/employee/manager/reviews/:taskId, GET} route[39m[38;5;3m +0ms[39m
[32m[Nest] 9040  - [39m08/14/2026, 2:28:35 PM [32m    LOG[39m [38;5;3m[RouterExplorer] [39m[32mMapped {/api/v1/employee/manager/tasks, POST} route[39m[38;5;3m +0ms[39m
[32m[Nest] 9040  - [39m08/14/2026, 2:28:35 PM [32m    LOG[39m [38;5;3m[RouterExplorer] [39m[32mMapped {/api/v1/employee/manager/reviews/:taskId, POST} route[39m[38;5;3m +0ms[39m
[32m[Nest] 9040  - [39m08/14/2026, 2:28:35 PM [32m    LOG[39m [38;5;3m[RoutesResolver] [39m[32mEmployeeNotificationsController {/api/v1/employee/notifications}:[39m[38;5;3m +0ms[39m
[32m[Nest] 9040  - [39m08/14/2026, 2:28:35 PM [32m    LOG[39m [38;5;3m[RouterExplorer] [39m[32mMapped {/api/v1/employee/notifications, GET} route[39m[38;5;3m +0ms[39m
[32m[Nest] 9040  - [39m08/14/2026, 2:28:35 PM [32m    LOG[39m [38;5;3m[RouterExplorer] [39m[32mMapped {/api/v1/employee/notifications/unread-count, GET} route[39m[38;5;3m +0ms[39m
[32m[Nest] 9040  - [39m08/14/2026, 2:28:35 PM [32m    LOG[39m [38;5;3m[RouterExplorer] [39m[32mMapped {/api/v1/employee/notifications/:notificationId/read, PATCH} route[39m[38;5;3m +0ms[39m
[32m[Nest] 9040  - [39m08/14/2026, 2:28:35 PM [32m    LOG[39m [38;5;3m[RouterExplorer] [39m[32mMapped {/api/v1/employee/notifications/read-all, PATCH} route[39m[38;5;3m +0ms[39m
[32m[Nest] 9040  - [39m08/14/2026, 2:28:35 PM [32m    LOG[39m [38;5;3m[RoutesResolver] [39m[32mEmployeeProfileController {/api/v1/employee/profile}:[39m[38;5;3m +0ms[39m
[32m[Nest] 9040  - [39m08/14/2026, 2:28:35 PM [32m    LOG[39m [38;5;3m[RouterExplorer] [39m[32mMapped {/api/v1/employee/profile, GET} route[39m[38;5;3m +0ms[39m
[32m[Nest] 9040  - [39m08/14/2026, 2:28:35 PM [32m    LOG[39m [38;5;3m[RoutesResolver] [39m[32mEmployeeTasksController {/api/v1/employee}:[39m[38;5;3m +0ms[39m
[32m[Nest] 9040  - [39m08/14/2026, 2:28:35 PM [32m    LOG[39m [38;5;3m[RouterExplorer] [39m[32mMapped {/api/v1/employee/tasks, GET} route[39m[38;5;3m +0ms[39m
[32m[Nest] 9040  - [39m08/14/2026, 2:28:35 PM [32m    LOG[39m [38;5;3m[RouterExplorer] [39m[32mMapped {/api/v1/employee/work-logs, GET} route[39m[38;5;3m +1ms[39m
[32m[Nest] 9040  - [39m08/14/2026, 2:28:35 PM [32m    LOG[39m [38;5;3m[RouterExplorer] [39m[32mMapped {/api/v1/employee/tasks/:taskId/start, POST} route[39m[38;5;3m +0ms[39m
[32m[Nest] 9040  - [39m08/14/2026, 2:28:35 PM [32m    LOG[39m [38;5;3m[RouterExplorer] [39m[32mMapped {/api/v1/employee/tasks/:taskId/pause, POST} route[39m[38;5;3m +0ms[39m
[32m[Nest] 9040  - [39m08/14/2026, 2:28:35 PM [32m    LOG[39m [38;5;3m[RouterExplorer] [39m[32mMapped {/api/v1/employee/tasks/:taskId/resume, POST} route[39m[38;5;3m +0ms[39m
[32m[Nest] 9040  - [39m08/14/2026, 2:28:35 PM [32m    LOG[39m [38;5;3m[RouterExplorer] [39m[32mMapped {/api/v1/employee/tasks/:taskId/submit, POST} route[39m[38;5;3m +0ms[39m
[32m[Nest] 9040  - [39m08/14/2026, 2:28:35 PM [32m    LOG[39m [38;5;3m[RoutesResolver] [39m[32mTenantAdminDashboardController {/api/v1/tenant-admin/dashboard}:[39m[38;5;3m +0ms[39m
[32m[Nest] 9040  - [39m08/14/2026, 2:28:35 PM [32m    LOG[39m [38;5;3m[RouterExplorer] [39m[32mMapped {/api/v1/tenant-admin/dashboard, GET} route[39m[38;5;3m +0ms[39m
[32m[Nest] 9040  - [39m08/14/2026, 2:28:35 PM [32m    LOG[39m [38;5;3m[RouterExplorer] [39m[32mMapped {/api/v1/tenant-admin/dashboard/profile, GET} route[39m[38;5;3m +0ms[39m
[32m[Nest] 9040  - [39m08/14/2026, 2:28:35 PM [32m    LOG[39m [38;5;3m[RouterExplorer] [39m[32mMapped {/api/v1/tenant-admin/dashboard/profile, PATCH} route[39m[38;5;3m +0ms[39m
[32m[Nest] 9040  - [39m08/14/2026, 2:28:35 PM [32m    LOG[39m [38;5;3m[RoutesResolver] [39m[32mTenantAdminClientsController {/api/v1/tenant-admin/clients}:[39m[38;5;3m +0ms[39m
[32m[Nest] 9040  - [39m08/14/2026, 2:28:35 PM [32m    LOG[39m [38;5;3m[RouterExplorer] [39m[32mMapped {/api/v1/tenant-admin/clients, GET} route[39m[38;5;3m +0ms[39m
[32m[Nest] 9040  - [39m08/14/2026, 2:28:35 PM [32m    LOG[39m [38;5;3m[RouterExplorer] [39m[32mMapped {/api/v1/tenant-admin/clients, POST} route[39m[38;5;3m +0ms[39m
[32m[Nest] 9040  - [39m08/14/2026, 2:28:35 PM [32m    LOG[39m [38;5;3m[RouterExplorer] [39m[32mMapped {/api/v1/tenant-admin/clients/:clientRef, GET} route[39m[38;5;3m +1ms[39m
[32m[Nest] 9040  - [39m08/14/2026, 2:28:35 PM [32m    LOG[39m [38;5;3m[RouterExplorer] [39m[32mMapped {/api/v1/tenant-admin/clients/:clientRef, DELETE} route[39m[38;5;3m +0ms[39m
[32m[Nest] 9040  - [39m08/14/2026, 2:28:35 PM [32m    LOG[39m [38;5;3m[RouterExplorer] [39m[32mMapped {/api/v1/tenant-admin/clients/:clientRef/contacts, POST} route[39m[38;5;3m +0ms[39m
[32m[Nest] 9040  - [39m08/14/2026, 2:28:35 PM [32m    LOG[39m [38;5;3m[RouterExplorer] [39m[32mMapped {/api/v1/tenant-admin/clients/:clientRef/contacts/:contactId, PATCH} route[39m[38;5;3m +0ms[39m
[32m[Nest] 9040  - [39m08/14/2026, 2:28:35 PM [32m    LOG[39m [38;5;3m[RoutesResolver] [39m[32mTenantAdminEmployeePerformanceController {/api/v1/tenant-admin/employee-performance}:[39m[38;5;3m +0ms[39m
[32m[Nest] 9040  - [39m08/14/2026, 2:28:35 PM [32m    LOG[39m [38;5;3m[RouterExplorer] [39m[32mMapped {/api/v1/tenant-admin/employee-performance, GET} route[39m[38;5;3m +0ms[39m
[32m[Nest] 9040  - [39m08/14/2026, 2:28:35 PM [32m    LOG[39m [38;5;3m[RouterExplorer] [39m[32mMapped {/api/v1/tenant-admin/employee-performance/:employeeId, GET} route[39m[38;5;3m +0ms[39m
[32m[Nest] 9040  - [39m08/14/2026, 2:28:35 PM [32m    LOG[39m [38;5;3m[RoutesResolver] [39m[32mTenantAdminFinanceController {/api/v1/tenant-admin/finance}:[39m[38;5;3m +0ms[39m
[32m[Nest] 9040  - [39m08/14/2026, 2:28:35 PM [32m    LOG[39m [38;5;3m[RouterExplorer] [39m[32mMapped {/api/v1/tenant-admin/finance/documents, GET} route[39m[38;5;3m +0ms[39m
[32m[Nest] 9040  - [39m08/14/2026, 2:28:35 PM [32m    LOG[39m [38;5;3m[RouterExplorer] [39m[32mMapped {/api/v1/tenant-admin/finance/documents, POST} route[39m[38;5;3m +0ms[39m
[32m[Nest] 9040  - [39m08/14/2026, 2:28:35 PM [32m    LOG[39m [38;5;3m[RouterExplorer] [39m[32mMapped {/api/v1/tenant-admin/finance/documents/upload-url, POST} route[39m[38;5;3m +0ms[39m
[32m[Nest] 9040  - [39m08/14/2026, 2:28:35 PM [32m    LOG[39m [38;5;3m[RouterExplorer] [39m[32mMapped {/api/v1/tenant-admin/finance/documents/:documentId/download, GET} route[39m[38;5;3m +0ms[39m
[32m[Nest] 9040  - [39m08/14/2026, 2:28:35 PM [32m    LOG[39m [38;5;3m[RouterExplorer] [39m[32mMapped {/api/v1/tenant-admin/finance/invoices, GET} route[39m[38;5;3m +0ms[39m
[32m[Nest] 9040  - [39m08/14/2026, 2:28:35 PM [32m    LOG[39m [38;5;3m[RouterExplorer] [39m[32mMapped {/api/v1/tenant-admin/finance/invoices, POST} route[39m[38;5;3m +1ms[39m
[32m[Nest] 9040  - [39m08/14/2026, 2:28:35 PM [32m    LOG[39m [38;5;3m[RouterExplorer] [39m[32mMapped {/api/v1/tenant-admin/finance/billable-tasks, GET} route[39m[38;5;3m +0ms[39m
[32m[Nest] 9040  - [39m08/14/2026, 2:28:35 PM [32m    LOG[39m [38;5;3m[RouterExplorer] [39m[32mMapped {/api/v1/tenant-admin/finance/invoices/from-task, POST} route[39m[38;5;3m +0ms[39m
[32m[Nest] 9040  - [39m08/14/2026, 2:28:35 PM [32m    LOG[39m [38;5;3m[RouterExplorer] [39m[32mMapped {/api/v1/tenant-admin/finance/invoices/:invoiceId/send, POST} route[39m[38;5;3m +0ms[39m
[32m[Nest] 9040  - [39m08/14/2026, 2:28:35 PM [32m    LOG[39m [38;5;3m[RoutesResolver] [39m[32mTenantAdminNotificationsController {/api/v1/tenant-admin/notifications}:[39m[38;5;3m +0ms[39m
[32m[Nest] 9040  - [39m08/14/2026, 2:28:35 PM [32m    LOG[39m [38;5;3m[RouterExplorer] [39m[32mMapped {/api/v1/tenant-admin/notifications, GET} route[39m[38;5;3m +0ms[39m
[32m[Nest] 9040  - [39m08/14/2026, 2:28:35 PM [32m    LOG[39m [38;5;3m[RouterExplorer] [39m[32mMapped {/api/v1/tenant-admin/notifications/unread-count, GET} route[39m[38;5;3m +1ms[39m
[32m[Nest] 9040  - [39m08/14/2026, 2:28:35 PM [32m    LOG[39m [38;5;3m[RouterExplorer] [39m[32mMapped {/api/v1/tenant-admin/notifications/:notificationId/read, PATCH} route[39m[38;5;3m +0ms[39m
[32m[Nest] 9040  - [39m08/14/2026, 2:28:35 PM [32m    LOG[39m [38;5;3m[RouterExplorer] [39m[32mMapped {/api/v1/tenant-admin/notifications/read-all, PATCH} route[39m[38;5;3m +0ms[39m
[32m[Nest] 9040  - [39m08/14/2026, 2:28:35 PM [32m    LOG[39m [38;5;3m[RoutesResolver] [39m[32mTenantAdminServicesController {/api/v1/tenant-admin/services}:[39m[38;5;3m +0ms[39m
[32m[Nest] 9040  - [39m08/14/2026, 2:28:35 PM [32m    LOG[39m [38;5;3m[RouterExplorer] [39m[32mMapped {/api/v1/tenant-admin/services, GET} route[39m[38;5;3m +0ms[39m
[32m[Nest] 9040  - [39m08/14/2026, 2:28:35 PM [32m    LOG[39m [38;5;3m[RouterExplorer] [39m[32mMapped {/api/v1/tenant-admin/services, POST} route[39m[38;5;3m +0ms[39m
[32m[Nest] 9040  - [39m08/14/2026, 2:28:35 PM [32m    LOG[39m [38;5;3m[RoutesResolver] [39m[32mTenantAdminTasksController {/api/v1/tenant-admin/tasks}:[39m[38;5;3m +0ms[39m
[32m[Nest] 9040  - [39m08/14/2026, 2:28:35 PM [32m    LOG[39m [38;5;3m[RouterExplorer] [39m[32mMapped {/api/v1/tenant-admin/tasks/options, GET} route[39m[38;5;3m +1ms[39m
[32m[Nest] 9040  - [39m08/14/2026, 2:28:35 PM [32m    LOG[39m [38;5;3m[RouterExplorer] [39m[32mMapped {/api/v1/tenant-admin/tasks, GET} route[39m[38;5;3m +0ms[39m
[32m[Nest] 9040  - [39m08/14/2026, 2:28:35 PM [32m    LOG[39m [38;5;3m[RouterExplorer] [39m[32mMapped {/api/v1/tenant-admin/tasks/:taskId/review-detail, GET} route[39m[38;5;3m +0ms[39m
[32m[Nest] 9040  - [39m08/14/2026, 2:28:35 PM [32m    LOG[39m [38;5;3m[RouterExplorer] [39m[32mMapped {/api/v1/tenant-admin/tasks, POST} route[39m[38;5;3m +0ms[39m
[32m[Nest] 9040  - [39m08/14/2026, 2:28:35 PM [32m    LOG[39m [38;5;3m[RouterExplorer] [39m[32mMapped {/api/v1/tenant-admin/tasks/:taskId/approval, POST} route[39m[38;5;3m +0ms[39m
[32m[Nest] 9040  - [39m08/14/2026, 2:28:35 PM [32m    LOG[39m [38;5;3m[RouterExplorer] [39m[32mMapped {/api/v1/tenant-admin/tasks/employees, POST} route[39m[38;5;3m +0ms[39m
[32m[Nest] 9040  - [39m08/14/2026, 2:28:35 PM [32m    LOG[39m [38;5;3m[RouterExplorer] [39m[32mMapped {/api/v1/tenant-admin/tasks/employees/email-availability, GET} route[39m[38;5;3m +0ms[39m
[32m[Nest] 9040  - [39m08/14/2026, 2:28:35 PM [32m    LOG[39m [38;5;3m[RouterExplorer] [39m[32mMapped {/api/v1/tenant-admin/tasks/employees, GET} route[39m[38;5;3m +0ms[39m
[32m[Nest] 9040  - [39m08/14/2026, 2:28:35 PM [32m    LOG[39m [38;5;3m[RouterExplorer] [39m[32mMapped {/api/v1/tenant-admin/tasks/departments, GET} route[39m[38;5;3m +0ms[39m
[32m[Nest] 9040  - [39m08/14/2026, 2:28:35 PM [32m    LOG[39m [38;5;3m[RouterExplorer] [39m[32mMapped {/api/v1/tenant-admin/tasks/departments, POST} route[39m[38;5;3m +1ms[39m
[32m[Nest] 9040  - [39m08/14/2026, 2:28:35 PM [32m    LOG[39m [38;5;3m[RouterExplorer] [39m[32mMapped {/api/v1/tenant-admin/tasks/employees/:employeeId/assignment, PATCH} route[39m[38;5;3m +0ms[39m
[32m[Nest] 9040  - [39m08/14/2026, 2:28:35 PM [32m    LOG[39m [38;5;3m[RouterExplorer] [39m[32mMapped {/api/v1/tenant-admin/tasks/employees/:employeeId/manager, PATCH} route[39m[38;5;3m +0ms[39m
[32m[Nest] 9040  - [39m08/14/2026, 2:28:35 PM [32m    LOG[39m [38;5;3m[RouterExplorer] [39m[32mMapped {/api/v1/tenant-admin/tasks/employees/:employeeId/manager, DELETE} route[39m[38;5;3m +0ms[39m
[32m[Nest] 9040  - [39m08/14/2026, 2:28:35 PM [32m    LOG[39m [38;5;3m[RouterExplorer] [39m[32mMapped {/api/v1/tenant-admin/tasks/employees/:employeeId/capacity, PATCH} route[39m[38;5;3m +0ms[39m
[32m[Nest] 9040  - [39m08/14/2026, 2:28:35 PM [32m    LOG[39m [38;5;3m[RouterExplorer] [39m[32mMapped {/api/v1/tenant-admin/tasks/work-groups, GET} route[39m[38;5;3m +0ms[39m
[32m[Nest] 9040  - [39m08/14/2026, 2:28:35 PM [32m    LOG[39m [38;5;3m[RouterExplorer] [39m[32mMapped {/api/v1/tenant-admin/tasks/work-groups, POST} route[39m[38;5;3m +0ms[39m
[32m[Nest] 9040  - [39m08/14/2026, 2:28:35 PM [32m    LOG[39m [38;5;3m[RouterExplorer] [39m[32mMapped {/api/v1/tenant-admin/tasks/work-groups/:workGroupId, PATCH} route[39m[38;5;3m +0ms[39m
[32m[Nest] 9040  - [39m08/14/2026, 2:28:35 PM [32m    LOG[39m [38;5;3m[RoutesResolver] [39m[32mTenantAnalyticsController {/api/v1/super-admin/tenant-analytics}:[39m[38;5;3m +0ms[39m
[32m[Nest] 9040  - [39m08/14/2026, 2:28:35 PM [32m    LOG[39m [38;5;3m[RouterExplorer] [39m[32mMapped {/api/v1/super-admin/tenant-analytics, GET} route[39m[38;5;3m +0ms[39m
[32m[Nest] 9040  - [39m08/14/2026, 2:28:35 PM [32m    LOG[39m [38;5;3m[TaskNotificationOutboxWorker] [39m[32m[Notifications] Task notification worker is running. It checks committed notifications every 500ms.[39m
[32m[Nest] 9040  - [39m08/14/2026, 2:28:35 PM [32m    LOG[39m [38;5;3m[NestApplication] [39m[32mNest application successfully started[39m[38;5;3m +0ms[39m
{"level":30,"time":1786697915748,"service":"SaaS App Backend","environment":"development","msg":"Server listening at http://172.16.0.2:4000"}
{"level":30,"time":1786697915748,"service":"SaaS App Backend","environment":"development","msg":"Server listening at http://192.168.1.29:4000"}
3:06:22 PM [tsx] change in ./src\platform\tenant-admin-tasks.repository.ts Restarting...
3:06:22 PM [tsx] change in ./src\platform\employee-manager.service.ts Restarting...
{"level":30,"time":1786700191134,"service":"SaaS App Backend","environment":"development","msg":"Server listening at http://127.0.0.1:4000"}
[32m[Nest] 18332  - [39m08/14/2026, 3:06:31 PM [32m    LOG[39m [38;5;3m[NestFactory] [39m[32mStarting Nest application...[39m
[32m[Nest] 18332  - [39m08/14/2026, 3:06:31 PM [32m    LOG[39m [38;5;3m[InstanceLoader] [39m[32mAppConfigModule dependencies initialized[39m[38;5;3m +1ms[39m
[32m[Nest] 18332  - [39m08/14/2026, 3:06:31 PM [32m    LOG[39m [38;5;3m[InstanceLoader] [39m[32mAppConfigModule dependencies initialized[39m[38;5;3m +0ms[39m
[32m[Nest] 18332  - [39m08/14/2026, 3:06:31 PM [32m    LOG[39m [38;5;3m[InstanceLoader] [39m[32mCommonModule dependencies initialized[39m[38;5;3m +0ms[39m
[32m[Nest] 18332  - [39m08/14/2026, 3:06:31 PM [32m    LOG[39m [38;5;3m[InstanceLoader] [39m[32mAppModule dependencies initialized[39m[38;5;3m +0ms[39m
[32m[Nest] 18332  - [39m08/14/2026, 3:06:31 PM [32m    LOG[39m [38;5;3m[InstanceLoader] [39m[32mDatabaseModule dependencies initialized[39m[38;5;3m +1ms[39m
[32m[Nest] 18332  - [39m08/14/2026, 3:06:31 PM [32m    LOG[39m [38;5;3m[InstanceLoader] [39m[32mHealthModule dependencies initialized[39m[38;5;3m +0ms[39m
[32m[Nest] 18332  - [39m08/14/2026, 3:06:31 PM [32m    LOG[39m [38;5;3m[InstanceLoader] [39m[32mAuthModule dependencies initialized[39m[38;5;3m +0ms[39m
[32m[Nest] 18332  - [39m08/14/2026, 3:06:31 PM [32m    LOG[39m [38;5;3m[InstanceLoader] [39m[32mPlatformModule dependencies initialized[39m[38;5;3m +0ms[39m
[32m[Nest] 18332  - [39m08/14/2026, 3:06:31 PM [32m    LOG[39m [38;5;3m[RoutesResolver] [39m[32mHealthController {/api/v1/health}:[39m[38;5;3m +1ms[39m
[32m[Nest] 18332  - [39m08/14/2026, 3:06:31 PM [32m    LOG[39m [38;5;3m[RouterExplorer] [39m[32mMapped {/api/v1/health/live, GET} route[39m[38;5;3m +1ms[39m
[32m[Nest] 18332  - [39m08/14/2026, 3:06:31 PM [32m    LOG[39m [38;5;3m[RouterExplorer] [39m[32mMapped {/api/v1/health/ready, GET} route[39m[38;5;3m +0ms[39m
[32m[Nest] 18332  - [39m08/14/2026, 3:06:31 PM [32m    LOG[39m [38;5;3m[RoutesResolver] [39m[32mMeController {/api/v1/me}:[39m[38;5;3m +1ms[39m
[32m[Nest] 18332  - [39m08/14/2026, 3:06:31 PM [32m    LOG[39m [38;5;3m[RouterExplorer] [39m[32mMapped {/api/v1/me, GET} route[39m[38;5;3m +0ms[39m
[32m[Nest] 18332  - [39m08/14/2026, 3:06:31 PM [32m    LOG[39m [38;5;3m[RouterExplorer] [39m[32mMapped {/api/v1/me/profile, PATCH} route[39m[38;5;3m +1ms[39m
[32m[Nest] 18332  - [39m08/14/2026, 3:06:31 PM [32m    LOG[39m [38;5;3m[RouterExplorer] [39m[32mMapped {/api/v1/me/preferences, PATCH} route[39m[38;5;3m +0ms[39m
[32m[Nest] 18332  - [39m08/14/2026, 3:06:31 PM [32m    LOG[39m [38;5;3m[RoutesResolver] [39m[32mAccessAdminController {/api/v1}:[39m[38;5;3m +0ms[39m
[32m[Nest] 18332  - [39m08/14/2026, 3:06:31 PM [32m    LOG[39m [38;5;3m[RouterExplorer] [39m[32mMapped {/api/v1/super-admin/tenant-creation-options, GET} route[39m[38;5;3m +0ms[39m
[32m[Nest] 18332  - [39m08/14/2026, 3:06:31 PM [32m    LOG[39m [38;5;3m[RouterExplorer] [39m[32mMapped {/api/v1/super-admin/tenants, GET} route[39m[38;5;3m +1ms[39m
[32m[Nest] 18332  - [39m08/14/2026, 3:06:31 PM [32m    LOG[39m [38;5;3m[RouterExplorer] [39m[32mMapped {/api/v1/super-admin/users/email-availability, GET} route[39m[38;5;3m +0ms[39m
[32m[Nest] 18332  - [39m08/14/2026, 3:06:31 PM [32m    LOG[39m [38;5;3m[RouterExplorer] [39m[32mMapped {/api/v1/super-admin/tenant-list-filters, GET} route[39m[38;5;3m +0ms[39m
[32m[Nest] 18332  - [39m08/14/2026, 3:06:31 PM [32m    LOG[39m [38;5;3m[RouterExplorer] [39m[32mMapped {/api/v1/super-admin/tenants/:tenantId, GET} route[39m[38;5;3m +0ms[39m
[32m[Nest] 18332  - [39m08/14/2026, 3:06:31 PM [32m    LOG[39m [38;5;3m[RouterExplorer] [39m[32mMapped {/api/v1/super-admin/tenants/:tenantId/status, PATCH} route[39m[38;5;3m +0ms[39m
[32m[Nest] 18332  - [39m08/14/2026, 3:06:31 PM [32m    LOG[39m [38;5;3m[RouterExplorer] [39m[32mMapped {/api/v1/super-admin/tenants/:tenantId/password, POST} route[39m[38;5;3m +0ms[39m
[32m[Nest] 18332  - [39m08/14/2026, 3:06:31 PM [32m    LOG[39m [38;5;3m[RouterExplorer] [39m[32mMapped {/api/v1/super-admin/tenants, POST} route[39m[38;5;3m +1ms[39m
[32m[Nest] 18332  - [39m08/14/2026, 3:06:31 PM [32m    LOG[39m [38;5;3m[RouterExplorer] [39m[32mMapped {/api/v1/invitations, POST} route[39m[38;5;3m +0ms[39m
[32m[Nest] 18332  - [39m08/14/2026, 3:06:31 PM [32m    LOG[39m [38;5;3m[RouterExplorer] [39m[32mMapped {/api/v1/invitations/:invitationId/cancel, POST} route[39m[38;5;3m +0ms[39m
[32m[Nest] 18332  - [39m08/14/2026, 3:06:31 PM [32m    LOG[39m [38;5;3m[RouterExplorer] [39m[32mMapped {/api/v1/invitations/:invitationId/revoke, POST} route[39m[38;5;3m +0ms[39m
[32m[Nest] 18332  - [39m08/14/2026, 3:06:31 PM [32m    LOG[39m [38;5;3m[RouterExplorer] [39m[32mMapped {/api/v1/invitations/:invitationId/accept, POST} route[39m[38;5;3m +1ms[39m
[32m[Nest] 18332  - [39m08/14/2026, 3:06:31 PM [32m    LOG[39m [38;5;3m[RouterExplorer] [39m[32mMapped {/api/v1/memberships/:membershipId/revoke, POST} route[39m[38;5;3m +0ms[39m
[32m[Nest] 18332  - [39m08/14/2026, 3:06:31 PM [32m    LOG[39m [38;5;3m[RouterExplorer] [39m[32mMapped {/api/v1/memberships/:membershipId/reactivate, POST} route[39m[38;5;3m +0ms[39m
[32m[Nest] 18332  - [39m08/14/2026, 3:06:31 PM [32m    LOG[39m [38;5;3m[RoutesResolver] [39m[32mPortalAuthController {/api/v1/auth}:[39m[38;5;3m +0ms[39m
[32m[Nest] 18332  - [39m08/14/2026, 3:06:31 PM [32m    LOG[39m [38;5;3m[RouterExplorer] [39m[32mMapped {/api/v1/auth/super-admin/login, POST} route[39m[38;5;3m +0ms[39m
[32m[Nest] 18332  - [39m08/14/2026, 3:06:31 PM [32m    LOG[39m [38;5;3m[RouterExplorer] [39m[32mMapped {/api/v1/auth/tenant/login, POST} route[39m[38;5;3m +1ms[39m
[32m[Nest] 18332  - [39m08/14/2026, 3:06:31 PM [32m    LOG[39m [38;5;3m[RouterExplorer] [39m[32mMapped {/api/v1/auth/employee/login, POST} route[39m[38;5;3m +0ms[39m
[32m[Nest] 18332  - [39m08/14/2026, 3:06:31 PM [32m    LOG[39m [38;5;3m[RouterExplorer] [39m[32mMapped {/api/v1/auth/client/login, POST} route[39m[38;5;3m +0ms[39m
[32m[Nest] 18332  - [39m08/14/2026, 3:06:31 PM [32m    LOG[39m [38;5;3m[RouterExplorer] [39m[32mMapped {/api/v1/auth/super-admin/session, GET} route[39m[38;5;3m +0ms[39m
[32m[Nest] 18332  - [39m08/14/2026, 3:06:31 PM [32m    LOG[39m [38;5;3m[RouterExplorer] [39m[32mMapped {/api/v1/auth/tenant/session, GET} route[39m[38;5;3m +1ms[39m
[32m[Nest] 18332  - [39m08/14/2026, 3:06:31 PM [32m    LOG[39m [38;5;3m[RouterExplorer] [39m[32mMapped {/api/v1/auth/employee/session, GET} route[39m[38;5;3m +0ms[39m
[32m[Nest] 18332  - [39m08/14/2026, 3:06:31 PM [32m    LOG[39m [38;5;3m[RouterExplorer] [39m[32mMapped {/api/v1/auth/client/session, GET} route[39m[38;5;3m +0ms[39m
[32m[Nest] 18332  - [39m08/14/2026, 3:06:31 PM [32m    LOG[39m [38;5;3m[RouterExplorer] [39m[32mMapped {/api/v1/auth/super-admin/logout, POST} route[39m[38;5;3m +0ms[39m
[32m[Nest] 18332  - [39m08/14/2026, 3:06:31 PM [32m    LOG[39m [38;5;3m[RouterExplorer] [39m[32mMapped {/api/v1/auth/tenant/logout, POST} route[39m[38;5;3m +1ms[39m
[32m[Nest] 18332  - [39m08/14/2026, 3:06:31 PM [32m    LOG[39m [38;5;3m[RouterExplorer] [39m[32mMapped {/api/v1/auth/employee/logout, POST} route[39m[38;5;3m +0ms[39m
[32m[Nest] 18332  - [39m08/14/2026, 3:06:31 PM [32m    LOG[39m [38;5;3m[RouterExplorer] [39m[32mMapped {/api/v1/auth/client/logout, POST} route[39m[38;5;3m +0ms[39m
[32m[Nest] 18332  - [39m08/14/2026, 3:06:31 PM [32m    LOG[39m [38;5;3m[RoutesResolver] [39m[32mSuperAdminAuditLogController {/api/v1/super-admin/audit-log}:[39m[38;5;3m +0ms[39m
[32m[Nest] 18332  - [39m08/14/2026, 3:06:31 PM [32m    LOG[39m [38;5;3m[RouterExplorer] [39m[32mMapped {/api/v1/super-admin/audit-log, GET} route[39m[38;5;3m +1ms[39m
[32m[Nest] 18332  - [39m08/14/2026, 3:06:31 PM [32m    LOG[39m [38;5;3m[RoutesResolver] [39m[32mSuperAdminDashboardController {/api/v1/super-admin}:[39m[38;5;3m +0ms[39m
[32m[Nest] 18332  - [39m08/14/2026, 3:06:31 PM [32m    LOG[39m [38;5;3m[RouterExplorer] [39m[32mMapped {/api/v1/super-admin/dashboard, GET} route[39m[38;5;3m +0ms[39m
[32m[Nest] 18332  - [39m08/14/2026, 3:06:31 PM [32m    LOG[39m [38;5;3m[RouterExplorer] [39m[32mMapped {/api/v1/super-admin/alerts/:alertId/view, PATCH} route[39m[38;5;3m +0ms[39m
[32m[Nest] 18332  - [39m08/14/2026, 3:06:31 PM [32m    LOG[39m [38;5;3m[RouterExplorer] [39m[32mMapped {/api/v1/super-admin/alerts/:alertId/reviews, POST} route[39m[38;5;3m +0ms[39m
[32m[Nest] 18332  - [39m08/14/2026, 3:06:31 PM [32m    LOG[39m [38;5;3m[RouterExplorer] [39m[32mMapped {/api/v1/super-admin/tenant-reviews/:reviewId, PATCH} route[39m[38;5;3m +0ms[39m
[32m[Nest] 18332  - [39m08/14/2026, 3:06:31 PM [32m    LOG[39m [38;5;3m[RoutesResolver] [39m[32mSuperAdminSearchController {/api/v1/super-admin}:[39m[38;5;3m +1ms[39m
[32m[Nest] 18332  - [39m08/14/2026, 3:06:31 PM [32m    LOG[39m [38;5;3m[RouterExplorer] [39m[32mMapped {/api/v1/super-admin/search, GET} route[39m[38;5;3m +0ms[39m
[32m[Nest] 18332  - [39m08/14/2026, 3:06:31 PM [32m    LOG[39m [38;5;3m[RoutesResolver] [39m[32mSuperAdminNotificationsController {/api/v1/super-admin/notifications}:[39m[38;5;3m +0ms[39m
[32m[Nest] 18332  - [39m08/14/2026, 3:06:31 PM [32m    LOG[39m [38;5;3m[RouterExplorer] [39m[32mMapped {/api/v1/super-admin/notifications, GET} route[39m[38;5;3m +0ms[39m
[32m[Nest] 18332  - [39m08/14/2026, 3:06:31 PM [32m    LOG[39m [38;5;3m[RouterExplorer] [39m[32mMapped {/api/v1/super-admin/notifications/unread-count, GET} route[39m[38;5;3m +0ms[39m
[32m[Nest] 18332  - [39m08/14/2026, 3:06:31 PM [32m    LOG[39m [38;5;3m[RouterExplorer] [39m[32mMapped {/api/v1/super-admin/notifications/:notificationId/read, PATCH} route[39m[38;5;3m +0ms[39m
[32m[Nest] 18332  - [39m08/14/2026, 3:06:31 PM [32m    LOG[39m [38;5;3m[RouterExplorer] [39m[32mMapped {/api/v1/super-admin/notifications/read-all, PATCH} route[39m[38;5;3m +0ms[39m
[32m[Nest] 18332  - [39m08/14/2026, 3:06:31 PM [32m    LOG[39m [38;5;3m[RoutesResolver] [39m[32mSuperAdminPlatformConfigurationController {/api/v1/super-admin/platform-configuration}:[39m[38;5;3m +1ms[39m
[32m[Nest] 18332  - [39m08/14/2026, 3:06:31 PM [32m    LOG[39m [38;5;3m[RouterExplorer] [39m[32mMapped {/api/v1/super-admin/platform-configuration, GET} route[39m[38;5;3m +0ms[39m
[32m[Nest] 18332  - [39m08/14/2026, 3:06:31 PM [32m    LOG[39m [38;5;3m[RouterExplorer] [39m[32mMapped {/api/v1/super-admin/platform-configuration, PATCH} route[39m[38;5;3m +0ms[39m
[32m[Nest] 18332  - [39m08/14/2026, 3:06:31 PM [32m    LOG[39m [38;5;3m[RoutesResolver] [39m[32mClientPortalDashboardController {/api/v1/client-portal/dashboard}:[39m[38;5;3m +0ms[39m
[32m[Nest] 18332  - [39m08/14/2026, 3:06:31 PM [32m    LOG[39m [38;5;3m[RouterExplorer] [39m[32mMapped {/api/v1/client-portal/dashboard, GET} route[39m[38;5;3m +0ms[39m
[32m[Nest] 18332  - [39m08/14/2026, 3:06:31 PM [32m    LOG[39m [38;5;3m[RoutesResolver] [39m[32mClientPortalDeliverablesController {/api/v1/client-portal/deliverables}:[39m[38;5;3m +0ms[39m
[32m[Nest] 18332  - [39m08/14/2026, 3:06:31 PM [32m    LOG[39m [38;5;3m[RouterExplorer] [39m[32mMapped {/api/v1/client-portal/deliverables, GET} route[39m[38;5;3m +0ms[39m
[32m[Nest] 18332  - [39m08/14/2026, 3:06:31 PM [32m    LOG[39m [38;5;3m[RouterExplorer] [39m[32mMapped {/api/v1/client-portal/deliverables/:documentId/decision, POST} route[39m[38;5;3m +0ms[39m
[32m[Nest] 18332  - [39m08/14/2026, 3:06:31 PM [32m    LOG[39m [38;5;3m[RouterExplorer] [39m[32mMapped {/api/v1/client-portal/deliverables/:documentId/download, GET} route[39m[38;5;3m +1ms[39m
[32m[Nest] 18332  - [39m08/14/2026, 3:06:31 PM [32m    LOG[39m [38;5;3m[RoutesResolver] [39m[32mClientPortalNotificationsController {/api/v1/client-portal/notifications}:[39m[38;5;3m +0ms[39m
[32m[Nest] 18332  - [39m08/14/2026, 3:06:31 PM [32m    LOG[39m [38;5;3m[RouterExplorer] [39m[32mMapped {/api/v1/client-portal/notifications, GET} route[39m[38;5;3m +0ms[39m
[32m[Nest] 18332  - [39m08/14/2026, 3:06:31 PM [32m    LOG[39m [38;5;3m[RoutesResolver] [39m[32mClientPortalProfileController {/api/v1/client-portal/profile}:[39m[38;5;3m +0ms[39m
[32m[Nest] 18332  - [39m08/14/2026, 3:06:31 PM [32m    LOG[39m [38;5;3m[RouterExplorer] [39m[32mMapped {/api/v1/client-portal/profile, GET} route[39m[38;5;3m +0ms[39m
[32m[Nest] 18332  - [39m08/14/2026, 3:06:31 PM [32m    LOG[39m [38;5;3m[RouterExplorer] [39m[32mMapped {/api/v1/client-portal/profile, PATCH} route[39m[38;5;3m +0ms[39m
[32m[Nest] 18332  - [39m08/14/2026, 3:06:31 PM [32m    LOG[39m [38;5;3m[RoutesResolver] [39m[32mClientPortalRequestsController {/api/v1/client-portal/requests}:[39m[38;5;3m +0ms[39m
[32m[Nest] 18332  - [39m08/14/2026, 3:06:31 PM [32m    LOG[39m [38;5;3m[RouterExplorer] [39m[32mMapped {/api/v1/client-portal/requests/options, GET} route[39m[38;5;3m +0ms[39m
[32m[Nest] 18332  - [39m08/14/2026, 3:06:31 PM [32m    LOG[39m [38;5;3m[RouterExplorer] [39m[32mMapped {/api/v1/client-portal/requests, POST} route[39m[38;5;3m +0ms[39m
[32m[Nest] 18332  - [39m08/14/2026, 3:06:31 PM [32m    LOG[39m [38;5;3m[RoutesResolver] [39m[32mEmployeeDashboardController {/api/v1/employee/dashboard}:[39m[38;5;3m +1ms[39m
[32m[Nest] 18332  - [39m08/14/2026, 3:06:31 PM [32m    LOG[39m [38;5;3m[RouterExplorer] [39m[32mMapped {/api/v1/employee/dashboard, GET} route[39m[38;5;3m +0ms[39m
[32m[Nest] 18332  - [39m08/14/2026, 3:06:31 PM [32m    LOG[39m [38;5;3m[RoutesResolver] [39m[32mEmployeeDocumentsController {/api/v1/employee/documents}:[39m[38;5;3m +0ms[39m
[32m[Nest] 18332  - [39m08/14/2026, 3:06:31 PM [32m    LOG[39m [38;5;3m[RouterExplorer] [39m[32mMapped {/api/v1/employee/documents/options, GET} route[39m[38;5;3m +0ms[39m
[32m[Nest] 18332  - [39m08/14/2026, 3:06:31 PM [32m    LOG[39m [38;5;3m[RouterExplorer] [39m[32mMapped {/api/v1/employee/documents, GET} route[39m[38;5;3m +0ms[39m
[32m[Nest] 18332  - [39m08/14/2026, 3:06:31 PM [32m    LOG[39m [38;5;3m[RouterExplorer] [39m[32mMapped {/api/v1/employee/documents, POST} route[39m[38;5;3m +0ms[39m
[32m[Nest] 18332  - [39m08/14/2026, 3:06:31 PM [32m    LOG[39m [38;5;3m[RouterExplorer] [39m[32mMapped {/api/v1/employee/documents/upload-url, POST} route[39m[38;5;3m +0ms[39m
[32m[Nest] 18332  - [39m08/14/2026, 3:06:31 PM [32m    LOG[39m [38;5;3m[RouterExplorer] [39m[32mMapped {/api/v1/employee/documents/:documentId/download, GET} route[39m[38;5;3m +1ms[39m
[32m[Nest] 18332  - [39m08/14/2026, 3:06:31 PM [32m    LOG[39m [38;5;3m[RoutesResolver] [39m[32mEmployeeManagerController {/api/v1/employee/manager}:[39m[38;5;3m +0ms[39m
[32m[Nest] 18332  - [39m08/14/2026, 3:06:31 PM [32m    LOG[39m [38;5;3m[RouterExplorer] [39m[32mMapped {/api/v1/employee/manager/clients, GET} route[39m[38;5;3m +0ms[39m
[32m[Nest] 18332  - [39m08/14/2026, 3:06:31 PM [32m    LOG[39m [38;5;3m[RouterExplorer] [39m[32mMapped {/api/v1/employee/manager/task-options, GET} route[39m[38;5;3m +0ms[39m
[32m[Nest] 18332  - [39m08/14/2026, 3:06:31 PM [32m    LOG[39m [38;5;3m[RouterExplorer] [39m[32mMapped {/api/v1/employee/manager/reviews, GET} route[39m[38;5;3m +0ms[39m
[32m[Nest] 18332  - [39m08/14/2026, 3:06:31 PM [32m    LOG[39m [38;5;3m[RouterExplorer] [39m[32mMapped {/api/v1/employee/manager/reviews/:taskId, GET} route[39m[38;5;3m +0ms[39m
[32m[Nest] 18332  - [39m08/14/2026, 3:06:31 PM [32m    LOG[39m [38;5;3m[RouterExplorer] [39m[32mMapped {/api/v1/employee/manager/tasks, POST} route[39m[38;5;3m +1ms[39m
[32m[Nest] 18332  - [39m08/14/2026, 3:06:31 PM [32m    LOG[39m [38;5;3m[RouterExplorer] [39m[32mMapped {/api/v1/employee/manager/reviews/:taskId, POST} route[39m[38;5;3m +0ms[39m
[32m[Nest] 18332  - [39m08/14/2026, 3:06:31 PM [32m    LOG[39m [38;5;3m[RoutesResolver] [39m[32mEmployeeNotificationsController {/api/v1/employee/notifications}:[39m[38;5;3m +0ms[39m
[32m[Nest] 18332  - [39m08/14/2026, 3:06:31 PM [32m    LOG[39m [38;5;3m[RouterExplorer] [39m[32mMapped {/api/v1/employee/notifications, GET} route[39m[38;5;3m +0ms[39m
[32m[Nest] 18332  - [39m08/14/2026, 3:06:31 PM [32m    LOG[39m [38;5;3m[RouterExplorer] [39m[32mMapped {/api/v1/employee/notifications/unread-count, GET} route[39m[38;5;3m +0ms[39m
[32m[Nest] 18332  - [39m08/14/2026, 3:06:31 PM [32m    LOG[39m [38;5;3m[RouterExplorer] [39m[32mMapped {/api/v1/employee/notifications/:notificationId/read, PATCH} route[39m[38;5;3m +1ms[39m
[32m[Nest] 18332  - [39m08/14/2026, 3:06:31 PM [32m    LOG[39m [38;5;3m[RouterExplorer] [39m[32mMapped {/api/v1/employee/notifications/read-all, PATCH} route[39m[38;5;3m +0ms[39m
[32m[Nest] 18332  - [39m08/14/2026, 3:06:31 PM [32m    LOG[39m [38;5;3m[RoutesResolver] [39m[32mEmployeeProfileController {/api/v1/employee/profile}:[39m[38;5;3m +0ms[39m
[32m[Nest] 18332  - [39m08/14/2026, 3:06:31 PM [32m    LOG[39m [38;5;3m[RouterExplorer] [39m[32mMapped {/api/v1/employee/profile, GET} route[39m[38;5;3m +1ms[39m
[32m[Nest] 18332  - [39m08/14/2026, 3:06:31 PM [32m    LOG[39m [38;5;3m[RoutesResolver] [39m[32mEmployeeTasksController {/api/v1/employee}:[39m[38;5;3m +0ms[39m
[32m[Nest] 18332  - [39m08/14/2026, 3:06:31 PM [32m    LOG[39m [38;5;3m[RouterExplorer] [39m[32mMapped {/api/v1/employee/tasks, GET} route[39m[38;5;3m +0ms[39m
[32m[Nest] 18332  - [39m08/14/2026, 3:06:31 PM [32m    LOG[39m [38;5;3m[RouterExplorer] [39m[32mMapped {/api/v1/employee/work-logs, GET} route[39m[38;5;3m +1ms[39m
[32m[Nest] 18332  - [39m08/14/2026, 3:06:31 PM [32m    LOG[39m [38;5;3m[RouterExplorer] [39m[32mMapped {/api/v1/employee/tasks/:taskId/start, POST} route[39m[38;5;3m +0ms[39m
[32m[Nest] 18332  - [39m08/14/2026, 3:06:31 PM [32m    LOG[39m [38;5;3m[RouterExplorer] [39m[32mMapped {/api/v1/employee/tasks/:taskId/pause, POST} route[39m[38;5;3m +0ms[39m
[32m[Nest] 18332  - [39m08/14/2026, 3:06:31 PM [32m    LOG[39m [38;5;3m[RouterExplorer] [39m[32mMapped {/api/v1/employee/tasks/:taskId/resume, POST} route[39m[38;5;3m +1ms[39m
[32m[Nest] 18332  - [39m08/14/2026, 3:06:31 PM [32m    LOG[39m [38;5;3m[RouterExplorer] [39m[32mMapped {/api/v1/employee/tasks/:taskId/submit, POST} route[39m[38;5;3m +0ms[39m
[32m[Nest] 18332  - [39m08/14/2026, 3:06:31 PM [32m    LOG[39m [38;5;3m[RoutesResolver] [39m[32mTenantAdminDashboardController {/api/v1/tenant-admin/dashboard}:[39m[38;5;3m +1ms[39m
[32m[Nest] 18332  - [39m08/14/2026, 3:06:31 PM [32m    LOG[39m [38;5;3m[RouterExplorer] [39m[32mMapped {/api/v1/tenant-admin/dashboard, GET} route[39m[38;5;3m +0ms[39m
[32m[Nest] 18332  - [39m08/14/2026, 3:06:31 PM [32m    LOG[39m [38;5;3m[RouterExplorer] [39m[32mMapped {/api/v1/tenant-admin/dashboard/profile, GET} route[39m[38;5;3m +0ms[39m
[32m[Nest] 18332  - [39m08/14/2026, 3:06:31 PM [32m    LOG[39m [38;5;3m[RouterExplorer] [39m[32mMapped {/api/v1/tenant-admin/dashboard/profile, PATCH} route[39m[38;5;3m +1ms[39m
[32m[Nest] 18332  - [39m08/14/2026, 3:06:31 PM [32m    LOG[39m [38;5;3m[RoutesResolver] [39m[32mTenantAdminClientsController {/api/v1/tenant-admin/clients}:[39m[38;5;3m +0ms[39m
[32m[Nest] 18332  - [39m08/14/2026, 3:06:31 PM [32m    LOG[39m [38;5;3m[RouterExplorer] [39m[32mMapped {/api/v1/tenant-admin/clients, GET} route[39m[38;5;3m +1ms[39m
[32m[Nest] 18332  - [39m08/14/2026, 3:06:31 PM [32m    LOG[39m [38;5;3m[RouterExplorer] [39m[32mMapped {/api/v1/tenant-admin/clients, POST} route[39m[38;5;3m +0ms[39m
[32m[Nest] 18332  - [39m08/14/2026, 3:06:31 PM [32m    LOG[39m [38;5;3m[RouterExplorer] [39m[32mMapped {/api/v1/tenant-admin/clients/:clientRef, GET} route[39m[38;5;3m +0ms[39m
[32m[Nest] 18332  - [39m08/14/2026, 3:06:31 PM [32m    LOG[39m [38;5;3m[RouterExplorer] [39m[32mMapped {/api/v1/tenant-admin/clients/:clientRef, DELETE} route[39m[38;5;3m +1ms[39m
[32m[Nest] 18332  - [39m08/14/2026, 3:06:31 PM [32m    LOG[39m [38;5;3m[RouterExplorer] [39m[32mMapped {/api/v1/tenant-admin/clients/:clientRef/contacts, POST} route[39m[38;5;3m +0ms[39m
[32m[Nest] 18332  - [39m08/14/2026, 3:06:31 PM [32m    LOG[39m [38;5;3m[RouterExplorer] [39m[32mMapped {/api/v1/tenant-admin/clients/:clientRef/contacts/:contactId, PATCH} route[39m[38;5;3m +0ms[39m
[32m[Nest] 18332  - [39m08/14/2026, 3:06:31 PM [32m    LOG[39m [38;5;3m[RoutesResolver] [39m[32mTenantAdminEmployeePerformanceController {/api/v1/tenant-admin/employee-performance}:[39m[38;5;3m +1ms[39m
[32m[Nest] 18332  - [39m08/14/2026, 3:06:31 PM [32m    LOG[39m [38;5;3m[RouterExplorer] [39m[32mMapped {/api/v1/tenant-admin/employee-performance, GET} route[39m[38;5;3m +0ms[39m
[32m[Nest] 18332  - [39m08/14/2026, 3:06:31 PM [32m    LOG[39m [38;5;3m[RouterExplorer] [39m[32mMapped {/api/v1/tenant-admin/employee-performance/:employeeId, GET} route[39m[38;5;3m +0ms[39m
[32m[Nest] 18332  - [39m08/14/2026, 3:06:31 PM [32m    LOG[39m [38;5;3m[RoutesResolver] [39m[32mTenantAdminFinanceController {/api/v1/tenant-admin/finance}:[39m[38;5;3m +1ms[39m
[32m[Nest] 18332  - [39m08/14/2026, 3:06:31 PM [32m    LOG[39m [38;5;3m[RouterExplorer] [39m[32mMapped {/api/v1/tenant-admin/finance/documents, GET} route[39m[38;5;3m +0ms[39m
[32m[Nest] 18332  - [39m08/14/2026, 3:06:31 PM [32m    LOG[39m [38;5;3m[RouterExplorer] [39m[32mMapped {/api/v1/tenant-admin/finance/documents, POST} route[39m[38;5;3m +0ms[39m
[32m[Nest] 18332  - [39m08/14/2026, 3:06:31 PM [32m    LOG[39m [38;5;3m[RouterExplorer] [39m[32mMapped {/api/v1/tenant-admin/finance/documents/upload-url, POST} route[39m[38;5;3m +1ms[39m
[32m[Nest] 18332  - [39m08/14/2026, 3:06:31 PM [32m    LOG[39m [38;5;3m[RouterExplorer] [39m[32mMapped {/api/v1/tenant-admin/finance/documents/:documentId/download, GET} route[39m[38;5;3m +0ms[39m
[32m[Nest] 18332  - [39m08/14/2026, 3:06:31 PM [32m    LOG[39m [38;5;3m[RouterExplorer] [39m[32mMapped {/api/v1/tenant-admin/finance/invoices, GET} route[39m[38;5;3m +0ms[39m
[32m[Nest] 18332  - [39m08/14/2026, 3:06:31 PM [32m    LOG[39m [38;5;3m[RouterExplorer] [39m[32mMapped {/api/v1/tenant-admin/finance/invoices, POST} route[39m[38;5;3m +1ms[39m
[32m[Nest] 18332  - [39m08/14/2026, 3:06:31 PM [32m    LOG[39m [38;5;3m[RouterExplorer] [39m[32mMapped {/api/v1/tenant-admin/finance/billable-tasks, GET} route[39m[38;5;3m +0ms[39m
[32m[Nest] 18332  - [39m08/14/2026, 3:06:31 PM [32m    LOG[39m [38;5;3m[RouterExplorer] [39m[32mMapped {/api/v1/tenant-admin/finance/invoices/from-task, POST} route[39m[38;5;3m +1ms[39m
[32m[Nest] 18332  - [39m08/14/2026, 3:06:31 PM [32m    LOG[39m [38;5;3m[RouterExplorer] [39m[32mMapped {/api/v1/tenant-admin/finance/invoices/:invoiceId/send, POST} route[39m[38;5;3m +0ms[39m
[32m[Nest] 18332  - [39m08/14/2026, 3:06:31 PM [32m    LOG[39m [38;5;3m[RoutesResolver] [39m[32mTenantAdminNotificationsController {/api/v1/tenant-admin/notifications}:[39m[38;5;3m +0ms[39m
[32m[Nest] 18332  - [39m08/14/2026, 3:06:31 PM [32m    LOG[39m [38;5;3m[RouterExplorer] [39m[32mMapped {/api/v1/tenant-admin/notifications, GET} route[39m[38;5;3m +1ms[39m
[32m[Nest] 18332  - [39m08/14/2026, 3:06:31 PM [32m    LOG[39m [38;5;3m[RouterExplorer] [39m[32mMapped {/api/v1/tenant-admin/notifications/unread-count, GET} route[39m[38;5;3m +0ms[39m
[32m[Nest] 18332  - [39m08/14/2026, 3:06:31 PM [32m    LOG[39m [38;5;3m[RouterExplorer] [39m[32mMapped {/api/v1/tenant-admin/notifications/:notificationId/read, PATCH} route[39m[38;5;3m +0ms[39m
[32m[Nest] 18332  - [39m08/14/2026, 3:06:31 PM [32m    LOG[39m [38;5;3m[RouterExplorer] [39m[32mMapped {/api/v1/tenant-admin/notifications/read-all, PATCH} route[39m[38;5;3m +1ms[39m
[32m[Nest] 18332  - [39m08/14/2026, 3:06:31 PM [32m    LOG[39m [38;5;3m[RoutesResolver] [39m[32mTenantAdminServicesController {/api/v1/tenant-admin/services}:[39m[38;5;3m +0ms[39m
[32m[Nest] 18332  - [39m08/14/2026, 3:06:31 PM [32m    LOG[39m [38;5;3m[RouterExplorer] [39m[32mMapped {/api/v1/tenant-admin/services, GET} route[39m[38;5;3m +0ms[39m
[32m[Nest] 18332  - [39m08/14/2026, 3:06:31 PM [32m    LOG[39m [38;5;3m[RouterExplorer] [39m[32mMapped {/api/v1/tenant-admin/services, POST} route[39m[38;5;3m +1ms[39m
[32m[Nest] 18332  - [39m08/14/2026, 3:06:31 PM [32m    LOG[39m [38;5;3m[RoutesResolver] [39m[32mTenantAdminTasksController {/api/v1/tenant-admin/tasks}:[39m[38;5;3m +0ms[39m
[32m[Nest] 18332  - [39m08/14/2026, 3:06:31 PM [32m    LOG[39m [38;5;3m[RouterExplorer] [39m[32mMapped {/api/v1/tenant-admin/tasks/options, GET} route[39m[38;5;3m +1ms[39m
[32m[Nest] 18332  - [39m08/14/2026, 3:06:31 PM [32m    LOG[39m [38;5;3m[RouterExplorer] [39m[32mMapped {/api/v1/tenant-admin/tasks, GET} route[39m[38;5;3m +0ms[39m
[32m[Nest] 18332  - [39m08/14/2026, 3:06:31 PM [32m    LOG[39m [38;5;3m[RouterExplorer] [39m[32mMapped {/api/v1/tenant-admin/tasks/:taskId/review-detail, GET} route[39m[38;5;3m +1ms[39m
[32m[Nest] 18332  - [39m08/14/2026, 3:06:31 PM [32m    LOG[39m [38;5;3m[RouterExplorer] [39m[32mMapped {/api/v1/tenant-admin/tasks, POST} route[39m[38;5;3m +1ms[39m
[32m[Nest] 18332  - [39m08/14/2026, 3:06:31 PM [32m    LOG[39m [38;5;3m[RouterExplorer] [39m[32mMapped {/api/v1/tenant-admin/tasks/:taskId/approval, POST} route[39m[38;5;3m +0ms[39m
[32m[Nest] 18332  - [39m08/14/2026, 3:06:31 PM [32m    LOG[39m [38;5;3m[RouterExplorer] [39m[32mMapped {/api/v1/tenant-admin/tasks/employees, POST} route[39m[38;5;3m +0ms[39m
[32m[Nest] 18332  - [39m08/14/2026, 3:06:31 PM [32m    LOG[39m [38;5;3m[RouterExplorer] [39m[32mMapped {/api/v1/tenant-admin/tasks/employees/email-availability, GET} route[39m[38;5;3m +1ms[39m
[32m[Nest] 18332  - [39m08/14/2026, 3:06:31 PM [32m    LOG[39m [38;5;3m[RouterExplorer] [39m[32mMapped {/api/v1/tenant-admin/tasks/employees, GET} route[39m[38;5;3m +0ms[39m
[32m[Nest] 18332  - [39m08/14/2026, 3:06:31 PM [32m    LOG[39m [38;5;3m[RouterExplorer] [39m[32mMapped {/api/v1/tenant-admin/tasks/departments, GET} route[39m[38;5;3m +0ms[39m
[32m[Nest] 18332  - [39m08/14/2026, 3:06:31 PM [32m    LOG[39m [38;5;3m[RouterExplorer] [39m[32mMapped {/api/v1/tenant-admin/tasks/departments, POST} route[39m[38;5;3m +0ms[39m
[32m[Nest] 18332  - [39m08/14/2026, 3:06:31 PM [32m    LOG[39m [38;5;3m[RouterExplorer] [39m[32mMapped {/api/v1/tenant-admin/tasks/employees/:employeeId/assignment, PATCH} route[39m[38;5;3m +0ms[39m
[32m[Nest] 18332  - [39m08/14/2026, 3:06:31 PM [32m    LOG[39m [38;5;3m[RouterExplorer] [39m[32mMapped {/api/v1/tenant-admin/tasks/employees/:employeeId/manager, PATCH} route[39m[38;5;3m +0ms[39m
[32m[Nest] 18332  - [39m08/14/2026, 3:06:31 PM [32m    LOG[39m [38;5;3m[RouterExplorer] [39m[32mMapped {/api/v1/tenant-admin/tasks/employees/:employeeId/manager, DELETE} route[39m[38;5;3m +1ms[39m
[32m[Nest] 18332  - [39m08/14/2026, 3:06:31 PM [32m    LOG[39m [38;5;3m[RouterExplorer] [39m[32mMapped {/api/v1/tenant-admin/tasks/employees/:employeeId/capacity, PATCH} route[39m[38;5;3m +0ms[39m
[32m[Nest] 18332  - [39m08/14/2026, 3:06:31 PM [32m    LOG[39m [38;5;3m[RouterExplorer] [39m[32mMapped {/api/v1/tenant-admin/tasks/work-groups, GET} route[39m[38;5;3m +0ms[39m
[32m[Nest] 18332  - [39m08/14/2026, 3:06:31 PM [32m    LOG[39m [38;5;3m[RouterExplorer] [39m[32mMapped {/api/v1/tenant-admin/tasks/work-groups, POST} route[39m[38;5;3m +0ms[39m
[32m[Nest] 18332  - [39m08/14/2026, 3:06:31 PM [32m    LOG[39m [38;5;3m[RouterExplorer] [39m[32mMapped {/api/v1/tenant-admin/tasks/work-groups/:workGroupId, PATCH} route[39m[38;5;3m +0ms[39m
[32m[Nest] 18332  - [39m08/14/2026, 3:06:31 PM [32m    LOG[39m [38;5;3m[RoutesResolver] [39m[32mTenantAnalyticsController {/api/v1/super-admin/tenant-analytics}:[39m[38;5;3m +1ms[39m
[32m[Nest] 18332  - [39m08/14/2026, 3:06:31 PM [32m    LOG[39m [38;5;3m[RouterExplorer] [39m[32mMapped {/api/v1/super-admin/tenant-analytics, GET} route[39m[38;5;3m +0ms[39m
[32m[Nest] 18332  - [39m08/14/2026, 3:06:31 PM [32m    LOG[39m [38;5;3m[TaskNotificationOutboxWorker] [39m[32m[Notifications] Task notification worker is running. It checks committed notifications every 500ms.[39m
[32m[Nest] 18332  - [39m08/14/2026, 3:06:31 PM [32m    LOG[39m [38;5;3m[NestApplication] [39m[32mNest application successfully started[39m[38;5;3m +0ms[39m
{"level":30,"time":1786700191134,"service":"SaaS App Backend","environment":"development","msg":"Server listening at http://172.16.0.2:4000"}
{"level":30,"time":1786700191134,"service":"SaaS App Backend","environment":"development","msg":"Server listening at http://192.168.1.29:4000"}
3:20:29 PM [tsx] change in ./src\platform\tenant-admin-tasks.repository.ts Restarting...
3:20:30 PM [tsx] change in ./src\platform\employee-manager.service.ts Restarting...
{"level":30,"time":1786701039698,"service":"SaaS App Backend","environment":"development","msg":"Server listening at http://127.0.0.1:4000"}
[32m[Nest] 7812  - [39m08/14/2026, 3:20:39 PM [32m    LOG[39m [38;5;3m[NestFactory] [39m[32mStarting Nest application...[39m
[32m[Nest] 7812  - [39m08/14/2026, 3:20:39 PM [32m    LOG[39m [38;5;3m[InstanceLoader] [39m[32mAppConfigModule dependencies initialized[39m[38;5;3m +0ms[39m
[32m[Nest] 7812  - [39m08/14/2026, 3:20:39 PM [32m    LOG[39m [38;5;3m[InstanceLoader] [39m[32mAppConfigModule dependencies initialized[39m[38;5;3m +1ms[39m
[32m[Nest] 7812  - [39m08/14/2026, 3:20:39 PM [32m    LOG[39m [38;5;3m[InstanceLoader] [39m[32mCommonModule dependencies initialized[39m[38;5;3m +0ms[39m
[32m[Nest] 7812  - [39m08/14/2026, 3:20:39 PM [32m    LOG[39m [38;5;3m[InstanceLoader] [39m[32mAppModule dependencies initialized[39m[38;5;3m +0ms[39m
[32m[Nest] 7812  - [39m08/14/2026, 3:20:39 PM [32m    LOG[39m [38;5;3m[InstanceLoader] [39m[32mDatabaseModule dependencies initialized[39m[38;5;3m +0ms[39m
[32m[Nest] 7812  - [39m08/14/2026, 3:20:39 PM [32m    LOG[39m [38;5;3m[InstanceLoader] [39m[32mHealthModule dependencies initialized[39m[38;5;3m +0ms[39m
[32m[Nest] 7812  - [39m08/14/2026, 3:20:39 PM [32m    LOG[39m [38;5;3m[InstanceLoader] [39m[32mAuthModule dependencies initialized[39m[38;5;3m +0ms[39m
[32m[Nest] 7812  - [39m08/14/2026, 3:20:39 PM [32m    LOG[39m [38;5;3m[InstanceLoader] [39m[32mPlatformModule dependencies initialized[39m[38;5;3m +0ms[39m
[32m[Nest] 7812  - [39m08/14/2026, 3:20:39 PM [32m    LOG[39m [38;5;3m[RoutesResolver] [39m[32mHealthController {/api/v1/health}:[39m[38;5;3m +0ms[39m
[32m[Nest] 7812  - [39m08/14/2026, 3:20:39 PM [32m    LOG[39m [38;5;3m[RouterExplorer] [39m[32mMapped {/api/v1/health/live, GET} route[39m[38;5;3m +1ms[39m
[32m[Nest] 7812  - [39m08/14/2026, 3:20:39 PM [32m    LOG[39m [38;5;3m[RouterExplorer] [39m[32mMapped {/api/v1/health/ready, GET} route[39m[38;5;3m +0ms[39m
[32m[Nest] 7812  - [39m08/14/2026, 3:20:39 PM [32m    LOG[39m [38;5;3m[RoutesResolver] [39m[32mMeController {/api/v1/me}:[39m[38;5;3m +0ms[39m
[32m[Nest] 7812  - [39m08/14/2026, 3:20:39 PM [32m    LOG[39m [38;5;3m[RouterExplorer] [39m[32mMapped {/api/v1/me, GET} route[39m[38;5;3m +0ms[39m
[32m[Nest] 7812  - [39m08/14/2026, 3:20:39 PM [32m    LOG[39m [38;5;3m[RouterExplorer] [39m[32mMapped {/api/v1/me/profile, PATCH} route[39m[38;5;3m +0ms[39m
[32m[Nest] 7812  - [39m08/14/2026, 3:20:39 PM [32m    LOG[39m [38;5;3m[RouterExplorer] [39m[32mMapped {/api/v1/me/preferences, PATCH} route[39m[38;5;3m +0ms[39m
[32m[Nest] 7812  - [39m08/14/2026, 3:20:39 PM [32m    LOG[39m [38;5;3m[RoutesResolver] [39m[32mAccessAdminController {/api/v1}:[39m[38;5;3m +0ms[39m
[32m[Nest] 7812  - [39m08/14/2026, 3:20:39 PM [32m    LOG[39m [38;5;3m[RouterExplorer] [39m[32mMapped {/api/v1/super-admin/tenant-creation-options, GET} route[39m[38;5;3m +0ms[39m
[32m[Nest] 7812  - [39m08/14/2026, 3:20:39 PM [32m    LOG[39m [38;5;3m[RouterExplorer] [39m[32mMapped {/api/v1/super-admin/tenants, GET} route[39m[38;5;3m +1ms[39m
[32m[Nest] 7812  - [39m08/14/2026, 3:20:39 PM [32m    LOG[39m [38;5;3m[RouterExplorer] [39m[32mMapped {/api/v1/super-admin/users/email-availability, GET} route[39m[38;5;3m +0ms[39m
[32m[Nest] 7812  - [39m08/14/2026, 3:20:39 PM [32m    LOG[39m [38;5;3m[RouterExplorer] [39m[32mMapped {/api/v1/super-admin/tenant-list-filters, GET} route[39m[38;5;3m +0ms[39m
[32m[Nest] 7812  - [39m08/14/2026, 3:20:39 PM [32m    LOG[39m [38;5;3m[RouterExplorer] [39m[32mMapped {/api/v1/super-admin/tenants/:tenantId, GET} route[39m[38;5;3m +1ms[39m
[32m[Nest] 7812  - [39m08/14/2026, 3:20:39 PM [32m    LOG[39m [38;5;3m[RouterExplorer] [39m[32mMapped {/api/v1/super-admin/tenants/:tenantId/status, PATCH} route[39m[38;5;3m +0ms[39m
[32m[Nest] 7812  - [39m08/14/2026, 3:20:39 PM [32m    LOG[39m [38;5;3m[RouterExplorer] [39m[32mMapped {/api/v1/super-admin/tenants/:tenantId/password, POST} route[39m[38;5;3m +1ms[39m
[32m[Nest] 7812  - [39m08/14/2026, 3:20:39 PM [32m    LOG[39m [38;5;3m[RouterExplorer] [39m[32mMapped {/api/v1/super-admin/tenants, POST} route[39m[38;5;3m +1ms[39m
[32m[Nest] 7812  - [39m08/14/2026, 3:20:39 PM [32m    LOG[39m [38;5;3m[RouterExplorer] [39m[32mMapped {/api/v1/invitations, POST} route[39m[38;5;3m +0ms[39m
[32m[Nest] 7812  - [39m08/14/2026, 3:20:39 PM [32m    LOG[39m [38;5;3m[RouterExplorer] [39m[32mMapped {/api/v1/invitations/:invitationId/cancel, POST} route[39m[38;5;3m +0ms[39m
[32m[Nest] 7812  - [39m08/14/2026, 3:20:39 PM [32m    LOG[39m [38;5;3m[RouterExplorer] [39m[32mMapped {/api/v1/invitations/:invitationId/revoke, POST} route[39m[38;5;3m +0ms[39m
[32m[Nest] 7812  - [39m08/14/2026, 3:20:39 PM [32m    LOG[39m [38;5;3m[RouterExplorer] [39m[32mMapped {/api/v1/invitations/:invitationId/accept, POST} route[39m[38;5;3m +0ms[39m
[32m[Nest] 7812  - [39m08/14/2026, 3:20:39 PM [32m    LOG[39m [38;5;3m[RouterExplorer] [39m[32mMapped {/api/v1/memberships/:membershipId/revoke, POST} route[39m[38;5;3m +1ms[39m
[32m[Nest] 7812  - [39m08/14/2026, 3:20:39 PM [32m    LOG[39m [38;5;3m[RouterExplorer] [39m[32mMapped {/api/v1/memberships/:membershipId/reactivate, POST} route[39m[38;5;3m +0ms[39m
[32m[Nest] 7812  - [39m08/14/2026, 3:20:39 PM [32m    LOG[39m [38;5;3m[RoutesResolver] [39m[32mPortalAuthController {/api/v1/auth}:[39m[38;5;3m +0ms[39m
[32m[Nest] 7812  - [39m08/14/2026, 3:20:39 PM [32m    LOG[39m [38;5;3m[RouterExplorer] [39m[32mMapped {/api/v1/auth/super-admin/login, POST} route[39m[38;5;3m +0ms[39m
[32m[Nest] 7812  - [39m08/14/2026, 3:20:39 PM [32m    LOG[39m [38;5;3m[RouterExplorer] [39m[32mMapped {/api/v1/auth/tenant/login, POST} route[39m[38;5;3m +0ms[39m
[32m[Nest] 7812  - [39m08/14/2026, 3:20:39 PM [32m    LOG[39m [38;5;3m[RouterExplorer] [39m[32mMapped {/api/v1/auth/employee/login, POST} route[39m[38;5;3m +0ms[39m
[32m[Nest] 7812  - [39m08/14/2026, 3:20:39 PM [32m    LOG[39m [38;5;3m[RouterExplorer] [39m[32mMapped {/api/v1/auth/client/login, POST} route[39m[38;5;3m +0ms[39m
[32m[Nest] 7812  - [39m08/14/2026, 3:20:39 PM [32m    LOG[39m [38;5;3m[RouterExplorer] [39m[32mMapped {/api/v1/auth/super-admin/session, GET} route[39m[38;5;3m +1ms[39m
[32m[Nest] 7812  - [39m08/14/2026, 3:20:39 PM [32m    LOG[39m [38;5;3m[RouterExplorer] [39m[32mMapped {/api/v1/auth/tenant/session, GET} route[39m[38;5;3m +0ms[39m
[32m[Nest] 7812  - [39m08/14/2026, 3:20:39 PM [32m    LOG[39m [38;5;3m[RouterExplorer] [39m[32mMapped {/api/v1/auth/employee/session, GET} route[39m[38;5;3m +0ms[39m
[32m[Nest] 7812  - [39m08/14/2026, 3:20:39 PM [32m    LOG[39m [38;5;3m[RouterExplorer] [39m[32mMapped {/api/v1/auth/client/session, GET} route[39m[38;5;3m +0ms[39m
[32m[Nest] 7812  - [39m08/14/2026, 3:20:39 PM [32m    LOG[39m [38;5;3m[RouterExplorer] [39m[32mMapped {/api/v1/auth/super-admin/logout, POST} route[39m[38;5;3m +0ms[39m
[32m[Nest] 7812  - [39m08/14/2026, 3:20:39 PM [32m    LOG[39m [38;5;3m[RouterExplorer] [39m[32mMapped {/api/v1/auth/tenant/logout, POST} route[39m[38;5;3m +1ms[39m
[32m[Nest] 7812  - [39m08/14/2026, 3:20:39 PM [32m    LOG[39m [38;5;3m[RouterExplorer] [39m[32mMapped {/api/v1/auth/employee/logout, POST} route[39m[38;5;3m +0ms[39m
[32m[Nest] 7812  - [39m08/14/2026, 3:20:39 PM [32m    LOG[39m [38;5;3m[RouterExplorer] [39m[32mMapped {/api/v1/auth/client/logout, POST} route[39m[38;5;3m +1ms[39m
[32m[Nest] 7812  - [39m08/14/2026, 3:20:39 PM [32m    LOG[39m [38;5;3m[RoutesResolver] [39m[32mSuperAdminAuditLogController {/api/v1/super-admin/audit-log}:[39m[38;5;3m +0ms[39m
[32m[Nest] 7812  - [39m08/14/2026, 3:20:39 PM [32m    LOG[39m [38;5;3m[RouterExplorer] [39m[32mMapped {/api/v1/super-admin/audit-log, GET} route[39m[38;5;3m +0ms[39m
[32m[Nest] 7812  - [39m08/14/2026, 3:20:39 PM [32m    LOG[39m [38;5;3m[RoutesResolver] [39m[32mSuperAdminDashboardController {/api/v1/super-admin}:[39m[38;5;3m +1ms[39m
[32m[Nest] 7812  - [39m08/14/2026, 3:20:39 PM [32m    LOG[39m [38;5;3m[RouterExplorer] [39m[32mMapped {/api/v1/super-admin/dashboard, GET} route[39m[38;5;3m +0ms[39m
[32m[Nest] 7812  - [39m08/14/2026, 3:20:39 PM [32m    LOG[39m [38;5;3m[RouterExplorer] [39m[32mMapped {/api/v1/super-admin/alerts/:alertId/view, PATCH} route[39m[38;5;3m +0ms[39m
[32m[Nest] 7812  - [39m08/14/2026, 3:20:39 PM [32m    LOG[39m [38;5;3m[RouterExplorer] [39m[32mMapped {/api/v1/super-admin/alerts/:alertId/reviews, POST} route[39m[38;5;3m +0ms[39m
[32m[Nest] 7812  - [39m08/14/2026, 3:20:39 PM [32m    LOG[39m [38;5;3m[RouterExplorer] [39m[32mMapped {/api/v1/super-admin/tenant-reviews/:reviewId, PATCH} route[39m[38;5;3m +0ms[39m
[32m[Nest] 7812  - [39m08/14/2026, 3:20:39 PM [32m    LOG[39m [38;5;3m[RoutesResolver] [39m[32mSuperAdminSearchController {/api/v1/super-admin}:[39m[38;5;3m +0ms[39m
[32m[Nest] 7812  - [39m08/14/2026, 3:20:39 PM [32m    LOG[39m [38;5;3m[RouterExplorer] [39m[32mMapped {/api/v1/super-admin/search, GET} route[39m[38;5;3m +1ms[39m
[32m[Nest] 7812  - [39m08/14/2026, 3:20:39 PM [32m    LOG[39m [38;5;3m[RoutesResolver] [39m[32mSuperAdminNotificationsController {/api/v1/super-admin/notifications}:[39m[38;5;3m +0ms[39m
[32m[Nest] 7812  - [39m08/14/2026, 3:20:39 PM [32m    LOG[39m [38;5;3m[RouterExplorer] [39m[32mMapped {/api/v1/super-admin/notifications, GET} route[39m[38;5;3m +0ms[39m
[32m[Nest] 7812  - [39m08/14/2026, 3:20:39 PM [32m    LOG[39m [38;5;3m[RouterExplorer] [39m[32mMapped {/api/v1/super-admin/notifications/unread-count, GET} route[39m[38;5;3m +0ms[39m
[32m[Nest] 7812  - [39m08/14/2026, 3:20:39 PM [32m    LOG[39m [38;5;3m[RouterExplorer] [39m[32mMapped {/api/v1/super-admin/notifications/:notificationId/read, PATCH} route[39m[38;5;3m +0ms[39m
[32m[Nest] 7812  - [39m08/14/2026, 3:20:39 PM [32m    LOG[39m [38;5;3m[RouterExplorer] [39m[32mMapped {/api/v1/super-admin/notifications/read-all, PATCH} route[39m[38;5;3m +0ms[39m
[32m[Nest] 7812  - [39m08/14/2026, 3:20:39 PM [32m    LOG[39m [38;5;3m[RoutesResolver] [39m[32mSuperAdminPlatformConfigurationController {/api/v1/super-admin/platform-configuration}:[39m[38;5;3m +0ms[39m
[32m[Nest] 7812  - [39m08/14/2026, 3:20:39 PM [32m    LOG[39m [38;5;3m[RouterExplorer] [39m[32mMapped {/api/v1/super-admin/platform-configuration, GET} route[39m[38;5;3m +0ms[39m
[32m[Nest] 7812  - [39m08/14/2026, 3:20:39 PM [32m    LOG[39m [38;5;3m[RouterExplorer] [39m[32mMapped {/api/v1/super-admin/platform-configuration, PATCH} route[39m[38;5;3m +1ms[39m
[32m[Nest] 7812  - [39m08/14/2026, 3:20:39 PM [32m    LOG[39m [38;5;3m[RoutesResolver] [39m[32mClientPortalDashboardController {/api/v1/client-portal/dashboard}:[39m[38;5;3m +0ms[39m
[32m[Nest] 7812  - [39m08/14/2026, 3:20:39 PM [32m    LOG[39m [38;5;3m[RouterExplorer] [39m[32mMapped {/api/v1/client-portal/dashboard, GET} route[39m[38;5;3m +0ms[39m
[32m[Nest] 7812  - [39m08/14/2026, 3:20:39 PM [32m    LOG[39m [38;5;3m[RoutesResolver] [39m[32mClientPortalDeliverablesController {/api/v1/client-portal/deliverables}:[39m[38;5;3m +0ms[39m
[32m[Nest] 7812  - [39m08/14/2026, 3:20:39 PM [32m    LOG[39m [38;5;3m[RouterExplorer] [39m[32mMapped {/api/v1/client-portal/deliverables, GET} route[39m[38;5;3m +0ms[39m
[32m[Nest] 7812  - [39m08/14/2026, 3:20:39 PM [32m    LOG[39m [38;5;3m[RouterExplorer] [39m[32mMapped {/api/v1/client-portal/deliverables/:documentId/decision, POST} route[39m[38;5;3m +0ms[39m
[32m[Nest] 7812  - [39m08/14/2026, 3:20:39 PM [32m    LOG[39m [38;5;3m[RouterExplorer] [39m[32mMapped {/api/v1/client-portal/deliverables/:documentId/download, GET} route[39m[38;5;3m +0ms[39m
[32m[Nest] 7812  - [39m08/14/2026, 3:20:39 PM [32m    LOG[39m [38;5;3m[RoutesResolver] [39m[32mClientPortalNotificationsController {/api/v1/client-portal/notifications}:[39m[38;5;3m +0ms[39m
[32m[Nest] 7812  - [39m08/14/2026, 3:20:39 PM [32m    LOG[39m [38;5;3m[RouterExplorer] [39m[32mMapped {/api/v1/client-portal/notifications, GET} route[39m[38;5;3m +0ms[39m
[32m[Nest] 7812  - [39m08/14/2026, 3:20:39 PM [32m    LOG[39m [38;5;3m[RoutesResolver] [39m[32mClientPortalProfileController {/api/v1/client-portal/profile}:[39m[38;5;3m +1ms[39m
[32m[Nest] 7812  - [39m08/14/2026, 3:20:39 PM [32m    LOG[39m [38;5;3m[RouterExplorer] [39m[32mMapped {/api/v1/client-portal/profile, GET} route[39m[38;5;3m +0ms[39m
[32m[Nest] 7812  - [39m08/14/2026, 3:20:39 PM [32m    LOG[39m [38;5;3m[RouterExplorer] [39m[32mMapped {/api/v1/client-portal/profile, PATCH} route[39m[38;5;3m +0ms[39m
[32m[Nest] 7812  - [39m08/14/2026, 3:20:39 PM [32m    LOG[39m [38;5;3m[RoutesResolver] [39m[32mClientPortalRequestsController {/api/v1/client-portal/requests}:[39m[38;5;3m +0ms[39m
[32m[Nest] 7812  - [39m08/14/2026, 3:20:39 PM [32m    LOG[39m [38;5;3m[RouterExplorer] [39m[32mMapped {/api/v1/client-portal/requests/options, GET} route[39m[38;5;3m +0ms[39m
[32m[Nest] 7812  - [39m08/14/2026, 3:20:39 PM [32m    LOG[39m [38;5;3m[RouterExplorer] [39m[32mMapped {/api/v1/client-portal/requests, POST} route[39m[38;5;3m +0ms[39m
[32m[Nest] 7812  - [39m08/14/2026, 3:20:39 PM [32m    LOG[39m [38;5;3m[RoutesResolver] [39m[32mEmployeeDashboardController {/api/v1/employee/dashboard}:[39m[38;5;3m +0ms[39m
[32m[Nest] 7812  - [39m08/14/2026, 3:20:39 PM [32m    LOG[39m [38;5;3m[RouterExplorer] [39m[32mMapped {/api/v1/employee/dashboard, GET} route[39m[38;5;3m +0ms[39m
[32m[Nest] 7812  - [39m08/14/2026, 3:20:39 PM [32m    LOG[39m [38;5;3m[RoutesResolver] [39m[32mEmployeeDocumentsController {/api/v1/employee/documents}:[39m[38;5;3m +0ms[39m
[32m[Nest] 7812  - [39m08/14/2026, 3:20:39 PM [32m    LOG[39m [38;5;3m[RouterExplorer] [39m[32mMapped {/api/v1/employee/documents/options, GET} route[39m[38;5;3m +0ms[39m
[32m[Nest] 7812  - [39m08/14/2026, 3:20:39 PM [32m    LOG[39m [38;5;3m[RouterExplorer] [39m[32mMapped {/api/v1/employee/documents, GET} route[39m[38;5;3m +0ms[39m
[32m[Nest] 7812  - [39m08/14/2026, 3:20:39 PM [32m    LOG[39m [38;5;3m[RouterExplorer] [39m[32mMapped {/api/v1/employee/documents, POST} route[39m[38;5;3m +1ms[39m
[32m[Nest] 7812  - [39m08/14/2026, 3:20:39 PM [32m    LOG[39m [38;5;3m[RouterExplorer] [39m[32mMapped {/api/v1/employee/documents/upload-url, POST} route[39m[38;5;3m +0ms[39m
[32m[Nest] 7812  - [39m08/14/2026, 3:20:39 PM [32m    LOG[39m [38;5;3m[RouterExplorer] [39m[32mMapped {/api/v1/employee/documents/:documentId/download, GET} route[39m[38;5;3m +0ms[39m
[32m[Nest] 7812  - [39m08/14/2026, 3:20:39 PM [32m    LOG[39m [38;5;3m[RoutesResolver] [39m[32mEmployeeManagerController {/api/v1/employee/manager}:[39m[38;5;3m +0ms[39m
[32m[Nest] 7812  - [39m08/14/2026, 3:20:39 PM [32m    LOG[39m [38;5;3m[RouterExplorer] [39m[32mMapped {/api/v1/employee/manager/clients, GET} route[39m[38;5;3m +0ms[39m
[32m[Nest] 7812  - [39m08/14/2026, 3:20:39 PM [32m    LOG[39m [38;5;3m[RouterExplorer] [39m[32mMapped {/api/v1/employee/manager/task-options, GET} route[39m[38;5;3m +0ms[39m
[32m[Nest] 7812  - [39m08/14/2026, 3:20:39 PM [32m    LOG[39m [38;5;3m[RouterExplorer] [39m[32mMapped {/api/v1/employee/manager/reviews, GET} route[39m[38;5;3m +0ms[39m
[32m[Nest] 7812  - [39m08/14/2026, 3:20:39 PM [32m    LOG[39m [38;5;3m[RouterExplorer] [39m[32mMapped {/api/v1/employee/manager/reviews/:taskId, GET} route[39m[38;5;3m +0ms[39m
[32m[Nest] 7812  - [39m08/14/2026, 3:20:39 PM [32m    LOG[39m [38;5;3m[RouterExplorer] [39m[32mMapped {/api/v1/employee/manager/tasks, POST} route[39m[38;5;3m +0ms[39m
[32m[Nest] 7812  - [39m08/14/2026, 3:20:39 PM [32m    LOG[39m [38;5;3m[RouterExplorer] [39m[32mMapped {/api/v1/employee/manager/reviews/:taskId, POST} route[39m[38;5;3m +0ms[39m
[32m[Nest] 7812  - [39m08/14/2026, 3:20:39 PM [32m    LOG[39m [38;5;3m[RoutesResolver] [39m[32mEmployeeNotificationsController {/api/v1/employee/notifications}:[39m[38;5;3m +0ms[39m
[32m[Nest] 7812  - [39m08/14/2026, 3:20:39 PM [32m    LOG[39m [38;5;3m[RouterExplorer] [39m[32mMapped {/api/v1/employee/notifications, GET} route[39m[38;5;3m +0ms[39m
[32m[Nest] 7812  - [39m08/14/2026, 3:20:39 PM [32m    LOG[39m [38;5;3m[RouterExplorer] [39m[32mMapped {/api/v1/employee/notifications/unread-count, GET} route[39m[38;5;3m +1ms[39m
[32m[Nest] 7812  - [39m08/14/2026, 3:20:39 PM [32m    LOG[39m [38;5;3m[RouterExplorer] [39m[32mMapped {/api/v1/employee/notifications/:notificationId/read, PATCH} route[39m[38;5;3m +0ms[39m
[32m[Nest] 7812  - [39m08/14/2026, 3:20:39 PM [32m    LOG[39m [38;5;3m[RouterExplorer] [39m[32mMapped {/api/v1/employee/notifications/read-all, PATCH} route[39m[38;5;3m +0ms[39m
[32m[Nest] 7812  - [39m08/14/2026, 3:20:39 PM [32m    LOG[39m [38;5;3m[RoutesResolver] [39m[32mEmployeeProfileController {/api/v1/employee/profile}:[39m[38;5;3m +0ms[39m
[32m[Nest] 7812  - [39m08/14/2026, 3:20:39 PM [32m    LOG[39m [38;5;3m[RouterExplorer] [39m[32mMapped {/api/v1/employee/profile, GET} route[39m[38;5;3m +0ms[39m
[32m[Nest] 7812  - [39m08/14/2026, 3:20:39 PM [32m    LOG[39m [38;5;3m[RoutesResolver] [39m[32mEmployeeTasksController {/api/v1/employee}:[39m[38;5;3m +0ms[39m
[32m[Nest] 7812  - [39m08/14/2026, 3:20:39 PM [32m    LOG[39m [38;5;3m[RouterExplorer] [39m[32mMapped {/api/v1/employee/tasks, GET} route[39m[38;5;3m +0ms[39m
[32m[Nest] 7812  - [39m08/14/2026, 3:20:39 PM [32m    LOG[39m [38;5;3m[RouterExplorer] [39m[32mMapped {/api/v1/employee/work-logs, GET} route[39m[38;5;3m +0ms[39m
[32m[Nest] 7812  - [39m08/14/2026, 3:20:39 PM [32m    LOG[39m [38;5;3m[RouterExplorer] [39m[32mMapped {/api/v1/employee/tasks/:taskId/start, POST} route[39m[38;5;3m +0ms[39m
[32m[Nest] 7812  - [39m08/14/2026, 3:20:39 PM [32m    LOG[39m [38;5;3m[RouterExplorer] [39m[32mMapped {/api/v1/employee/tasks/:taskId/pause, POST} route[39m[38;5;3m +0ms[39m
[32m[Nest] 7812  - [39m08/14/2026, 3:20:39 PM [32m    LOG[39m [38;5;3m[RouterExplorer] [39m[32mMapped {/api/v1/employee/tasks/:taskId/resume, POST} route[39m[38;5;3m +1ms[39m
[32m[Nest] 7812  - [39m08/14/2026, 3:20:39 PM [32m    LOG[39m [38;5;3m[RouterExplorer] [39m[32mMapped {/api/v1/employee/tasks/:taskId/submit, POST} route[39m[38;5;3m +0ms[39m
[32m[Nest] 7812  - [39m08/14/2026, 3:20:39 PM [32m    LOG[39m [38;5;3m[RoutesResolver] [39m[32mTenantAdminDashboardController {/api/v1/tenant-admin/dashboard}:[39m[38;5;3m +0ms[39m
[32m[Nest] 7812  - [39m08/14/2026, 3:20:39 PM [32m    LOG[39m [38;5;3m[RouterExplorer] [39m[32mMapped {/api/v1/tenant-admin/dashboard, GET} route[39m[38;5;3m +0ms[39m
[32m[Nest] 7812  - [39m08/14/2026, 3:20:39 PM [32m    LOG[39m [38;5;3m[RouterExplorer] [39m[32mMapped {/api/v1/tenant-admin/dashboard/profile, GET} route[39m[38;5;3m +0ms[39m
[32m[Nest] 7812  - [39m08/14/2026, 3:20:39 PM [32m    LOG[39m [38;5;3m[RouterExplorer] [39m[32mMapped {/api/v1/tenant-admin/dashboard/profile, PATCH} route[39m[38;5;3m +0ms[39m
[32m[Nest] 7812  - [39m08/14/2026, 3:20:39 PM [32m    LOG[39m [38;5;3m[RoutesResolver] [39m[32mTenantAdminClientsController {/api/v1/tenant-admin/clients}:[39m[38;5;3m +1ms[39m
[32m[Nest] 7812  - [39m08/14/2026, 3:20:39 PM [32m    LOG[39m [38;5;3m[RouterExplorer] [39m[32mMapped {/api/v1/tenant-admin/clients, GET} route[39m[38;5;3m +0ms[39m
[32m[Nest] 7812  - [39m08/14/2026, 3:20:39 PM [32m    LOG[39m [38;5;3m[RouterExplorer] [39m[32mMapped {/api/v1/tenant-admin/clients, POST} route[39m[38;5;3m +0ms[39m
[32m[Nest] 7812  - [39m08/14/2026, 3:20:39 PM [32m    LOG[39m [38;5;3m[RouterExplorer] [39m[32mMapped {/api/v1/tenant-admin/clients/:clientRef, GET} route[39m[38;5;3m +0ms[39m
[32m[Nest] 7812  - [39m08/14/2026, 3:20:39 PM [32m    LOG[39m [38;5;3m[RouterExplorer] [39m[32mMapped {/api/v1/tenant-admin/clients/:clientRef, DELETE} route[39m[38;5;3m +1ms[39m
[32m[Nest] 7812  - [39m08/14/2026, 3:20:39 PM [32m    LOG[39m [38;5;3m[RouterExplorer] [39m[32mMapped {/api/v1/tenant-admin/clients/:clientRef/contacts, POST} route[39m[38;5;3m +0ms[39m
[32m[Nest] 7812  - [39m08/14/2026, 3:20:39 PM [32m    LOG[39m [38;5;3m[RouterExplorer] [39m[32mMapped {/api/v1/tenant-admin/clients/:clientRef/contacts/:contactId, PATCH} route[39m[38;5;3m +0ms[39m
[32m[Nest] 7812  - [39m08/14/2026, 3:20:39 PM [32m    LOG[39m [38;5;3m[RoutesResolver] [39m[32mTenantAdminEmployeePerformanceController {/api/v1/tenant-admin/employee-performance}:[39m[38;5;3m +0ms[39m
[32m[Nest] 7812  - [39m08/14/2026, 3:20:39 PM [32m    LOG[39m [38;5;3m[RouterExplorer] [39m[32mMapped {/api/v1/tenant-admin/employee-performance, GET} route[39m[38;5;3m +0ms[39m
[32m[Nest] 7812  - [39m08/14/2026, 3:20:39 PM [32m    LOG[39m [38;5;3m[RouterExplorer] [39m[32mMapped {/api/v1/tenant-admin/employee-performance/:employeeId, GET} route[39m[38;5;3m +1ms[39m
[32m[Nest] 7812  - [39m08/14/2026, 3:20:39 PM [32m    LOG[39m [38;5;3m[RoutesResolver] [39m[32mTenantAdminFinanceController {/api/v1/tenant-admin/finance}:[39m[38;5;3m +0ms[39m
[32m[Nest] 7812  - [39m08/14/2026, 3:20:39 PM [32m    LOG[39m [38;5;3m[RouterExplorer] [39m[32mMapped {/api/v1/tenant-admin/finance/documents, GET} route[39m[38;5;3m +1ms[39m
[32m[Nest] 7812  - [39m08/14/2026, 3:20:39 PM [32m    LOG[39m [38;5;3m[RouterExplorer] [39m[32mMapped {/api/v1/tenant-admin/finance/documents, POST} route[39m[38;5;3m +0ms[39m
[32m[Nest] 7812  - [39m08/14/2026, 3:20:39 PM [32m    LOG[39m [38;5;3m[RouterExplorer] [39m[32mMapped {/api/v1/tenant-admin/finance/documents/upload-url, POST} route[39m[38;5;3m +0ms[39m
[32m[Nest] 7812  - [39m08/14/2026, 3:20:39 PM [32m    LOG[39m [38;5;3m[RouterExplorer] [39m[32mMapped {/api/v1/tenant-admin/finance/documents/:documentId/download, GET} route[39m[38;5;3m +1ms[39m
[32m[Nest] 7812  - [39m08/14/2026, 3:20:39 PM [32m    LOG[39m [38;5;3m[RouterExplorer] [39m[32mMapped {/api/v1/tenant-admin/finance/invoices, GET} route[39m[38;5;3m +0ms[39m
[32m[Nest] 7812  - [39m08/14/2026, 3:20:39 PM [32m    LOG[39m [38;5;3m[RouterExplorer] [39m[32mMapped {/api/v1/tenant-admin/finance/invoices, POST} route[39m[38;5;3m +0ms[39m
[32m[Nest] 7812  - [39m08/14/2026, 3:20:39 PM [32m    LOG[39m [38;5;3m[RouterExplorer] [39m[32mMapped {/api/v1/tenant-admin/finance/billable-tasks, GET} route[39m[38;5;3m +1ms[39m
[32m[Nest] 7812  - [39m08/14/2026, 3:20:39 PM [32m    LOG[39m [38;5;3m[RouterExplorer] [39m[32mMapped {/api/v1/tenant-admin/finance/invoices/from-task, POST} route[39m[38;5;3m +0ms[39m
[32m[Nest] 7812  - [39m08/14/2026, 3:20:39 PM [32m    LOG[39m [38;5;3m[RouterExplorer] [39m[32mMapped {/api/v1/tenant-admin/finance/invoices/:invoiceId/send, POST} route[39m[38;5;3m +1ms[39m
[32m[Nest] 7812  - [39m08/14/2026, 3:20:39 PM [32m    LOG[39m [38;5;3m[RoutesResolver] [39m[32mTenantAdminNotificationsController {/api/v1/tenant-admin/notifications}:[39m[38;5;3m +0ms[39m
[32m[Nest] 7812  - [39m08/14/2026, 3:20:39 PM [32m    LOG[39m [38;5;3m[RouterExplorer] [39m[32mMapped {/api/v1/tenant-admin/notifications, GET} route[39m[38;5;3m +0ms[39m
[32m[Nest] 7812  - [39m08/14/2026, 3:20:39 PM [32m    LOG[39m [38;5;3m[RouterExplorer] [39m[32mMapped {/api/v1/tenant-admin/notifications/unread-count, GET} route[39m[38;5;3m +0ms[39m
[32m[Nest] 7812  - [39m08/14/2026, 3:20:39 PM [32m    LOG[39m [38;5;3m[RouterExplorer] [39m[32mMapped {/api/v1/tenant-admin/notifications/:notificationId/read, PATCH} route[39m[38;5;3m +1ms[39m
[32m[Nest] 7812  - [39m08/14/2026, 3:20:39 PM [32m    LOG[39m [38;5;3m[RouterExplorer] [39m[32mMapped {/api/v1/tenant-admin/notifications/read-all, PATCH} route[39m[38;5;3m +0ms[39m
[32m[Nest] 7812  - [39m08/14/2026, 3:20:39 PM [32m    LOG[39m [38;5;3m[RoutesResolver] [39m[32mTenantAdminServicesController {/api/v1/tenant-admin/services}:[39m[38;5;3m +0ms[39m
[32m[Nest] 7812  - [39m08/14/2026, 3:20:39 PM [32m    LOG[39m [38;5;3m[RouterExplorer] [39m[32mMapped {/api/v1/tenant-admin/services, GET} route[39m[38;5;3m +1ms[39m
[32m[Nest] 7812  - [39m08/14/2026, 3:20:39 PM [32m    LOG[39m [38;5;3m[RouterExplorer] [39m[32mMapped {/api/v1/tenant-admin/services, POST} route[39m[38;5;3m +0ms[39m
[32m[Nest] 7812  - [39m08/14/2026, 3:20:39 PM [32m    LOG[39m [38;5;3m[RoutesResolver] [39m[32mTenantAdminTasksController {/api/v1/tenant-admin/tasks}:[39m[38;5;3m +1ms[39m
[32m[Nest] 7812  - [39m08/14/2026, 3:20:39 PM [32m    LOG[39m [38;5;3m[RouterExplorer] [39m[32mMapped {/api/v1/tenant-admin/tasks/options, GET} route[39m[38;5;3m +1ms[39m
[32m[Nest] 7812  - [39m08/14/2026, 3:20:39 PM [32m    LOG[39m [38;5;3m[RouterExplorer] [39m[32mMapped {/api/v1/tenant-admin/tasks, GET} route[39m[38;5;3m +1ms[39m
[32m[Nest] 7812  - [39m08/14/2026, 3:20:39 PM [32m    LOG[39m [38;5;3m[RouterExplorer] [39m[32mMapped {/api/v1/tenant-admin/tasks/:taskId/review-detail, GET} route[39m[38;5;3m +1ms[39m
[32m[Nest] 7812  - [39m08/14/2026, 3:20:39 PM [32m    LOG[39m [38;5;3m[RouterExplorer] [39m[32mMapped {/api/v1/tenant-admin/tasks, POST} route[39m[38;5;3m +0ms[39m
[32m[Nest] 7812  - [39m08/14/2026, 3:20:39 PM [32m    LOG[39m [38;5;3m[RouterExplorer] [39m[32mMapped {/api/v1/tenant-admin/tasks/:taskId/approval, POST} route[39m[38;5;3m +1ms[39m
[32m[Nest] 7812  - [39m08/14/2026, 3:20:39 PM [32m    LOG[39m [38;5;3m[RouterExplorer] [39m[32mMapped {/api/v1/tenant-admin/tasks/employees, POST} route[39m[38;5;3m +0ms[39m
[32m[Nest] 7812  - [39m08/14/2026, 3:20:39 PM [32m    LOG[39m [38;5;3m[RouterExplorer] [39m[32mMapped {/api/v1/tenant-admin/tasks/employees/email-availability, GET} route[39m[38;5;3m +0ms[39m
[32m[Nest] 7812  - [39m08/14/2026, 3:20:39 PM [32m    LOG[39m [38;5;3m[RouterExplorer] [39m[32mMapped {/api/v1/tenant-admin/tasks/employees, GET} route[39m[38;5;3m +0ms[39m
[32m[Nest] 7812  - [39m08/14/2026, 3:20:39 PM [32m    LOG[39m [38;5;3m[RouterExplorer] [39m[32mMapped {/api/v1/tenant-admin/tasks/departments, GET} route[39m[38;5;3m +0ms[39m
[32m[Nest] 7812  - [39m08/14/2026, 3:20:39 PM [32m    LOG[39m [38;5;3m[RouterExplorer] [39m[32mMapped {/api/v1/tenant-admin/tasks/departments, POST} route[39m[38;5;3m +1ms[39m
[32m[Nest] 7812  - [39m08/14/2026, 3:20:39 PM [32m    LOG[39m [38;5;3m[RouterExplorer] [39m[32mMapped {/api/v1/tenant-admin/tasks/employees/:employeeId/assignment, PATCH} route[39m[38;5;3m +0ms[39m
[32m[Nest] 7812  - [39m08/14/2026, 3:20:39 PM [32m    LOG[39m [38;5;3m[RouterExplorer] [39m[32mMapped {/api/v1/tenant-admin/tasks/employees/:employeeId/manager, PATCH} route[39m[38;5;3m +0ms[39m
[32m[Nest] 7812  - [39m08/14/2026, 3:20:39 PM [32m    LOG[39m [38;5;3m[RouterExplorer] [39m[32mMapped {/api/v1/tenant-admin/tasks/employees/:employeeId/manager, DELETE} route[39m[38;5;3m +0ms[39m
[32m[Nest] 7812  - [39m08/14/2026, 3:20:39 PM [32m    LOG[39m [38;5;3m[RouterExplorer] [39m[32mMapped {/api/v1/tenant-admin/tasks/employees/:employeeId/capacity, PATCH} route[39m[38;5;3m +0ms[39m
[32m[Nest] 7812  - [39m08/14/2026, 3:20:39 PM [32m    LOG[39m [38;5;3m[RouterExplorer] [39m[32mMapped {/api/v1/tenant-admin/tasks/work-groups, GET} route[39m[38;5;3m +0ms[39m
[32m[Nest] 7812  - [39m08/14/2026, 3:20:39 PM [32m    LOG[39m [38;5;3m[RouterExplorer] [39m[32mMapped {/api/v1/tenant-admin/tasks/work-groups, POST} route[39m[38;5;3m +0ms[39m
[32m[Nest] 7812  - [39m08/14/2026, 3:20:39 PM [32m    LOG[39m [38;5;3m[RouterExplorer] [39m[32mMapped {/api/v1/tenant-admin/tasks/work-groups/:workGroupId, PATCH} route[39m[38;5;3m +0ms[39m
[32m[Nest] 7812  - [39m08/14/2026, 3:20:39 PM [32m    LOG[39m [38;5;3m[RoutesResolver] [39m[32mTenantAnalyticsController {/api/v1/super-admin/tenant-analytics}:[39m[38;5;3m +0ms[39m
[32m[Nest] 7812  - [39m08/14/2026, 3:20:39 PM [32m    LOG[39m [38;5;3m[RouterExplorer] [39m[32mMapped {/api/v1/super-admin/tenant-analytics, GET} route[39m[38;5;3m +0ms[39m
[32m[Nest] 7812  - [39m08/14/2026, 3:20:39 PM [32m    LOG[39m [38;5;3m[TaskNotificationOutboxWorker] [39m[32m[Notifications] Task notification worker is running. It checks committed notifications every 500ms.[39m
[32m[Nest] 7812  - [39m08/14/2026, 3:20:39 PM [32m    LOG[39m [38;5;3m[NestApplication] [39m[32mNest application successfully started[39m[38;5;3m +0ms[39m
{"level":30,"time":1786701039699,"service":"SaaS App Backend","environment":"development","msg":"Server listening at http://172.16.0.2:4000"}
{"level":30,"time":1786701039699,"service":"SaaS App Backend","environment":"development","msg":"Server listening at http://192.168.1.29:4000"}
